ISO-10303-21;
HEADER;
FILE_DESCRIPTION(('FreeCAD Model'),'2;1');
FILE_NAME('Open CASCADE Shape Model','2025-11-04T09:14:48',(''),(''),
  'Open CASCADE STEP processor 7.9','FreeCAD','Unknown');
FILE_SCHEMA(('AUTOMOTIVE_DESIGN { 1 0 10303 214 1 1 1 1 }'));
ENDSEC;
DATA;
#1 = APPLICATION_PROTOCOL_DEFINITION('international standard',
  'automotive_design',2000,#2);
#2 = APPLICATION_CONTEXT(
  'core data for automotive mechanical design processes');
#3 = SHAPE_DEFINITION_REPRESENTATION(#4,#10);
#4 = PRODUCT_DEFINITION_SHAPE('','',#5);
#5 = PRODUCT_DEFINITION('design','',#6,#9);
#6 = PRODUCT_DEFINITION_FORMATION('','',#7);
#7 = PRODUCT('Bottom Motor mount','Bottom Motor mount','',(#8));
#8 = PRODUCT_CONTEXT('',#2,'mechanical');
#9 = PRODUCT_DEFINITION_CONTEXT('part definition',#2,'design');
#10 = ADVANCED_BREP_SHAPE_REPRESENTATION('',(#11,#15),#2759);
#11 = AXIS2_PLACEMENT_3D('',#12,#13,#14);
#12 = CARTESIAN_POINT('',(0.,0.,0.));
#13 = DIRECTION('',(0.,0.,1.));
#14 = DIRECTION('',(1.,0.,-0.));
#15 = MANIFOLD_SOLID_BREP('',#16);
#16 = CLOSED_SHELL('',(#17,#137,#176,#200,#474,#542,#566,#631,#721,#745,
    #769,#793,#817,#874,#891,#915,#1034,#1051,#1068,#1085,#1119,#1144,
    #1179,#1239,#1270,#1295,#1326,#1358,#1383,#1400,#1426,#1451,#1476,
    #1538,#1661,#1686,#1711,#1736,#1761,#1786,#1804,#1828,#1862,#1886,
    #1903,#1915,#1939,#1963,#1975,#1992,#2017,#2029,#2054,#2071,#2095,
    #2119,#2136,#2161,#2246,#2258,#2280,#2297,#2314,#2326,#2369,#2389,
    #2407,#2431,#2449,#2469,#2487,#2505,#2525,#2538,#2558,#2598,#2623,
    #2640,#2657,#2674,#2691,#2709,#2734,#2747));
#17 = ADVANCED_FACE('',(#18),#132,.F.);
#18 = FACE_BOUND('',#19,.F.);
#19 = EDGE_LOOP('',(#20,#30,#38,#46,#54,#62,#70,#78,#86,#94,#102,#110,
    #118,#126));
#20 = ORIENTED_EDGE('',*,*,#21,.T.);
#21 = EDGE_CURVE('',#22,#24,#26,.T.);
#22 = VERTEX_POINT('',#23);
#23 = CARTESIAN_POINT('',(31.,5.000000000001E-02,-16.125));
#24 = VERTEX_POINT('',#25);
#25 = CARTESIAN_POINT('',(4.,5.E-02,-16.125));
#26 = LINE('',#27,#28);
#27 = CARTESIAN_POINT('',(10.124999999999,5.E-02,-16.125));
#28 = VECTOR('',#29,1.);
#29 = DIRECTION('',(-1.,0.,1.1E-16));
#30 = ORIENTED_EDGE('',*,*,#31,.T.);
#31 = EDGE_CURVE('',#24,#32,#34,.T.);
#32 = VERTEX_POINT('',#33);
#33 = CARTESIAN_POINT('',(4.,5.E-02,-10.12499999999));
#34 = LINE('',#35,#36);
#35 = CARTESIAN_POINT('',(4.,5.E-02,-16.125));
#36 = VECTOR('',#37,1.);
#37 = DIRECTION('',(1.4E-15,0.,1.));
#38 = ORIENTED_EDGE('',*,*,#39,.T.);
#39 = EDGE_CURVE('',#32,#40,#42,.T.);
#40 = VERTEX_POINT('',#41);
#41 = CARTESIAN_POINT('',(10.124999999999,5.E-02,-10.12499999999));
#42 = LINE('',#43,#44);
#43 = CARTESIAN_POINT('',(4.,5.E-02,-10.12499999999));
#44 = VECTOR('',#45,1.);
#45 = DIRECTION('',(1.,0.,-2.2E-16));
#46 = ORIENTED_EDGE('',*,*,#47,.T.);
#47 = EDGE_CURVE('',#40,#48,#50,.T.);
#48 = VERTEX_POINT('',#49);
#49 = CARTESIAN_POINT('',(10.124999999999,5.E-02,-3.));
#50 = LINE('',#51,#52);
#51 = CARTESIAN_POINT('',(10.124999999999,5.E-02,-10.12499999999));
#52 = VECTOR('',#53,1.);
#53 = DIRECTION('',(1.22E-15,0.,1.));
#54 = ORIENTED_EDGE('',*,*,#55,.F.);
#55 = EDGE_CURVE('',#56,#48,#58,.T.);
#56 = VERTEX_POINT('',#57);
#57 = CARTESIAN_POINT('',(6.374999999999,5.E-02,-3.));
#58 = LINE('',#59,#60);
#59 = CARTESIAN_POINT('',(6.374999999999,5.E-02,-3.));
#60 = VECTOR('',#61,1.);
#61 = DIRECTION('',(1.,0.,-1.E-16));
#62 = ORIENTED_EDGE('',*,*,#63,.F.);
#63 = EDGE_CURVE('',#64,#56,#66,.T.);
#64 = VERTEX_POINT('',#65);
#65 = CARTESIAN_POINT('',(6.374999999999,5.E-02,3.));
#66 = LINE('',#67,#68);
#67 = CARTESIAN_POINT('',(6.374999999999,5.E-02,3.));
#68 = VECTOR('',#69,1.);
#69 = DIRECTION('',(-2.2E-16,-0.,-1.));
#70 = ORIENTED_EDGE('',*,*,#71,.F.);
#71 = EDGE_CURVE('',#72,#64,#74,.T.);
#72 = VERTEX_POINT('',#73);
#73 = CARTESIAN_POINT('',(10.124999999999,5.E-02,3.));
#74 = LINE('',#75,#76);
#75 = CARTESIAN_POINT('',(10.124999999999,5.E-02,3.));
#76 = VECTOR('',#77,1.);
#77 = DIRECTION('',(-1.,0.,3.4E-16));
#78 = ORIENTED_EDGE('',*,*,#79,.T.);
#79 = EDGE_CURVE('',#72,#80,#82,.T.);
#80 = VERTEX_POINT('',#81);
#81 = CARTESIAN_POINT('',(10.124999999999,5.E-02,10.125000000001));
#82 = LINE('',#83,#84);
#83 = CARTESIAN_POINT('',(10.124999999999,5.E-02,3.));
#84 = VECTOR('',#85,1.);
#85 = DIRECTION('',(2.2E-16,0.,1.));
#86 = ORIENTED_EDGE('',*,*,#87,.T.);
#87 = EDGE_CURVE('',#80,#88,#90,.T.);
#88 = VERTEX_POINT('',#89);
#89 = CARTESIAN_POINT('',(3.,5.E-02,10.125000000001));
#90 = LINE('',#91,#92);
#91 = CARTESIAN_POINT('',(10.124999999999,5.E-02,10.125000000001));
#92 = VECTOR('',#93,1.);
#93 = DIRECTION('',(-1.,0.,2.2E-16));
#94 = ORIENTED_EDGE('',*,*,#95,.F.);
#95 = EDGE_CURVE('',#96,#88,#98,.T.);
#96 = VERTEX_POINT('',#97);
#97 = CARTESIAN_POINT('',(3.,5.E-02,6.374999999999));
#98 = LINE('',#99,#100);
#99 = CARTESIAN_POINT('',(3.,5.E-02,6.374999999999));
#100 = VECTOR('',#101,1.);
#101 = DIRECTION('',(2.2E-16,0.,1.));
#102 = ORIENTED_EDGE('',*,*,#103,.F.);
#103 = EDGE_CURVE('',#104,#96,#106,.T.);
#104 = VERTEX_POINT('',#105);
#105 = CARTESIAN_POINT('',(-3.,5.E-02,6.374999999999));
#106 = LINE('',#107,#108);
#107 = CARTESIAN_POINT('',(-3.,5.E-02,6.374999999999));
#108 = VECTOR('',#109,1.);
#109 = DIRECTION('',(1.,0.,-2.2E-16));
#110 = ORIENTED_EDGE('',*,*,#111,.F.);
#111 = EDGE_CURVE('',#112,#104,#114,.T.);
#112 = VERTEX_POINT('',#113);
#113 = CARTESIAN_POINT('',(-3.,5.E-02,16.124999999999));
#114 = LINE('',#115,#116);
#115 = CARTESIAN_POINT('',(-3.,5.E-02,16.124999999999));
#116 = VECTOR('',#117,1.);
#117 = DIRECTION('',(-2.2E-16,-0.,-1.));
#118 = ORIENTED_EDGE('',*,*,#119,.F.);
#119 = EDGE_CURVE('',#120,#112,#122,.T.);
#120 = VERTEX_POINT('',#121);
#121 = CARTESIAN_POINT('',(31.,5.000000000001E-02,16.124999999999));
#122 = LINE('',#123,#124);
#123 = CARTESIAN_POINT('',(34.,5.E-02,16.124999999999));
#124 = VECTOR('',#125,1.);
#125 = DIRECTION('',(-1.,0.,1.1E-16));
#126 = ORIENTED_EDGE('',*,*,#127,.F.);
#127 = EDGE_CURVE('',#22,#120,#128,.T.);
#128 = LINE('',#129,#130);
#129 = CARTESIAN_POINT('',(31.,5.000000000001E-02,-16.125));
#130 = VECTOR('',#131,1.);
#131 = DIRECTION('',(9.9E-16,0.,1.));
#132 = PLANE('',#133);
#133 = AXIS2_PLACEMENT_3D('',#134,#135,#136);
#134 = CARTESIAN_POINT('',(15.568156108597,5.000000000001E-02,
    1.346153846153));
#135 = DIRECTION('',(0.,1.,0.));
#136 = DIRECTION('',(2.2E-16,0.,1.));
#137 = ADVANCED_FACE('',(#138),#171,.T.);
#138 = FACE_BOUND('',#139,.T.);
#139 = EDGE_LOOP('',(#140,#148,#156,#164,#170));
#140 = ORIENTED_EDGE('',*,*,#141,.F.);
#141 = EDGE_CURVE('',#142,#24,#144,.T.);
#142 = VERTEX_POINT('',#143);
#143 = CARTESIAN_POINT('',(4.,17.05,-16.125));
#144 = LINE('',#145,#146);
#145 = CARTESIAN_POINT('',(4.,20.05,-16.125));
#146 = VECTOR('',#147,1.);
#147 = DIRECTION('',(0.,-1.,0.));
#148 = ORIENTED_EDGE('',*,*,#149,.T.);
#149 = EDGE_CURVE('',#142,#150,#152,.T.);
#150 = VERTEX_POINT('',#151);
#151 = CARTESIAN_POINT('',(34.,17.05,-16.125));
#152 = LINE('',#153,#154);
#153 = CARTESIAN_POINT('',(4.,17.05,-16.125));
#154 = VECTOR('',#155,1.);
#155 = DIRECTION('',(1.,0.,-1.1E-16));
#156 = ORIENTED_EDGE('',*,*,#157,.T.);
#157 = EDGE_CURVE('',#150,#158,#160,.T.);
#158 = VERTEX_POINT('',#159);
#159 = CARTESIAN_POINT('',(34.,3.05,-16.125));
#160 = LINE('',#161,#162);
#161 = CARTESIAN_POINT('',(34.,20.05,-16.125));
#162 = VECTOR('',#163,1.);
#163 = DIRECTION('',(0.,-1.,0.));
#164 = ORIENTED_EDGE('',*,*,#165,.F.);
#165 = EDGE_CURVE('',#22,#158,#166,.T.);
#166 = LINE('',#167,#168);
#167 = CARTESIAN_POINT('',(31.25,0.3,-16.125));
#168 = VECTOR('',#169,1.);
#169 = DIRECTION('',(0.707106781187,0.707106781187,-1.6E-16));
#170 = ORIENTED_EDGE('',*,*,#21,.T.);
#171 = PLANE('',#172);
#172 = AXIS2_PLACEMENT_3D('',#173,#174,#175);
#173 = CARTESIAN_POINT('',(19.,10.05,-16.125));
#174 = DIRECTION('',(-2.2E-16,-0.,-1.));
#175 = DIRECTION('',(1.,0.,-2.2E-16));
#176 = ADVANCED_FACE('',(#177),#195,.F.);
#177 = FACE_BOUND('',#178,.F.);
#178 = EDGE_LOOP('',(#179,#180,#181,#189));
#179 = ORIENTED_EDGE('',*,*,#165,.F.);
#180 = ORIENTED_EDGE('',*,*,#127,.T.);
#181 = ORIENTED_EDGE('',*,*,#182,.T.);
#182 = EDGE_CURVE('',#120,#183,#185,.T.);
#183 = VERTEX_POINT('',#184);
#184 = CARTESIAN_POINT('',(34.,3.05,16.124999999999));
#185 = LINE('',#186,#187);
#186 = CARTESIAN_POINT('',(30.375,-0.575,16.124999999999));
#187 = VECTOR('',#188,1.);
#188 = DIRECTION('',(0.707106781187,0.707106781187,-1.6E-16));
#189 = ORIENTED_EDGE('',*,*,#190,.F.);
#190 = EDGE_CURVE('',#158,#183,#191,.T.);
#191 = LINE('',#192,#193);
#192 = CARTESIAN_POINT('',(34.,3.05,-16.125));
#193 = VECTOR('',#194,1.);
#194 = DIRECTION('',(9.9E-16,0.,1.));
#195 = PLANE('',#196);
#196 = AXIS2_PLACEMENT_3D('',#197,#198,#199);
#197 = CARTESIAN_POINT('',(32.5,1.55,-16.125));
#198 = DIRECTION('',(-0.707106781187,0.707106781187,6.4E-16));
#199 = DIRECTION('',(9.525483399594E-16,4.745166004061E-17,1.));
#200 = ADVANCED_FACE('',(#201,#336,#347,#358,#414,#425,#436,#447,#458),
  #469,.T.);
#201 = FACE_BOUND('',#202,.T.);
#202 = EDGE_LOOP('',(#203,#213,#219,#220,#221,#229,#237,#245,#253,#262,
    #270,#278,#287,#296,#304,#313,#322,#330));
#203 = ORIENTED_EDGE('',*,*,#204,.F.);
#204 = EDGE_CURVE('',#205,#207,#209,.T.);
#205 = VERTEX_POINT('',#206);
#206 = CARTESIAN_POINT('',(4.,20.05,-19.125));
#207 = VERTEX_POINT('',#208);
#208 = CARTESIAN_POINT('',(4.,20.05,-26.15));
#209 = LINE('',#210,#211);
#210 = CARTESIAN_POINT('',(4.,20.05,-21.15));
#211 = VECTOR('',#212,1.);
#212 = DIRECTION('',(-4.4E-16,0.,-1.));
#213 = ORIENTED_EDGE('',*,*,#214,.T.);
#214 = EDGE_CURVE('',#205,#142,#215,.T.);
#215 = LINE('',#216,#217);
#216 = CARTESIAN_POINT('',(4.,19.280028820774,-18.35502882077));
#217 = VECTOR('',#218,1.);
#218 = DIRECTION('',(4.9E-16,-0.707106781187,0.707106781187));
#219 = ORIENTED_EDGE('',*,*,#141,.T.);
#220 = ORIENTED_EDGE('',*,*,#31,.T.);
#221 = ORIENTED_EDGE('',*,*,#222,.F.);
#222 = EDGE_CURVE('',#223,#32,#225,.T.);
#223 = VERTEX_POINT('',#224);
#224 = CARTESIAN_POINT('',(4.,20.05,-10.12499999999));
#225 = LINE('',#226,#227);
#226 = CARTESIAN_POINT('',(4.,20.05,-10.12499999999));
#227 = VECTOR('',#228,1.);
#228 = DIRECTION('',(0.,-1.,0.));
#229 = ORIENTED_EDGE('',*,*,#230,.F.);
#230 = EDGE_CURVE('',#231,#223,#233,.T.);
#231 = VERTEX_POINT('',#232);
#232 = CARTESIAN_POINT('',(4.,20.05,10.125000000001));
#233 = LINE('',#234,#235);
#234 = CARTESIAN_POINT('',(4.,20.05,-21.15));
#235 = VECTOR('',#236,1.);
#236 = DIRECTION('',(-4.4E-16,0.,-1.));
#237 = ORIENTED_EDGE('',*,*,#238,.F.);
#238 = EDGE_CURVE('',#239,#231,#241,.T.);
#239 = VERTEX_POINT('',#240);
#240 = CARTESIAN_POINT('',(4.,20.05,13.124999999999));
#241 = LINE('',#242,#243);
#242 = CARTESIAN_POINT('',(4.,20.05,-21.15));
#243 = VECTOR('',#244,1.);
#244 = DIRECTION('',(-4.4E-16,0.,-1.));
#245 = ORIENTED_EDGE('',*,*,#246,.T.);
#246 = EDGE_CURVE('',#239,#247,#249,.T.);
#247 = VERTEX_POINT('',#248);
#248 = CARTESIAN_POINT('',(4.,21.034454139181,13.124999999999));
#249 = LINE('',#250,#251);
#250 = CARTESIAN_POINT('',(4.,28.158207129043,13.124999999999));
#251 = VECTOR('',#252,1.);
#252 = DIRECTION('',(0.,1.,0.));
#253 = ORIENTED_EDGE('',*,*,#254,.F.);
#254 = EDGE_CURVE('',#255,#247,#257,.T.);
#255 = VERTEX_POINT('',#256);
#256 = CARTESIAN_POINT('',(4.,34.755197838598,26.15));
#257 = CIRCLE('',#258,9.5);
#258 = AXIS2_PLACEMENT_3D('',#259,#260,#261);
#259 = CARTESIAN_POINT('',(4.,28.5,19.));
#260 = DIRECTION('',(-1.,0.,2.2E-16));
#261 = DIRECTION('',(2.2E-16,0.,1.));
#262 = ORIENTED_EDGE('',*,*,#263,.F.);
#263 = EDGE_CURVE('',#264,#255,#266,.T.);
#264 = VERTEX_POINT('',#265);
#265 = CARTESIAN_POINT('',(4.,60.15,26.15));
#266 = LINE('',#267,#268);
#267 = CARTESIAN_POINT('',(4.,51.57017812754,26.15));
#268 = VECTOR('',#269,1.);
#269 = DIRECTION('',(0.,-1.,0.));
#270 = ORIENTED_EDGE('',*,*,#271,.F.);
#271 = EDGE_CURVE('',#272,#264,#274,.T.);
#272 = VERTEX_POINT('',#273);
#273 = CARTESIAN_POINT('',(4.,60.15,24.810254037844));
#274 = LINE('',#275,#276);
#275 = CARTESIAN_POINT('',(4.,60.15,11.037040707367));
#276 = VECTOR('',#277,1.);
#277 = DIRECTION('',(5.5E-16,0.,1.));
#278 = ORIENTED_EDGE('',*,*,#279,.T.);
#279 = EDGE_CURVE('',#272,#280,#282,.T.);
#280 = VERTEX_POINT('',#281);
#281 = CARTESIAN_POINT('',(4.,62.65,20.480127018922));
#282 = CIRCLE('',#283,5.);
#283 = AXIS2_PLACEMENT_3D('',#284,#285,#286);
#284 = CARTESIAN_POINT('',(4.,65.15,24.810254037844));
#285 = DIRECTION('',(1.,0.,-1.44E-15));
#286 = DIRECTION('',(-1.44E-15,0.,-1.));
#287 = ORIENTED_EDGE('',*,*,#288,.F.);
#288 = EDGE_CURVE('',#289,#280,#291,.T.);
#289 = VERTEX_POINT('',#290);
#290 = CARTESIAN_POINT('',(4.,65.15,16.15));
#291 = CIRCLE('',#292,5.);
#292 = AXIS2_PLACEMENT_3D('',#293,#294,#295);
#293 = CARTESIAN_POINT('',(4.,60.15,16.15));
#294 = DIRECTION('',(1.,0.,-4.4E-16));
#295 = DIRECTION('',(-4.4E-16,0.,-1.));
#296 = ORIENTED_EDGE('',*,*,#297,.F.);
#297 = EDGE_CURVE('',#298,#289,#300,.T.);
#298 = VERTEX_POINT('',#299);
#299 = CARTESIAN_POINT('',(4.,65.15,-16.15));
#300 = LINE('',#301,#302);
#301 = CARTESIAN_POINT('',(4.,65.15,6.660616376389));
#302 = VECTOR('',#303,1.);
#303 = DIRECTION('',(3.3E-16,0.,1.));
#304 = ORIENTED_EDGE('',*,*,#305,.T.);
#305 = EDGE_CURVE('',#298,#306,#308,.T.);
#306 = VERTEX_POINT('',#307);
#307 = CARTESIAN_POINT('',(4.,62.65,-20.48012701892));
#308 = CIRCLE('',#309,5.);
#309 = AXIS2_PLACEMENT_3D('',#310,#311,#312);
#310 = CARTESIAN_POINT('',(4.,60.15,-16.15));
#311 = DIRECTION('',(-1.,0.,4.4E-16));
#312 = DIRECTION('',(-4.4E-16,0.,-1.));
#313 = ORIENTED_EDGE('',*,*,#314,.T.);
#314 = EDGE_CURVE('',#306,#315,#317,.T.);
#315 = VERTEX_POINT('',#316);
#316 = CARTESIAN_POINT('',(4.,60.15,-24.81025403784));
#317 = CIRCLE('',#318,5.);
#318 = AXIS2_PLACEMENT_3D('',#319,#320,#321);
#319 = CARTESIAN_POINT('',(4.,65.15,-24.81025403784));
#320 = DIRECTION('',(1.,0.,-1.11E-15));
#321 = DIRECTION('',(-1.11E-15,0.,-1.));
#322 = ORIENTED_EDGE('',*,*,#323,.T.);
#323 = EDGE_CURVE('',#315,#324,#326,.T.);
#324 = VERTEX_POINT('',#325);
#325 = CARTESIAN_POINT('',(4.,60.15,-26.15));
#326 = LINE('',#327,#328);
#327 = CARTESIAN_POINT('',(4.,60.15,-21.15));
#328 = VECTOR('',#329,1.);
#329 = DIRECTION('',(-1.1E-16,0.,-1.));
#330 = ORIENTED_EDGE('',*,*,#331,.F.);
#331 = EDGE_CURVE('',#207,#324,#332,.T.);
#332 = LINE('',#333,#334);
#333 = CARTESIAN_POINT('',(4.,20.05,-26.15));
#334 = VECTOR('',#335,1.);
#335 = DIRECTION('',(0.,1.,0.));
#336 = FACE_BOUND('',#337,.T.);
#337 = EDGE_LOOP('',(#338));
#338 = ORIENTED_EDGE('',*,*,#339,.F.);
#339 = EDGE_CURVE('',#340,#340,#342,.T.);
#340 = VERTEX_POINT('',#341);
#341 = CARTESIAN_POINT('',(4.,28.5,-12.5));
#342 = CIRCLE('',#343,3.);
#343 = AXIS2_PLACEMENT_3D('',#344,#345,#346);
#344 = CARTESIAN_POINT('',(4.,28.5,-15.5));
#345 = DIRECTION('',(-1.,0.,3.3E-16));
#346 = DIRECTION('',(3.3E-16,0.,1.));
#347 = FACE_BOUND('',#348,.T.);
#348 = EDGE_LOOP('',(#349));
#349 = ORIENTED_EDGE('',*,*,#350,.F.);
#350 = EDGE_CURVE('',#351,#351,#353,.T.);
#351 = VERTEX_POINT('',#352);
#352 = CARTESIAN_POINT('',(4.,24.,9.35));
#353 = CIRCLE('',#354,2.35);
#354 = AXIS2_PLACEMENT_3D('',#355,#356,#357);
#355 = CARTESIAN_POINT('',(4.,24.,7.));
#356 = DIRECTION('',(-1.,0.,3.3E-16));
#357 = DIRECTION('',(3.3E-16,0.,1.));
#358 = FACE_BOUND('',#359,.T.);
#359 = EDGE_LOOP('',(#360,#371,#380,#389,#398,#407));
#360 = ORIENTED_EDGE('',*,*,#361,.F.);
#361 = EDGE_CURVE('',#362,#364,#366,.T.);
#362 = VERTEX_POINT('',#363);
#363 = CARTESIAN_POINT('',(4.,34.227682807229,-6.524133404818));
#364 = VERTEX_POINT('',#365);
#365 = CARTESIAN_POINT('',(4.,22.85,-6.632493194187));
#366 = CIRCLE('',#367,7.);
#367 = AXIS2_PLACEMENT_3D('',#368,#369,#370);
#368 = CARTESIAN_POINT('',(4.,28.5,-2.5));
#369 = DIRECTION('',(-1.,0.,1.1E-16));
#370 = DIRECTION('',(1.1E-16,0.,1.));
#371 = ORIENTED_EDGE('',*,*,#372,.F.);
#372 = EDGE_CURVE('',#373,#362,#375,.T.);
#373 = VERTEX_POINT('',#374);
#374 = CARTESIAN_POINT('',(4.,44.,11.75));
#375 = CIRCLE('',#376,11.75);
#376 = AXIS2_PLACEMENT_3D('',#377,#378,#379);
#377 = CARTESIAN_POINT('',(4.,44.,4.973799150321E-14));
#378 = DIRECTION('',(-1.,0.,2.2E-16));
#379 = DIRECTION('',(2.2E-16,0.,1.));
#380 = ORIENTED_EDGE('',*,*,#381,.F.);
#381 = EDGE_CURVE('',#382,#373,#384,.T.);
#382 = VERTEX_POINT('',#383);
#383 = CARTESIAN_POINT('',(4.,32.672038288106,3.120862613744));
#384 = CIRCLE('',#385,11.75);
#385 = AXIS2_PLACEMENT_3D('',#386,#387,#388);
#386 = CARTESIAN_POINT('',(4.,44.,4.973799150321E-14));
#387 = DIRECTION('',(-1.,0.,2.2E-16));
#388 = DIRECTION('',(2.2E-16,0.,1.));
#389 = ORIENTED_EDGE('',*,*,#390,.F.);
#390 = EDGE_CURVE('',#391,#382,#393,.T.);
#391 = VERTEX_POINT('',#392);
#392 = CARTESIAN_POINT('',(4.,28.5,4.5));
#393 = CIRCLE('',#394,7.);
#394 = AXIS2_PLACEMENT_3D('',#395,#396,#397);
#395 = CARTESIAN_POINT('',(4.,28.5,-2.5));
#396 = DIRECTION('',(-1.,0.,1.1E-16));
#397 = DIRECTION('',(1.1E-16,0.,1.));
#398 = ORIENTED_EDGE('',*,*,#399,.F.);
#399 = EDGE_CURVE('',#400,#391,#402,.T.);
#400 = VERTEX_POINT('',#401);
#401 = CARTESIAN_POINT('',(4.,22.85,1.632493194187));
#402 = CIRCLE('',#403,7.);
#403 = AXIS2_PLACEMENT_3D('',#404,#405,#406);
#404 = CARTESIAN_POINT('',(4.,28.5,-2.5));
#405 = DIRECTION('',(-1.,0.,1.1E-16));
#406 = DIRECTION('',(1.1E-16,0.,1.));
#407 = ORIENTED_EDGE('',*,*,#408,.F.);
#408 = EDGE_CURVE('',#364,#400,#409,.T.);
#409 = CIRCLE('',#410,7.);
#410 = AXIS2_PLACEMENT_3D('',#411,#412,#413);
#411 = CARTESIAN_POINT('',(4.,28.5,-2.5));
#412 = DIRECTION('',(-1.,0.,3.3E-16));
#413 = DIRECTION('',(3.3E-16,0.,1.));
#414 = FACE_BOUND('',#415,.T.);
#415 = EDGE_LOOP('',(#416));
#416 = ORIENTED_EDGE('',*,*,#417,.F.);
#417 = EDGE_CURVE('',#418,#418,#420,.T.);
#418 = VERTEX_POINT('',#419);
#419 = CARTESIAN_POINT('',(4.,44.,-16.9));
#420 = CIRCLE('',#421,2.35);
#421 = AXIS2_PLACEMENT_3D('',#422,#423,#424);
#422 = CARTESIAN_POINT('',(4.,44.,-19.25));
#423 = DIRECTION('',(-1.,0.,3.3E-16));
#424 = DIRECTION('',(3.3E-16,0.,1.));
#425 = FACE_BOUND('',#426,.T.);
#426 = EDGE_LOOP('',(#427));
#427 = ORIENTED_EDGE('',*,*,#428,.F.);
#428 = EDGE_CURVE('',#429,#429,#431,.T.);
#429 = VERTEX_POINT('',#430);
#430 = CARTESIAN_POINT('',(4.,59.5,-12.5));
#431 = CIRCLE('',#432,3.);
#432 = AXIS2_PLACEMENT_3D('',#433,#434,#435);
#433 = CARTESIAN_POINT('',(4.,59.5,-15.5));
#434 = DIRECTION('',(-1.,0.,3.3E-16));
#435 = DIRECTION('',(3.3E-16,0.,1.));
#436 = FACE_BOUND('',#437,.T.);
#437 = EDGE_LOOP('',(#438));
#438 = ORIENTED_EDGE('',*,*,#439,.F.);
#439 = EDGE_CURVE('',#440,#440,#442,.T.);
#440 = VERTEX_POINT('',#441);
#441 = CARTESIAN_POINT('',(4.,44.,19.6));
#442 = CIRCLE('',#443,2.35);
#443 = AXIS2_PLACEMENT_3D('',#444,#445,#446);
#444 = CARTESIAN_POINT('',(4.,44.,17.25));
#445 = DIRECTION('',(-1.,0.,3.3E-16));
#446 = DIRECTION('',(3.3E-16,0.,1.));
#447 = FACE_BOUND('',#448,.T.);
#448 = EDGE_LOOP('',(#449));
#449 = ORIENTED_EDGE('',*,*,#450,.F.);
#450 = EDGE_CURVE('',#451,#451,#453,.T.);
#451 = VERTEX_POINT('',#452);
#452 = CARTESIAN_POINT('',(4.,60.25,2.35));
#453 = CIRCLE('',#454,2.35);
#454 = AXIS2_PLACEMENT_3D('',#455,#456,#457);
#455 = CARTESIAN_POINT('',(4.,60.25,6.394884621841E-14));
#456 = DIRECTION('',(-1.,0.,3.3E-16));
#457 = DIRECTION('',(3.3E-16,0.,1.));
#458 = FACE_BOUND('',#459,.T.);
#459 = EDGE_LOOP('',(#460));
#460 = ORIENTED_EDGE('',*,*,#461,.F.);
#461 = EDGE_CURVE('',#462,#462,#464,.T.);
#462 = VERTEX_POINT('',#463);
#463 = CARTESIAN_POINT('',(4.,59.5,18.5));
#464 = CIRCLE('',#465,3.);
#465 = AXIS2_PLACEMENT_3D('',#466,#467,#468);
#466 = CARTESIAN_POINT('',(4.,59.5,15.5));
#467 = DIRECTION('',(-1.,0.,3.3E-16));
#468 = DIRECTION('',(3.3E-16,0.,1.));
#469 = PLANE('',#470);
#470 = AXIS2_PLACEMENT_3D('',#471,#472,#473);
#471 = CARTESIAN_POINT('',(4.,36.266414258086,-2.82870102501));
#472 = DIRECTION('',(-1.,0.,6.8E-16));
#473 = DIRECTION('',(6.8E-16,0.,1.));
#474 = ADVANCED_FACE('',(#475,#517),#537,.T.);
#475 = FACE_BOUND('',#476,.T.);
#476 = EDGE_LOOP('',(#477,#485,#493,#501,#509,#515,#516));
#477 = ORIENTED_EDGE('',*,*,#478,.F.);
#478 = EDGE_CURVE('',#479,#183,#481,.T.);
#479 = VERTEX_POINT('',#480);
#480 = CARTESIAN_POINT('',(34.,17.05,16.124999999999));
#481 = LINE('',#482,#483);
#482 = CARTESIAN_POINT('',(34.,20.05,16.124999999999));
#483 = VECTOR('',#484,1.);
#484 = DIRECTION('',(0.,-1.,0.));
#485 = ORIENTED_EDGE('',*,*,#486,.T.);
#486 = EDGE_CURVE('',#479,#487,#489,.T.);
#487 = VERTEX_POINT('',#488);
#488 = CARTESIAN_POINT('',(5.5,17.05,16.124999999999));
#489 = LINE('',#490,#491);
#490 = CARTESIAN_POINT('',(34.,17.05,16.124999999999));
#491 = VECTOR('',#492,1.);
#492 = DIRECTION('',(-1.,0.,1.1E-16));
#493 = ORIENTED_EDGE('',*,*,#494,.F.);
#494 = EDGE_CURVE('',#495,#487,#497,.T.);
#495 = VERTEX_POINT('',#496);
#496 = CARTESIAN_POINT('',(-3.,17.05,16.124999999999));
#497 = LINE('',#498,#499);
#498 = CARTESIAN_POINT('',(-3.,17.05,16.124999999999));
#499 = VECTOR('',#500,1.);
#500 = DIRECTION('',(1.,0.,-3.3E-16));
#501 = ORIENTED_EDGE('',*,*,#502,.T.);
#502 = EDGE_CURVE('',#495,#503,#505,.T.);
#503 = VERTEX_POINT('',#504);
#504 = CARTESIAN_POINT('',(-3.,10.05,16.124999999999));
#505 = LINE('',#506,#507);
#506 = CARTESIAN_POINT('',(-3.,20.05,16.124999999999));
#507 = VECTOR('',#508,1.);
#508 = DIRECTION('',(0.,-1.,0.));
#509 = ORIENTED_EDGE('',*,*,#510,.T.);
#510 = EDGE_CURVE('',#503,#112,#511,.T.);
#511 = LINE('',#512,#513);
#512 = CARTESIAN_POINT('',(-3.,20.05,16.124999999999));
#513 = VECTOR('',#514,1.);
#514 = DIRECTION('',(0.,-1.,0.));
#515 = ORIENTED_EDGE('',*,*,#119,.F.);
#516 = ORIENTED_EDGE('',*,*,#182,.T.);
#517 = FACE_BOUND('',#518,.T.);
#518 = EDGE_LOOP('',(#519,#530));
#519 = ORIENTED_EDGE('',*,*,#520,.F.);
#520 = EDGE_CURVE('',#521,#523,#525,.T.);
#521 = VERTEX_POINT('',#522);
#522 = CARTESIAN_POINT('',(-3.,10.05,16.124999999999));
#523 = VERTEX_POINT('',#524);
#524 = CARTESIAN_POINT('',(3.,10.05,16.124999999999));
#525 = CIRCLE('',#526,3.);
#526 = AXIS2_PLACEMENT_3D('',#527,#528,#529);
#527 = CARTESIAN_POINT('',(-1.421E-14,10.05,16.124999999999));
#528 = DIRECTION('',(1.1E-16,-0.,1.));
#529 = DIRECTION('',(1.,0.,-1.1E-16));
#530 = ORIENTED_EDGE('',*,*,#531,.F.);
#531 = EDGE_CURVE('',#523,#521,#532,.T.);
#532 = CIRCLE('',#533,3.);
#533 = AXIS2_PLACEMENT_3D('',#534,#535,#536);
#534 = CARTESIAN_POINT('',(-1.421E-14,10.05,16.124999999999));
#535 = DIRECTION('',(1.1E-16,-0.,1.));
#536 = DIRECTION('',(1.,0.,-1.1E-16));
#537 = PLANE('',#538);
#538 = AXIS2_PLACEMENT_3D('',#539,#540,#541);
#539 = CARTESIAN_POINT('',(15.5,10.05,16.124999999999));
#540 = DIRECTION('',(2.2E-16,0.,1.));
#541 = DIRECTION('',(-1.,0.,2.2E-16));
#542 = ADVANCED_FACE('',(#543),#561,.T.);
#543 = FACE_BOUND('',#544,.T.);
#544 = EDGE_LOOP('',(#545,#546,#547,#555));
#545 = ORIENTED_EDGE('',*,*,#222,.T.);
#546 = ORIENTED_EDGE('',*,*,#39,.T.);
#547 = ORIENTED_EDGE('',*,*,#548,.F.);
#548 = EDGE_CURVE('',#549,#40,#551,.T.);
#549 = VERTEX_POINT('',#550);
#550 = CARTESIAN_POINT('',(10.124999999999,20.05,-10.12499999999));
#551 = LINE('',#552,#553);
#552 = CARTESIAN_POINT('',(10.124999999999,20.05,-10.12499999999));
#553 = VECTOR('',#554,1.);
#554 = DIRECTION('',(0.,-1.,0.));
#555 = ORIENTED_EDGE('',*,*,#556,.F.);
#556 = EDGE_CURVE('',#223,#549,#557,.T.);
#557 = LINE('',#558,#559);
#558 = CARTESIAN_POINT('',(4.,20.05,-10.12499999999));
#559 = VECTOR('',#560,1.);
#560 = DIRECTION('',(1.,0.,-2.2E-16));
#561 = PLANE('',#562);
#562 = AXIS2_PLACEMENT_3D('',#563,#564,#565);
#563 = CARTESIAN_POINT('',(4.,20.05,-10.12499999999));
#564 = DIRECTION('',(1.1E-16,0.,1.));
#565 = DIRECTION('',(1.,0.,-1.1E-16));
#566 = ADVANCED_FACE('',(#567),#626,.F.);
#567 = FACE_BOUND('',#568,.F.);
#568 = EDGE_LOOP('',(#569,#577,#578,#579,#580,#588,#596,#604,#612,#620)
  );
#569 = ORIENTED_EDGE('',*,*,#570,.F.);
#570 = EDGE_CURVE('',#495,#571,#573,.T.);
#571 = VERTEX_POINT('',#572);
#572 = CARTESIAN_POINT('',(-3.,20.05,13.124999999999));
#573 = LINE('',#574,#575);
#574 = CARTESIAN_POINT('',(-3.,17.05,16.124999999999));
#575 = VECTOR('',#576,1.);
#576 = DIRECTION('',(-1.6E-16,0.707106781187,-0.707106781187));
#577 = ORIENTED_EDGE('',*,*,#502,.T.);
#578 = ORIENTED_EDGE('',*,*,#510,.T.);
#579 = ORIENTED_EDGE('',*,*,#111,.T.);
#580 = ORIENTED_EDGE('',*,*,#581,.F.);
#581 = EDGE_CURVE('',#582,#104,#584,.T.);
#582 = VERTEX_POINT('',#583);
#583 = CARTESIAN_POINT('',(-3.,6.8,6.374999999999));
#584 = LINE('',#585,#586);
#585 = CARTESIAN_POINT('',(-3.,20.05,6.374999999999));
#586 = VECTOR('',#587,1.);
#587 = DIRECTION('',(0.,-1.,0.));
#588 = ORIENTED_EDGE('',*,*,#589,.T.);
#589 = EDGE_CURVE('',#582,#590,#592,.T.);
#590 = VERTEX_POINT('',#591);
#591 = CARTESIAN_POINT('',(-3.,6.8,10.125000000001));
#592 = LINE('',#593,#594);
#593 = CARTESIAN_POINT('',(-3.,6.8,-3.));
#594 = VECTOR('',#595,1.);
#595 = DIRECTION('',(2.2E-16,0.,1.));
#596 = ORIENTED_EDGE('',*,*,#597,.T.);
#597 = EDGE_CURVE('',#590,#598,#600,.T.);
#598 = VERTEX_POINT('',#599);
#599 = CARTESIAN_POINT('',(-3.,13.3,10.125000000001));
#600 = LINE('',#601,#602);
#601 = CARTESIAN_POINT('',(-3.,6.8,10.125000000001));
#602 = VECTOR('',#603,1.);
#603 = DIRECTION('',(0.,1.,0.));
#604 = ORIENTED_EDGE('',*,*,#605,.T.);
#605 = EDGE_CURVE('',#598,#606,#608,.T.);
#606 = VERTEX_POINT('',#607);
#607 = CARTESIAN_POINT('',(-3.,13.3,6.374999999999));
#608 = LINE('',#609,#610);
#609 = CARTESIAN_POINT('',(-3.,13.3,10.125000000001));
#610 = VECTOR('',#611,1.);
#611 = DIRECTION('',(-2.2E-16,0.,-1.));
#612 = ORIENTED_EDGE('',*,*,#613,.F.);
#613 = EDGE_CURVE('',#614,#606,#616,.T.);
#614 = VERTEX_POINT('',#615);
#615 = CARTESIAN_POINT('',(-3.,20.05,6.374999999999));
#616 = LINE('',#617,#618);
#617 = CARTESIAN_POINT('',(-3.,20.05,6.374999999999));
#618 = VECTOR('',#619,1.);
#619 = DIRECTION('',(0.,-1.,0.));
#620 = ORIENTED_EDGE('',*,*,#621,.F.);
#621 = EDGE_CURVE('',#571,#614,#622,.T.);
#622 = LINE('',#623,#624);
#623 = CARTESIAN_POINT('',(-3.,20.05,16.124999999999));
#624 = VECTOR('',#625,1.);
#625 = DIRECTION('',(-2.2E-16,-0.,-1.));
#626 = PLANE('',#627);
#627 = AXIS2_PLACEMENT_3D('',#628,#629,#630);
#628 = CARTESIAN_POINT('',(-3.,20.05,16.124999999999));
#629 = DIRECTION('',(1.,0.,-1.1E-16));
#630 = DIRECTION('',(-1.1E-16,0.,-1.));
#631 = ADVANCED_FACE('',(#632,#705),#716,.T.);
#632 = FACE_BOUND('',#633,.T.);
#633 = EDGE_LOOP('',(#634,#635,#636,#644,#652,#658,#659,#667,#675,#683,
    #691,#699));
#634 = ORIENTED_EDGE('',*,*,#548,.T.);
#635 = ORIENTED_EDGE('',*,*,#47,.T.);
#636 = ORIENTED_EDGE('',*,*,#637,.F.);
#637 = EDGE_CURVE('',#638,#48,#640,.T.);
#638 = VERTEX_POINT('',#639);
#639 = CARTESIAN_POINT('',(10.124999999999,6.8,-3.));
#640 = LINE('',#641,#642);
#641 = CARTESIAN_POINT('',(10.124999999999,20.05,-3.));
#642 = VECTOR('',#643,1.);
#643 = DIRECTION('',(0.,-1.,0.));
#644 = ORIENTED_EDGE('',*,*,#645,.F.);
#645 = EDGE_CURVE('',#646,#638,#648,.T.);
#646 = VERTEX_POINT('',#647);
#647 = CARTESIAN_POINT('',(10.124999999999,6.8,3.));
#648 = LINE('',#649,#650);
#649 = CARTESIAN_POINT('',(10.124999999999,6.8,-6.5625));
#650 = VECTOR('',#651,1.);
#651 = DIRECTION('',(-1.44E-15,0.,-1.));
#652 = ORIENTED_EDGE('',*,*,#653,.T.);
#653 = EDGE_CURVE('',#646,#72,#654,.T.);
#654 = LINE('',#655,#656);
#655 = CARTESIAN_POINT('',(10.124999999999,20.05,3.));
#656 = VECTOR('',#657,1.);
#657 = DIRECTION('',(0.,-1.,0.));
#658 = ORIENTED_EDGE('',*,*,#79,.T.);
#659 = ORIENTED_EDGE('',*,*,#660,.F.);
#660 = EDGE_CURVE('',#661,#80,#663,.T.);
#661 = VERTEX_POINT('',#662);
#662 = CARTESIAN_POINT('',(10.124999999999,20.05,10.125000000001));
#663 = LINE('',#664,#665);
#664 = CARTESIAN_POINT('',(10.124999999999,20.05,10.125000000001));
#665 = VECTOR('',#666,1.);
#666 = DIRECTION('',(0.,-1.,0.));
#667 = ORIENTED_EDGE('',*,*,#668,.F.);
#668 = EDGE_CURVE('',#669,#661,#671,.T.);
#669 = VERTEX_POINT('',#670);
#670 = CARTESIAN_POINT('',(10.124999999999,20.05,3.));
#671 = LINE('',#672,#673);
#672 = CARTESIAN_POINT('',(10.124999999999,20.05,3.));
#673 = VECTOR('',#674,1.);
#674 = DIRECTION('',(2.2E-16,0.,1.));
#675 = ORIENTED_EDGE('',*,*,#676,.T.);
#676 = EDGE_CURVE('',#669,#677,#679,.T.);
#677 = VERTEX_POINT('',#678);
#678 = CARTESIAN_POINT('',(10.124999999999,13.3,3.));
#679 = LINE('',#680,#681);
#680 = CARTESIAN_POINT('',(10.124999999999,20.05,3.));
#681 = VECTOR('',#682,1.);
#682 = DIRECTION('',(0.,-1.,0.));
#683 = ORIENTED_EDGE('',*,*,#684,.F.);
#684 = EDGE_CURVE('',#685,#677,#687,.T.);
#685 = VERTEX_POINT('',#686);
#686 = CARTESIAN_POINT('',(10.124999999999,13.3,-3.));
#687 = LINE('',#688,#689);
#688 = CARTESIAN_POINT('',(10.124999999999,13.3,8.4708E-13));
#689 = VECTOR('',#690,1.);
#690 = DIRECTION('',(1.44E-15,0.,1.));
#691 = ORIENTED_EDGE('',*,*,#692,.F.);
#692 = EDGE_CURVE('',#693,#685,#695,.T.);
#693 = VERTEX_POINT('',#694);
#694 = CARTESIAN_POINT('',(10.124999999999,20.05,-3.));
#695 = LINE('',#696,#697);
#696 = CARTESIAN_POINT('',(10.124999999999,20.05,-3.));
#697 = VECTOR('',#698,1.);
#698 = DIRECTION('',(0.,-1.,0.));
#699 = ORIENTED_EDGE('',*,*,#700,.F.);
#700 = EDGE_CURVE('',#549,#693,#701,.T.);
#701 = LINE('',#702,#703);
#702 = CARTESIAN_POINT('',(10.124999999999,20.05,-10.12499999999));
#703 = VECTOR('',#704,1.);
#704 = DIRECTION('',(1.22E-15,0.,1.));
#705 = FACE_BOUND('',#706,.T.);
#706 = EDGE_LOOP('',(#707));
#707 = ORIENTED_EDGE('',*,*,#708,.F.);
#708 = EDGE_CURVE('',#709,#709,#711,.T.);
#709 = VERTEX_POINT('',#710);
#710 = CARTESIAN_POINT('',(10.124999999999,10.05,2.65));
#711 = CIRCLE('',#712,2.65);
#712 = AXIS2_PLACEMENT_3D('',#713,#714,#715);
#713 = CARTESIAN_POINT('',(10.124999999999,10.05,4.973799150321E-14));
#714 = DIRECTION('',(-1.,0.,3.3E-16));
#715 = DIRECTION('',(3.3E-16,0.,1.));
#716 = PLANE('',#717);
#717 = AXIS2_PLACEMENT_3D('',#718,#719,#720);
#718 = CARTESIAN_POINT('',(10.124999999999,10.05,6.5149E-13));
#719 = DIRECTION('',(-1.,0.,5.7E-16));
#720 = DIRECTION('',(5.7E-16,0.,1.));
#721 = ADVANCED_FACE('',(#722),#740,.F.);
#722 = FACE_BOUND('',#723,.F.);
#723 = EDGE_LOOP('',(#724,#732,#733,#734));
#724 = ORIENTED_EDGE('',*,*,#725,.F.);
#725 = EDGE_CURVE('',#582,#726,#728,.T.);
#726 = VERTEX_POINT('',#727);
#727 = CARTESIAN_POINT('',(3.,6.8,6.374999999999));
#728 = LINE('',#729,#730);
#729 = CARTESIAN_POINT('',(-3.,6.8,6.374999999999));
#730 = VECTOR('',#731,1.);
#731 = DIRECTION('',(1.,0.,-4.4E-16));
#732 = ORIENTED_EDGE('',*,*,#581,.T.);
#733 = ORIENTED_EDGE('',*,*,#103,.T.);
#734 = ORIENTED_EDGE('',*,*,#735,.F.);
#735 = EDGE_CURVE('',#726,#96,#736,.T.);
#736 = LINE('',#737,#738);
#737 = CARTESIAN_POINT('',(3.,20.05,6.374999999999));
#738 = VECTOR('',#739,1.);
#739 = DIRECTION('',(0.,-1.,0.));
#740 = PLANE('',#741);
#741 = AXIS2_PLACEMENT_3D('',#742,#743,#744);
#742 = CARTESIAN_POINT('',(-3.,20.05,6.374999999999));
#743 = DIRECTION('',(1.1E-16,0.,1.));
#744 = DIRECTION('',(1.,0.,-1.1E-16));
#745 = ADVANCED_FACE('',(#746),#764,.F.);
#746 = FACE_BOUND('',#747,.F.);
#747 = EDGE_LOOP('',(#748,#756,#762,#763));
#748 = ORIENTED_EDGE('',*,*,#749,.F.);
#749 = EDGE_CURVE('',#750,#638,#752,.T.);
#750 = VERTEX_POINT('',#751);
#751 = CARTESIAN_POINT('',(6.374999999999,6.8,-3.));
#752 = LINE('',#753,#754);
#753 = CARTESIAN_POINT('',(-3.,6.8,-3.));
#754 = VECTOR('',#755,1.);
#755 = DIRECTION('',(1.,0.,-3.3E-16));
#756 = ORIENTED_EDGE('',*,*,#757,.T.);
#757 = EDGE_CURVE('',#750,#56,#758,.T.);
#758 = LINE('',#759,#760);
#759 = CARTESIAN_POINT('',(6.374999999999,20.05,-3.));
#760 = VECTOR('',#761,1.);
#761 = DIRECTION('',(0.,-1.,0.));
#762 = ORIENTED_EDGE('',*,*,#55,.T.);
#763 = ORIENTED_EDGE('',*,*,#637,.F.);
#764 = PLANE('',#765);
#765 = AXIS2_PLACEMENT_3D('',#766,#767,#768);
#766 = CARTESIAN_POINT('',(6.374999999999,20.05,-3.));
#767 = DIRECTION('',(-1.E-17,0.,1.));
#768 = DIRECTION('',(1.,0.,1.E-17));
#769 = ADVANCED_FACE('',(#770),#788,.F.);
#770 = FACE_BOUND('',#771,.F.);
#771 = EDGE_LOOP('',(#772,#780,#781,#782));
#772 = ORIENTED_EDGE('',*,*,#773,.F.);
#773 = EDGE_CURVE('',#726,#774,#776,.T.);
#774 = VERTEX_POINT('',#775);
#775 = CARTESIAN_POINT('',(3.,6.8,10.125000000001));
#776 = LINE('',#777,#778);
#777 = CARTESIAN_POINT('',(3.,6.8,1.6875));
#778 = VECTOR('',#779,1.);
#779 = DIRECTION('',(4.4E-16,0.,1.));
#780 = ORIENTED_EDGE('',*,*,#735,.T.);
#781 = ORIENTED_EDGE('',*,*,#95,.T.);
#782 = ORIENTED_EDGE('',*,*,#783,.F.);
#783 = EDGE_CURVE('',#774,#88,#784,.T.);
#784 = LINE('',#785,#786);
#785 = CARTESIAN_POINT('',(3.,20.05,10.125000000001));
#786 = VECTOR('',#787,1.);
#787 = DIRECTION('',(0.,-1.,0.));
#788 = PLANE('',#789);
#789 = AXIS2_PLACEMENT_3D('',#790,#791,#792);
#790 = CARTESIAN_POINT('',(3.,20.05,6.374999999999));
#791 = DIRECTION('',(-1.,0.,1.1E-16));
#792 = DIRECTION('',(1.1E-16,0.,1.));
#793 = ADVANCED_FACE('',(#794),#812,.F.);
#794 = FACE_BOUND('',#795,.F.);
#795 = EDGE_LOOP('',(#796,#804,#810,#811));
#796 = ORIENTED_EDGE('',*,*,#797,.F.);
#797 = EDGE_CURVE('',#798,#750,#800,.T.);
#798 = VERTEX_POINT('',#799);
#799 = CARTESIAN_POINT('',(6.374999999999,6.8,3.));
#800 = LINE('',#801,#802);
#801 = CARTESIAN_POINT('',(6.374999999999,6.8,4.9E-14));
#802 = VECTOR('',#803,1.);
#803 = DIRECTION('',(-4.4E-16,0.,-1.));
#804 = ORIENTED_EDGE('',*,*,#805,.T.);
#805 = EDGE_CURVE('',#798,#64,#806,.T.);
#806 = LINE('',#807,#808);
#807 = CARTESIAN_POINT('',(6.374999999999,20.05,3.));
#808 = VECTOR('',#809,1.);
#809 = DIRECTION('',(0.,-1.,0.));
#810 = ORIENTED_EDGE('',*,*,#63,.T.);
#811 = ORIENTED_EDGE('',*,*,#757,.F.);
#812 = PLANE('',#813);
#813 = AXIS2_PLACEMENT_3D('',#814,#815,#816);
#814 = CARTESIAN_POINT('',(6.374999999999,20.05,3.));
#815 = DIRECTION('',(1.,0.,-1.1E-16));
#816 = DIRECTION('',(-1.1E-16,0.,-1.));
#817 = ADVANCED_FACE('',(#818,#858),#869,.T.);
#818 = FACE_BOUND('',#819,.T.);
#819 = EDGE_LOOP('',(#820,#821,#827,#828,#836,#844,#850,#856,#857));
#820 = ORIENTED_EDGE('',*,*,#783,.F.);
#821 = ORIENTED_EDGE('',*,*,#822,.F.);
#822 = EDGE_CURVE('',#590,#774,#823,.T.);
#823 = LINE('',#824,#825);
#824 = CARTESIAN_POINT('',(-3.,6.8,10.125000000001));
#825 = VECTOR('',#826,1.);
#826 = DIRECTION('',(1.,0.,-3.3E-16));
#827 = ORIENTED_EDGE('',*,*,#597,.T.);
#828 = ORIENTED_EDGE('',*,*,#829,.T.);
#829 = EDGE_CURVE('',#598,#830,#832,.T.);
#830 = VERTEX_POINT('',#831);
#831 = CARTESIAN_POINT('',(3.,13.3,10.125000000001));
#832 = LINE('',#833,#834);
#833 = CARTESIAN_POINT('',(-3.,13.3,10.125000000001));
#834 = VECTOR('',#835,1.);
#835 = DIRECTION('',(1.,0.,-3.3E-16));
#836 = ORIENTED_EDGE('',*,*,#837,.F.);
#837 = EDGE_CURVE('',#838,#830,#840,.T.);
#838 = VERTEX_POINT('',#839);
#839 = CARTESIAN_POINT('',(3.,20.05,10.125000000001));
#840 = LINE('',#841,#842);
#841 = CARTESIAN_POINT('',(3.,20.05,10.125000000001));
#842 = VECTOR('',#843,1.);
#843 = DIRECTION('',(0.,-1.,0.));
#844 = ORIENTED_EDGE('',*,*,#845,.F.);
#845 = EDGE_CURVE('',#231,#838,#846,.T.);
#846 = LINE('',#847,#848);
#847 = CARTESIAN_POINT('',(10.124999999999,20.05,10.125000000001));
#848 = VECTOR('',#849,1.);
#849 = DIRECTION('',(-1.,0.,2.2E-16));
#850 = ORIENTED_EDGE('',*,*,#851,.F.);
#851 = EDGE_CURVE('',#661,#231,#852,.T.);
#852 = LINE('',#853,#854);
#853 = CARTESIAN_POINT('',(10.124999999999,20.05,10.125000000001));
#854 = VECTOR('',#855,1.);
#855 = DIRECTION('',(-1.,0.,2.2E-16));
#856 = ORIENTED_EDGE('',*,*,#660,.T.);
#857 = ORIENTED_EDGE('',*,*,#87,.T.);
#858 = FACE_BOUND('',#859,.T.);
#859 = EDGE_LOOP('',(#860));
#860 = ORIENTED_EDGE('',*,*,#861,.F.);
#861 = EDGE_CURVE('',#862,#862,#864,.T.);
#862 = VERTEX_POINT('',#863);
#863 = CARTESIAN_POINT('',(1.6,10.05,10.125000000001));
#864 = CIRCLE('',#865,1.6);
#865 = AXIS2_PLACEMENT_3D('',#866,#867,#868);
#866 = CARTESIAN_POINT('',(-2.132E-14,10.05,10.125000000001));
#867 = DIRECTION('',(-1.1E-16,-0.,-1.));
#868 = DIRECTION('',(1.,0.,-1.1E-16));
#869 = PLANE('',#870);
#870 = AXIS2_PLACEMENT_3D('',#871,#872,#873);
#871 = CARTESIAN_POINT('',(4.785141509434,10.05,10.125000000001));
#872 = DIRECTION('',(-6.5E-16,0.,-1.));
#873 = DIRECTION('',(1.,0.,-6.5E-16));
#874 = ADVANCED_FACE('',(#875),#886,.F.);
#875 = FACE_BOUND('',#876,.F.);
#876 = EDGE_LOOP('',(#877,#883,#884,#885));
#877 = ORIENTED_EDGE('',*,*,#878,.F.);
#878 = EDGE_CURVE('',#646,#798,#879,.T.);
#879 = LINE('',#880,#881);
#880 = CARTESIAN_POINT('',(3.5625,6.8,3.));
#881 = VECTOR('',#882,1.);
#882 = DIRECTION('',(-1.,0.,5.6E-16));
#883 = ORIENTED_EDGE('',*,*,#653,.T.);
#884 = ORIENTED_EDGE('',*,*,#71,.T.);
#885 = ORIENTED_EDGE('',*,*,#805,.F.);
#886 = PLANE('',#887);
#887 = AXIS2_PLACEMENT_3D('',#888,#889,#890);
#888 = CARTESIAN_POINT('',(10.124999999999,20.05,3.));
#889 = DIRECTION('',(-2.3E-16,0.,-1.));
#890 = DIRECTION('',(-1.,0.,2.3E-16));
#891 = ADVANCED_FACE('',(#892),#910,.F.);
#892 = FACE_BOUND('',#893,.T.);
#893 = EDGE_LOOP('',(#894,#895,#903,#909));
#894 = ORIENTED_EDGE('',*,*,#214,.F.);
#895 = ORIENTED_EDGE('',*,*,#896,.T.);
#896 = EDGE_CURVE('',#205,#897,#899,.T.);
#897 = VERTEX_POINT('',#898);
#898 = CARTESIAN_POINT('',(34.,20.05,-19.125));
#899 = LINE('',#900,#901);
#900 = CARTESIAN_POINT('',(4.,20.05,-19.125));
#901 = VECTOR('',#902,1.);
#902 = DIRECTION('',(1.,0.,-1.1E-16));
#903 = ORIENTED_EDGE('',*,*,#904,.T.);
#904 = EDGE_CURVE('',#897,#150,#905,.T.);
#905 = LINE('',#906,#907);
#906 = CARTESIAN_POINT('',(34.,16.822475860002,-15.89747586));
#907 = VECTOR('',#908,1.);
#908 = DIRECTION('',(6.3E-16,-0.707106781187,0.707106781187));
#909 = ORIENTED_EDGE('',*,*,#149,.F.);
#910 = PLANE('',#911);
#911 = AXIS2_PLACEMENT_3D('',#912,#913,#914);
#912 = CARTESIAN_POINT('',(4.,18.55,-17.625));
#913 = DIRECTION('',(1.6E-16,0.707106781187,0.707106781187));
#914 = DIRECTION('',(-1.,6.313708498985E-17,1.631370849898E-16));
#915 = ADVANCED_FACE('',(#916,#1018),#1029,.T.);
#916 = FACE_BOUND('',#917,.T.);
#917 = EDGE_LOOP('',(#918,#928,#934,#935,#936,#937,#938,#946,#954,#962,
    #971,#979,#987,#995,#1004,#1012));
#918 = ORIENTED_EDGE('',*,*,#919,.T.);
#919 = EDGE_CURVE('',#920,#922,#924,.T.);
#920 = VERTEX_POINT('',#921);
#921 = CARTESIAN_POINT('',(34.,20.05,26.15));
#922 = VERTEX_POINT('',#923);
#923 = CARTESIAN_POINT('',(34.,20.05,19.124999999999));
#924 = LINE('',#925,#926);
#925 = CARTESIAN_POINT('',(34.,20.05,-21.15));
#926 = VECTOR('',#927,1.);
#927 = DIRECTION('',(-1.1E-16,0.,-1.));
#928 = ORIENTED_EDGE('',*,*,#929,.T.);
#929 = EDGE_CURVE('',#922,#479,#930,.T.);
#930 = LINE('',#931,#932);
#931 = CARTESIAN_POINT('',(34.,16.822475860002,15.897475860002));
#932 = VECTOR('',#933,1.);
#933 = DIRECTION('',(-6.3E-16,-0.707106781187,-0.707106781187));
#934 = ORIENTED_EDGE('',*,*,#478,.T.);
#935 = ORIENTED_EDGE('',*,*,#190,.F.);
#936 = ORIENTED_EDGE('',*,*,#157,.F.);
#937 = ORIENTED_EDGE('',*,*,#904,.F.);
#938 = ORIENTED_EDGE('',*,*,#939,.T.);
#939 = EDGE_CURVE('',#897,#940,#942,.T.);
#940 = VERTEX_POINT('',#941);
#941 = CARTESIAN_POINT('',(34.,20.05,-26.15));
#942 = LINE('',#943,#944);
#943 = CARTESIAN_POINT('',(34.,20.05,-21.15));
#944 = VECTOR('',#945,1.);
#945 = DIRECTION('',(-1.1E-16,0.,-1.));
#946 = ORIENTED_EDGE('',*,*,#947,.F.);
#947 = EDGE_CURVE('',#948,#940,#950,.T.);
#948 = VERTEX_POINT('',#949);
#949 = CARTESIAN_POINT('',(34.,60.15,-26.15));
#950 = LINE('',#951,#952);
#951 = CARTESIAN_POINT('',(34.,65.15,-26.15));
#952 = VECTOR('',#953,1.);
#953 = DIRECTION('',(0.,-1.,0.));
#954 = ORIENTED_EDGE('',*,*,#955,.F.);
#955 = EDGE_CURVE('',#956,#948,#958,.T.);
#956 = VERTEX_POINT('',#957);
#957 = CARTESIAN_POINT('',(34.,60.15,-24.81025403784));
#958 = LINE('',#959,#960);
#959 = CARTESIAN_POINT('',(34.,60.15,-21.15));
#960 = VECTOR('',#961,1.);
#961 = DIRECTION('',(-1.1E-16,0.,-1.));
#962 = ORIENTED_EDGE('',*,*,#963,.F.);
#963 = EDGE_CURVE('',#964,#956,#966,.T.);
#964 = VERTEX_POINT('',#965);
#965 = CARTESIAN_POINT('',(34.,61.493476049939,-21.4));
#966 = CIRCLE('',#967,5.);
#967 = AXIS2_PLACEMENT_3D('',#968,#969,#970);
#968 = CARTESIAN_POINT('',(34.,65.15,-24.81025403784));
#969 = DIRECTION('',(1.,0.,-1.11E-15));
#970 = DIRECTION('',(-1.11E-15,0.,-1.));
#971 = ORIENTED_EDGE('',*,*,#972,.F.);
#972 = EDGE_CURVE('',#973,#964,#975,.T.);
#973 = VERTEX_POINT('',#974);
#974 = CARTESIAN_POINT('',(34.,22.6,-21.4));
#975 = LINE('',#976,#977);
#976 = CARTESIAN_POINT('',(34.,22.6,-21.4));
#977 = VECTOR('',#978,1.);
#978 = DIRECTION('',(0.,1.,0.));
#979 = ORIENTED_EDGE('',*,*,#980,.F.);
#980 = EDGE_CURVE('',#981,#973,#983,.T.);
#981 = VERTEX_POINT('',#982);
#982 = CARTESIAN_POINT('',(34.,22.6,21.4));
#983 = LINE('',#984,#985);
#984 = CARTESIAN_POINT('',(34.,22.6,21.4));
#985 = VECTOR('',#986,1.);
#986 = DIRECTION('',(-2.2E-16,0.,-1.));
#987 = ORIENTED_EDGE('',*,*,#988,.F.);
#988 = EDGE_CURVE('',#989,#981,#991,.T.);
#989 = VERTEX_POINT('',#990);
#990 = CARTESIAN_POINT('',(34.,61.49347604994,21.4));
#991 = LINE('',#992,#993);
#992 = CARTESIAN_POINT('',(34.,65.15,21.4));
#993 = VECTOR('',#994,1.);
#994 = DIRECTION('',(0.,-1.,0.));
#995 = ORIENTED_EDGE('',*,*,#996,.T.);
#996 = EDGE_CURVE('',#989,#997,#999,.T.);
#997 = VERTEX_POINT('',#998);
#998 = CARTESIAN_POINT('',(34.,60.15,24.810254037844));
#999 = CIRCLE('',#1000,5.);
#1000 = AXIS2_PLACEMENT_3D('',#1001,#1002,#1003);
#1001 = CARTESIAN_POINT('',(34.,65.15,24.810254037844));
#1002 = DIRECTION('',(-1.,0.,1.11E-15));
#1003 = DIRECTION('',(-1.11E-15,0.,-1.));
#1004 = ORIENTED_EDGE('',*,*,#1005,.T.);
#1005 = EDGE_CURVE('',#997,#1006,#1008,.T.);
#1006 = VERTEX_POINT('',#1007);
#1007 = CARTESIAN_POINT('',(34.,60.15,26.15));
#1008 = LINE('',#1009,#1010);
#1009 = CARTESIAN_POINT('',(34.,60.15,21.15));
#1010 = VECTOR('',#1011,1.);
#1011 = DIRECTION('',(1.1E-16,0.,1.));
#1012 = ORIENTED_EDGE('',*,*,#1013,.F.);
#1013 = EDGE_CURVE('',#920,#1006,#1014,.T.);
#1014 = LINE('',#1015,#1016);
#1015 = CARTESIAN_POINT('',(34.,20.05,26.15));
#1016 = VECTOR('',#1017,1.);
#1017 = DIRECTION('',(0.,1.,0.));
#1018 = FACE_BOUND('',#1019,.T.);
#1019 = EDGE_LOOP('',(#1020));
#1020 = ORIENTED_EDGE('',*,*,#1021,.F.);
#1021 = EDGE_CURVE('',#1022,#1022,#1024,.T.);
#1022 = VERTEX_POINT('',#1023);
#1023 = CARTESIAN_POINT('',(34.,10.05,-3.));
#1024 = CIRCLE('',#1025,3.);
#1025 = AXIS2_PLACEMENT_3D('',#1026,#1027,#1028);
#1026 = CARTESIAN_POINT('',(34.,10.05,3.552713678801E-14));
#1027 = DIRECTION('',(1.,0.,-1.1E-16));
#1028 = DIRECTION('',(-1.1E-16,0.,-1.));
#1029 = PLANE('',#1030);
#1030 = AXIS2_PLACEMENT_3D('',#1031,#1032,#1033);
#1031 = CARTESIAN_POINT('',(34.,29.264903440009,-4.242E-14));
#1032 = DIRECTION('',(1.,0.,-8.8E-16));
#1033 = DIRECTION('',(-8.8E-16,0.,-1.));
#1034 = ADVANCED_FACE('',(#1035),#1046,.T.);
#1035 = FACE_BOUND('',#1036,.T.);
#1036 = EDGE_LOOP('',(#1037,#1038,#1039,#1040));
#1037 = ORIENTED_EDGE('',*,*,#939,.F.);
#1038 = ORIENTED_EDGE('',*,*,#896,.F.);
#1039 = ORIENTED_EDGE('',*,*,#204,.T.);
#1040 = ORIENTED_EDGE('',*,*,#1041,.F.);
#1041 = EDGE_CURVE('',#940,#207,#1042,.T.);
#1042 = LINE('',#1043,#1044);
#1043 = CARTESIAN_POINT('',(34.,20.05,-26.15));
#1044 = VECTOR('',#1045,1.);
#1045 = DIRECTION('',(-1.,0.,2.2E-16));
#1046 = PLANE('',#1047);
#1047 = AXIS2_PLACEMENT_3D('',#1048,#1049,#1050);
#1048 = CARTESIAN_POINT('',(19.,20.05,6.7181E-13));
#1049 = DIRECTION('',(0.,-1.,0.));
#1050 = DIRECTION('',(1.,0.,-2.2E-16));
#1051 = ADVANCED_FACE('',(#1052),#1063,.F.);
#1052 = FACE_BOUND('',#1053,.F.);
#1053 = EDGE_LOOP('',(#1054,#1060,#1061,#1062));
#1054 = ORIENTED_EDGE('',*,*,#1055,.F.);
#1055 = EDGE_CURVE('',#324,#948,#1056,.T.);
#1056 = LINE('',#1057,#1058);
#1057 = CARTESIAN_POINT('',(4.,60.15,-26.15));
#1058 = VECTOR('',#1059,1.);
#1059 = DIRECTION('',(1.,-0.,-2.2E-16));
#1060 = ORIENTED_EDGE('',*,*,#331,.F.);
#1061 = ORIENTED_EDGE('',*,*,#1041,.F.);
#1062 = ORIENTED_EDGE('',*,*,#947,.F.);
#1063 = PLANE('',#1064);
#1064 = AXIS2_PLACEMENT_3D('',#1065,#1066,#1067);
#1065 = CARTESIAN_POINT('',(19.,42.6,-26.15));
#1066 = DIRECTION('',(2.2E-16,0.,1.));
#1067 = DIRECTION('',(1.,0.,-2.2E-16));
#1068 = ADVANCED_FACE('',(#1069),#1080,.F.);
#1069 = FACE_BOUND('',#1070,.F.);
#1070 = EDGE_LOOP('',(#1071,#1072,#1078,#1079));
#1071 = ORIENTED_EDGE('',*,*,#955,.F.);
#1072 = ORIENTED_EDGE('',*,*,#1073,.T.);
#1073 = EDGE_CURVE('',#956,#315,#1074,.T.);
#1074 = LINE('',#1075,#1076);
#1075 = CARTESIAN_POINT('',(14.,60.15,-24.81025403784));
#1076 = VECTOR('',#1077,1.);
#1077 = DIRECTION('',(-1.,0.,1.11E-15));
#1078 = ORIENTED_EDGE('',*,*,#323,.T.);
#1079 = ORIENTED_EDGE('',*,*,#1055,.T.);
#1080 = PLANE('',#1081);
#1081 = AXIS2_PLACEMENT_3D('',#1082,#1083,#1084);
#1082 = CARTESIAN_POINT('',(4.,60.15,-21.15));
#1083 = DIRECTION('',(2.2E-16,-1.,0.));
#1084 = DIRECTION('',(1.,2.2E-16,-1.1E-16));
#1085 = ADVANCED_FACE('',(#1086),#1114,.F.);
#1086 = FACE_BOUND('',#1087,.T.);
#1087 = EDGE_LOOP('',(#1088,#1099,#1105,#1106,#1107,#1108));
#1088 = ORIENTED_EDGE('',*,*,#1089,.T.);
#1089 = EDGE_CURVE('',#1090,#1092,#1094,.T.);
#1090 = VERTEX_POINT('',#1091);
#1091 = CARTESIAN_POINT('',(14.,62.65,-20.48012701892));
#1092 = VERTEX_POINT('',#1093);
#1093 = CARTESIAN_POINT('',(14.,61.493476049939,-21.4));
#1094 = CIRCLE('',#1095,5.);
#1095 = AXIS2_PLACEMENT_3D('',#1096,#1097,#1098);
#1096 = CARTESIAN_POINT('',(14.,65.15,-24.81025403784));
#1097 = DIRECTION('',(1.,0.,-1.11E-15));
#1098 = DIRECTION('',(-1.11E-15,0.,-1.));
#1099 = ORIENTED_EDGE('',*,*,#1100,.T.);
#1100 = EDGE_CURVE('',#1092,#964,#1101,.T.);
#1101 = LINE('',#1102,#1103);
#1102 = CARTESIAN_POINT('',(14.,61.493476049939,-21.4));
#1103 = VECTOR('',#1104,1.);
#1104 = DIRECTION('',(1.,0.,-1.11E-15));
#1105 = ORIENTED_EDGE('',*,*,#963,.T.);
#1106 = ORIENTED_EDGE('',*,*,#1073,.T.);
#1107 = ORIENTED_EDGE('',*,*,#314,.F.);
#1108 = ORIENTED_EDGE('',*,*,#1109,.F.);
#1109 = EDGE_CURVE('',#1090,#306,#1110,.T.);
#1110 = LINE('',#1111,#1112);
#1111 = CARTESIAN_POINT('',(14.,62.65,-20.48012701892));
#1112 = VECTOR('',#1113,1.);
#1113 = DIRECTION('',(-1.,0.,1.11E-15));
#1114 = CYLINDRICAL_SURFACE('',#1115,5.);
#1115 = AXIS2_PLACEMENT_3D('',#1116,#1117,#1118);
#1116 = CARTESIAN_POINT('',(14.,65.15,-24.81025403784));
#1117 = DIRECTION('',(-1.,0.,1.11E-15));
#1118 = DIRECTION('',(9.612881982007E-16,-0.5,0.866025403784));
#1119 = ADVANCED_FACE('',(#1120),#1139,.T.);
#1120 = FACE_BOUND('',#1121,.T.);
#1121 = EDGE_LOOP('',(#1122,#1131,#1132,#1133));
#1122 = ORIENTED_EDGE('',*,*,#1123,.T.);
#1123 = EDGE_CURVE('',#1124,#1090,#1126,.T.);
#1124 = VERTEX_POINT('',#1125);
#1125 = CARTESIAN_POINT('',(14.,65.15,-16.15));
#1126 = CIRCLE('',#1127,5.);
#1127 = AXIS2_PLACEMENT_3D('',#1128,#1129,#1130);
#1128 = CARTESIAN_POINT('',(14.,60.15,-16.15));
#1129 = DIRECTION('',(-1.,0.,4.4E-16));
#1130 = DIRECTION('',(-4.4E-16,0.,-1.));
#1131 = ORIENTED_EDGE('',*,*,#1109,.T.);
#1132 = ORIENTED_EDGE('',*,*,#305,.F.);
#1133 = ORIENTED_EDGE('',*,*,#1134,.F.);
#1134 = EDGE_CURVE('',#1124,#298,#1135,.T.);
#1135 = LINE('',#1136,#1137);
#1136 = CARTESIAN_POINT('',(14.,65.15,-16.15));
#1137 = VECTOR('',#1138,1.);
#1138 = DIRECTION('',(-1.,0.,4.4E-16));
#1139 = CYLINDRICAL_SURFACE('',#1140,5.);
#1140 = AXIS2_PLACEMENT_3D('',#1141,#1142,#1143);
#1141 = CARTESIAN_POINT('',(14.,60.15,-16.15));
#1142 = DIRECTION('',(-1.,0.,4.4E-16));
#1143 = DIRECTION('',(0.,1.,0.));
#1144 = ADVANCED_FACE('',(#1145),#1174,.T.);
#1145 = FACE_BOUND('',#1146,.T.);
#1146 = EDGE_LOOP('',(#1147,#1148,#1149,#1150,#1158,#1166,#1172,#1173));
#1147 = ORIENTED_EDGE('',*,*,#230,.T.);
#1148 = ORIENTED_EDGE('',*,*,#556,.T.);
#1149 = ORIENTED_EDGE('',*,*,#700,.T.);
#1150 = ORIENTED_EDGE('',*,*,#1151,.F.);
#1151 = EDGE_CURVE('',#1152,#693,#1154,.T.);
#1152 = VERTEX_POINT('',#1153);
#1153 = CARTESIAN_POINT('',(6.374999999999,20.05,-3.));
#1154 = LINE('',#1155,#1156);
#1155 = CARTESIAN_POINT('',(6.374999999999,20.05,-3.));
#1156 = VECTOR('',#1157,1.);
#1157 = DIRECTION('',(1.,0.,-1.E-16));
#1158 = ORIENTED_EDGE('',*,*,#1159,.F.);
#1159 = EDGE_CURVE('',#1160,#1152,#1162,.T.);
#1160 = VERTEX_POINT('',#1161);
#1161 = CARTESIAN_POINT('',(6.374999999999,20.05,3.));
#1162 = LINE('',#1163,#1164);
#1163 = CARTESIAN_POINT('',(6.374999999999,20.05,3.));
#1164 = VECTOR('',#1165,1.);
#1165 = DIRECTION('',(-2.2E-16,-0.,-1.));
#1166 = ORIENTED_EDGE('',*,*,#1167,.F.);
#1167 = EDGE_CURVE('',#669,#1160,#1168,.T.);
#1168 = LINE('',#1169,#1170);
#1169 = CARTESIAN_POINT('',(10.124999999999,20.05,3.));
#1170 = VECTOR('',#1171,1.);
#1171 = DIRECTION('',(-1.,0.,3.4E-16));
#1172 = ORIENTED_EDGE('',*,*,#668,.T.);
#1173 = ORIENTED_EDGE('',*,*,#851,.T.);
#1174 = PLANE('',#1175);
#1175 = AXIS2_PLACEMENT_3D('',#1176,#1177,#1178);
#1176 = CARTESIAN_POINT('',(19.,20.05,6.7181E-13));
#1177 = DIRECTION('',(0.,-1.,0.));
#1178 = DIRECTION('',(1.,0.,-2.2E-16));
#1179 = ADVANCED_FACE('',(#1180,#1198),#1234,.T.);
#1180 = FACE_BOUND('',#1181,.T.);
#1181 = EDGE_LOOP('',(#1182,#1183,#1191,#1197));
#1182 = ORIENTED_EDGE('',*,*,#297,.T.);
#1183 = ORIENTED_EDGE('',*,*,#1184,.F.);
#1184 = EDGE_CURVE('',#1185,#289,#1187,.T.);
#1185 = VERTEX_POINT('',#1186);
#1186 = CARTESIAN_POINT('',(14.,65.15,16.15));
#1187 = LINE('',#1188,#1189);
#1188 = CARTESIAN_POINT('',(14.,65.15,16.15));
#1189 = VECTOR('',#1190,1.);
#1190 = DIRECTION('',(-1.,0.,4.4E-16));
#1191 = ORIENTED_EDGE('',*,*,#1192,.T.);
#1192 = EDGE_CURVE('',#1185,#1124,#1193,.T.);
#1193 = LINE('',#1194,#1195);
#1194 = CARTESIAN_POINT('',(14.,65.15,21.15));
#1195 = VECTOR('',#1196,1.);
#1196 = DIRECTION('',(-4.4E-16,0.,-1.));
#1197 = ORIENTED_EDGE('',*,*,#1134,.T.);
#1198 = FACE_BOUND('',#1199,.T.);
#1199 = EDGE_LOOP('',(#1200,#1210,#1219,#1227));
#1200 = ORIENTED_EDGE('',*,*,#1201,.T.);
#1201 = EDGE_CURVE('',#1202,#1204,#1206,.T.);
#1202 = VERTEX_POINT('',#1203);
#1203 = CARTESIAN_POINT('',(7.5,65.15,7.655651132054));
#1204 = VERTEX_POINT('',#1205);
#1205 = CARTESIAN_POINT('',(10.5,65.15,7.655651132054));
#1206 = LINE('',#1207,#1208);
#1207 = CARTESIAN_POINT('',(5.75,65.15,7.655651132054));
#1208 = VECTOR('',#1209,1.);
#1209 = DIRECTION('',(1.,0.,-6.E-17));
#1210 = ORIENTED_EDGE('',*,*,#1211,.T.);
#1211 = EDGE_CURVE('',#1204,#1212,#1214,.T.);
#1212 = VERTEX_POINT('',#1213);
#1213 = CARTESIAN_POINT('',(10.5,65.15,12.069162807904));
#1214 = ELLIPSE('',#1215,2.206755837925,2.);
#1215 = AXIS2_PLACEMENT_3D('',#1216,#1217,#1218);
#1216 = CARTESIAN_POINT('',(10.5,65.15,9.862406969979));
#1217 = DIRECTION('',(-0.,-1.,0.));
#1218 = DIRECTION('',(-7.3E-16,0.,1.));
#1219 = ORIENTED_EDGE('',*,*,#1220,.F.);
#1220 = EDGE_CURVE('',#1221,#1212,#1223,.T.);
#1221 = VERTEX_POINT('',#1222);
#1222 = CARTESIAN_POINT('',(7.5,65.15,12.069162807904));
#1223 = LINE('',#1224,#1225);
#1224 = CARTESIAN_POINT('',(5.75,65.15,12.069162807904));
#1225 = VECTOR('',#1226,1.);
#1226 = DIRECTION('',(1.,0.,-4.6E-16));
#1227 = ORIENTED_EDGE('',*,*,#1228,.T.);
#1228 = EDGE_CURVE('',#1221,#1202,#1229,.T.);
#1229 = ELLIPSE('',#1230,2.206755837925,2.);
#1230 = AXIS2_PLACEMENT_3D('',#1231,#1232,#1233);
#1231 = CARTESIAN_POINT('',(7.5,65.15,9.862406969979));
#1232 = DIRECTION('',(-0.,-1.,0.));
#1233 = DIRECTION('',(-7.3E-16,0.,1.));
#1234 = PLANE('',#1235);
#1235 = AXIS2_PLACEMENT_3D('',#1236,#1237,#1238);
#1236 = CARTESIAN_POINT('',(9.,65.15,5.342E-14));
#1237 = DIRECTION('',(0.,1.,0.));
#1238 = DIRECTION('',(-1.,0.,2.2E-16));
#1239 = ADVANCED_FACE('',(#1240),#1265,.T.);
#1240 = FACE_BOUND('',#1241,.T.);
#1241 = EDGE_LOOP('',(#1242,#1248,#1249,#1250,#1258,#1264));
#1242 = ORIENTED_EDGE('',*,*,#1243,.T.);
#1243 = EDGE_CURVE('',#571,#239,#1244,.T.);
#1244 = LINE('',#1245,#1246);
#1245 = CARTESIAN_POINT('',(-3.,20.05,13.124999999999));
#1246 = VECTOR('',#1247,1.);
#1247 = DIRECTION('',(1.,0.,-3.3E-16));
#1248 = ORIENTED_EDGE('',*,*,#238,.T.);
#1249 = ORIENTED_EDGE('',*,*,#845,.T.);
#1250 = ORIENTED_EDGE('',*,*,#1251,.F.);
#1251 = EDGE_CURVE('',#1252,#838,#1254,.T.);
#1252 = VERTEX_POINT('',#1253);
#1253 = CARTESIAN_POINT('',(3.,20.05,6.374999999999));
#1254 = LINE('',#1255,#1256);
#1255 = CARTESIAN_POINT('',(3.,20.05,6.374999999999));
#1256 = VECTOR('',#1257,1.);
#1257 = DIRECTION('',(2.2E-16,0.,1.));
#1258 = ORIENTED_EDGE('',*,*,#1259,.F.);
#1259 = EDGE_CURVE('',#614,#1252,#1260,.T.);
#1260 = LINE('',#1261,#1262);
#1261 = CARTESIAN_POINT('',(-3.,20.05,6.374999999999));
#1262 = VECTOR('',#1263,1.);
#1263 = DIRECTION('',(1.,0.,-2.2E-16));
#1264 = ORIENTED_EDGE('',*,*,#621,.F.);
#1265 = PLANE('',#1266);
#1266 = AXIS2_PLACEMENT_3D('',#1267,#1268,#1269);
#1267 = CARTESIAN_POINT('',(15.568156108597,20.05,1.346153846153));
#1268 = DIRECTION('',(0.,1.,0.));
#1269 = DIRECTION('',(2.2E-16,0.,1.));
#1270 = ADVANCED_FACE('',(#1271),#1290,.T.);
#1271 = FACE_BOUND('',#1272,.F.);
#1272 = EDGE_LOOP('',(#1273,#1274,#1283,#1289));
#1273 = ORIENTED_EDGE('',*,*,#1184,.F.);
#1274 = ORIENTED_EDGE('',*,*,#1275,.T.);
#1275 = EDGE_CURVE('',#1185,#1276,#1278,.T.);
#1276 = VERTEX_POINT('',#1277);
#1277 = CARTESIAN_POINT('',(14.,62.65,20.480127018922));
#1278 = CIRCLE('',#1279,5.);
#1279 = AXIS2_PLACEMENT_3D('',#1280,#1281,#1282);
#1280 = CARTESIAN_POINT('',(14.,60.15,16.15));
#1281 = DIRECTION('',(1.,0.,-4.4E-16));
#1282 = DIRECTION('',(-4.4E-16,0.,-1.));
#1283 = ORIENTED_EDGE('',*,*,#1284,.T.);
#1284 = EDGE_CURVE('',#1276,#280,#1285,.T.);
#1285 = LINE('',#1286,#1287);
#1286 = CARTESIAN_POINT('',(5.5,62.65,20.480127018922));
#1287 = VECTOR('',#1288,1.);
#1288 = DIRECTION('',(-1.,0.,1.02E-15));
#1289 = ORIENTED_EDGE('',*,*,#288,.F.);
#1290 = CYLINDRICAL_SURFACE('',#1291,5.);
#1291 = AXIS2_PLACEMENT_3D('',#1292,#1293,#1294);
#1292 = CARTESIAN_POINT('',(14.,60.15,16.15));
#1293 = DIRECTION('',(-1.,0.,4.4E-16));
#1294 = DIRECTION('',(0.,1.,0.));
#1295 = ADVANCED_FACE('',(#1296),#1321,.T.);
#1296 = FACE_BOUND('',#1297,.T.);
#1297 = EDGE_LOOP('',(#1298,#1299,#1307,#1315));
#1298 = ORIENTED_EDGE('',*,*,#246,.F.);
#1299 = ORIENTED_EDGE('',*,*,#1300,.T.);
#1300 = EDGE_CURVE('',#239,#1301,#1303,.T.);
#1301 = VERTEX_POINT('',#1302);
#1302 = CARTESIAN_POINT('',(5.5,20.05,13.124999999999));
#1303 = LINE('',#1304,#1305);
#1304 = CARTESIAN_POINT('',(-3.,20.05,13.124999999999));
#1305 = VECTOR('',#1306,1.);
#1306 = DIRECTION('',(1.,0.,-3.3E-16));
#1307 = ORIENTED_EDGE('',*,*,#1308,.F.);
#1308 = EDGE_CURVE('',#1309,#1301,#1311,.T.);
#1309 = VERTEX_POINT('',#1310);
#1310 = CARTESIAN_POINT('',(5.5,21.034454139181,13.124999999999));
#1311 = LINE('',#1312,#1313);
#1312 = CARTESIAN_POINT('',(5.5,24.011314470893,13.124999999999));
#1313 = VECTOR('',#1314,1.);
#1314 = DIRECTION('',(0.,-1.,0.));
#1315 = ORIENTED_EDGE('',*,*,#1316,.T.);
#1316 = EDGE_CURVE('',#1309,#247,#1317,.T.);
#1317 = LINE('',#1318,#1319);
#1318 = CARTESIAN_POINT('',(4.,21.034454139181,13.124999999999));
#1319 = VECTOR('',#1320,1.);
#1320 = DIRECTION('',(-1.,0.,5.5E-16));
#1321 = PLANE('',#1322);
#1322 = AXIS2_PLACEMENT_3D('',#1323,#1324,#1325);
#1323 = CARTESIAN_POINT('',(-3.,20.05,13.124999999999));
#1324 = DIRECTION('',(3.3E-16,0.,1.));
#1325 = DIRECTION('',(0.,1.,0.));
#1326 = ADVANCED_FACE('',(#1327),#1353,.F.);
#1327 = FACE_BOUND('',#1328,.T.);
#1328 = EDGE_LOOP('',(#1329,#1335,#1336,#1344,#1351,#1352));
#1329 = ORIENTED_EDGE('',*,*,#1330,.F.);
#1330 = EDGE_CURVE('',#997,#272,#1331,.T.);
#1331 = LINE('',#1332,#1333);
#1332 = CARTESIAN_POINT('',(14.,60.15,24.810254037844));
#1333 = VECTOR('',#1334,1.);
#1334 = DIRECTION('',(-1.,0.,1.44E-15));
#1335 = ORIENTED_EDGE('',*,*,#996,.F.);
#1336 = ORIENTED_EDGE('',*,*,#1337,.F.);
#1337 = EDGE_CURVE('',#1338,#989,#1340,.T.);
#1338 = VERTEX_POINT('',#1339);
#1339 = CARTESIAN_POINT('',(14.,61.49347604994,21.4));
#1340 = LINE('',#1341,#1342);
#1341 = CARTESIAN_POINT('',(14.,61.49347604994,21.4));
#1342 = VECTOR('',#1343,1.);
#1343 = DIRECTION('',(1.,0.,-1.11E-15));
#1344 = ORIENTED_EDGE('',*,*,#1345,.F.);
#1345 = EDGE_CURVE('',#1276,#1338,#1346,.T.);
#1346 = CIRCLE('',#1347,5.);
#1347 = AXIS2_PLACEMENT_3D('',#1348,#1349,#1350);
#1348 = CARTESIAN_POINT('',(14.,65.15,24.810254037844));
#1349 = DIRECTION('',(-1.,0.,1.11E-15));
#1350 = DIRECTION('',(-1.11E-15,0.,-1.));
#1351 = ORIENTED_EDGE('',*,*,#1284,.T.);
#1352 = ORIENTED_EDGE('',*,*,#279,.F.);
#1353 = CYLINDRICAL_SURFACE('',#1354,5.);
#1354 = AXIS2_PLACEMENT_3D('',#1355,#1356,#1357);
#1355 = CARTESIAN_POINT('',(5.5,65.15,24.810254037844));
#1356 = DIRECTION('',(1.,0.,-1.44E-15));
#1357 = DIRECTION('',(-1.44E-15,0.,-1.));
#1358 = ADVANCED_FACE('',(#1359),#1378,.F.);
#1359 = FACE_BOUND('',#1360,.F.);
#1360 = EDGE_LOOP('',(#1361,#1362,#1370,#1377));
#1361 = ORIENTED_EDGE('',*,*,#254,.F.);
#1362 = ORIENTED_EDGE('',*,*,#1363,.F.);
#1363 = EDGE_CURVE('',#1364,#255,#1366,.T.);
#1364 = VERTEX_POINT('',#1365);
#1365 = CARTESIAN_POINT('',(5.5,34.755197838598,26.15));
#1366 = LINE('',#1367,#1368);
#1367 = CARTESIAN_POINT('',(4.,34.755197838598,26.15));
#1368 = VECTOR('',#1369,1.);
#1369 = DIRECTION('',(-1.,0.,3.3E-16));
#1370 = ORIENTED_EDGE('',*,*,#1371,.T.);
#1371 = EDGE_CURVE('',#1364,#1309,#1372,.T.);
#1372 = CIRCLE('',#1373,9.5);
#1373 = AXIS2_PLACEMENT_3D('',#1374,#1375,#1376);
#1374 = CARTESIAN_POINT('',(5.5,28.5,19.));
#1375 = DIRECTION('',(-1.,0.,3.3E-16));
#1376 = DIRECTION('',(3.3E-16,0.,1.));
#1377 = ORIENTED_EDGE('',*,*,#1316,.T.);
#1378 = CYLINDRICAL_SURFACE('',#1379,9.5);
#1379 = AXIS2_PLACEMENT_3D('',#1380,#1381,#1382);
#1380 = CARTESIAN_POINT('',(4.,28.5,19.));
#1381 = DIRECTION('',(-1.,0.,3.3E-16));
#1382 = DIRECTION('',(3.3E-16,0.,1.));
#1383 = ADVANCED_FACE('',(#1384),#1395,.T.);
#1384 = FACE_BOUND('',#1385,.T.);
#1385 = EDGE_LOOP('',(#1386,#1392,#1393,#1394));
#1386 = ORIENTED_EDGE('',*,*,#1387,.F.);
#1387 = EDGE_CURVE('',#1006,#264,#1388,.T.);
#1388 = LINE('',#1389,#1390);
#1389 = CARTESIAN_POINT('',(5.5,60.15,26.15));
#1390 = VECTOR('',#1391,1.);
#1391 = DIRECTION('',(-1.,0.,1.02E-15));
#1392 = ORIENTED_EDGE('',*,*,#1005,.F.);
#1393 = ORIENTED_EDGE('',*,*,#1330,.T.);
#1394 = ORIENTED_EDGE('',*,*,#271,.T.);
#1395 = PLANE('',#1396);
#1396 = AXIS2_PLACEMENT_3D('',#1397,#1398,#1399);
#1397 = CARTESIAN_POINT('',(18.999999999999,60.15,25.480127018922));
#1398 = DIRECTION('',(0.,1.,4.7E-15));
#1399 = DIRECTION('',(2.2E-16,-4.7E-15,1.));
#1400 = ADVANCED_FACE('',(#1401),#1421,.T.);
#1401 = FACE_BOUND('',#1402,.T.);
#1402 = EDGE_LOOP('',(#1403,#1411,#1417,#1418,#1419,#1420));
#1403 = ORIENTED_EDGE('',*,*,#1404,.T.);
#1404 = EDGE_CURVE('',#1364,#1405,#1407,.T.);
#1405 = VERTEX_POINT('',#1406);
#1406 = CARTESIAN_POINT('',(5.5,20.05,26.15));
#1407 = LINE('',#1408,#1409);
#1408 = CARTESIAN_POINT('',(5.5,34.036314470893,26.15));
#1409 = VECTOR('',#1410,1.);
#1410 = DIRECTION('',(0.,-1.,0.));
#1411 = ORIENTED_EDGE('',*,*,#1412,.T.);
#1412 = EDGE_CURVE('',#1405,#920,#1413,.T.);
#1413 = LINE('',#1414,#1415);
#1414 = CARTESIAN_POINT('',(5.5,20.05,26.15));
#1415 = VECTOR('',#1416,1.);
#1416 = DIRECTION('',(1.,0.,-5.5E-16));
#1417 = ORIENTED_EDGE('',*,*,#1013,.T.);
#1418 = ORIENTED_EDGE('',*,*,#1387,.T.);
#1419 = ORIENTED_EDGE('',*,*,#263,.T.);
#1420 = ORIENTED_EDGE('',*,*,#1363,.F.);
#1421 = PLANE('',#1422);
#1422 = AXIS2_PLACEMENT_3D('',#1423,#1424,#1425);
#1423 = CARTESIAN_POINT('',(19.,40.1,26.15));
#1424 = DIRECTION('',(5.2E-16,0.,1.));
#1425 = DIRECTION('',(-1.,0.,5.2E-16));
#1426 = ADVANCED_FACE('',(#1427),#1446,.F.);
#1427 = FACE_BOUND('',#1428,.T.);
#1428 = EDGE_LOOP('',(#1429,#1437,#1438,#1439));
#1429 = ORIENTED_EDGE('',*,*,#1430,.F.);
#1430 = EDGE_CURVE('',#340,#1431,#1433,.T.);
#1431 = VERTEX_POINT('',#1432);
#1432 = CARTESIAN_POINT('',(8.6,28.5,-12.5));
#1433 = LINE('',#1434,#1435);
#1434 = CARTESIAN_POINT('',(4.,28.5,-12.5));
#1435 = VECTOR('',#1436,1.);
#1436 = DIRECTION('',(1.,0.,-3.2E-16));
#1437 = ORIENTED_EDGE('',*,*,#339,.T.);
#1438 = ORIENTED_EDGE('',*,*,#1430,.T.);
#1439 = ORIENTED_EDGE('',*,*,#1440,.F.);
#1440 = EDGE_CURVE('',#1431,#1431,#1441,.T.);
#1441 = CIRCLE('',#1442,3.);
#1442 = AXIS2_PLACEMENT_3D('',#1443,#1444,#1445);
#1443 = CARTESIAN_POINT('',(8.6,28.5,-15.5));
#1444 = DIRECTION('',(-1.,0.,3.3E-16));
#1445 = DIRECTION('',(3.3E-16,0.,1.));
#1446 = CYLINDRICAL_SURFACE('',#1447,3.);
#1447 = AXIS2_PLACEMENT_3D('',#1448,#1449,#1450);
#1448 = CARTESIAN_POINT('',(4.,28.5,-15.5));
#1449 = DIRECTION('',(1.,0.,-3.3E-16));
#1450 = DIRECTION('',(3.3E-16,0.,1.));
#1451 = ADVANCED_FACE('',(#1452),#1471,.F.);
#1452 = FACE_BOUND('',#1453,.T.);
#1453 = EDGE_LOOP('',(#1454,#1462,#1463,#1464));
#1454 = ORIENTED_EDGE('',*,*,#1455,.F.);
#1455 = EDGE_CURVE('',#351,#1456,#1458,.T.);
#1456 = VERTEX_POINT('',#1457);
#1457 = CARTESIAN_POINT('',(12.,24.,9.35));
#1458 = LINE('',#1459,#1460);
#1459 = CARTESIAN_POINT('',(4.,24.,9.35));
#1460 = VECTOR('',#1461,1.);
#1461 = DIRECTION('',(1.,0.,-3.9E-16));
#1462 = ORIENTED_EDGE('',*,*,#350,.T.);
#1463 = ORIENTED_EDGE('',*,*,#1455,.T.);
#1464 = ORIENTED_EDGE('',*,*,#1465,.F.);
#1465 = EDGE_CURVE('',#1456,#1456,#1466,.T.);
#1466 = CIRCLE('',#1467,2.35);
#1467 = AXIS2_PLACEMENT_3D('',#1468,#1469,#1470);
#1468 = CARTESIAN_POINT('',(12.,24.,7.));
#1469 = DIRECTION('',(-1.,0.,3.3E-16));
#1470 = DIRECTION('',(3.3E-16,0.,1.));
#1471 = CYLINDRICAL_SURFACE('',#1472,2.35);
#1472 = AXIS2_PLACEMENT_3D('',#1473,#1474,#1475);
#1473 = CARTESIAN_POINT('',(4.,24.,7.));
#1474 = DIRECTION('',(1.,0.,-3.3E-16));
#1475 = DIRECTION('',(3.3E-16,0.,1.));
#1476 = ADVANCED_FACE('',(#1477),#1533,.F.);
#1477 = FACE_BOUND('',#1478,.F.);
#1478 = EDGE_LOOP('',(#1479,#1490,#1499,#1508,#1517,#1523,#1524,#1525,
    #1526,#1527));
#1479 = ORIENTED_EDGE('',*,*,#1480,.T.);
#1480 = EDGE_CURVE('',#1481,#1483,#1485,.T.);
#1481 = VERTEX_POINT('',#1482);
#1482 = CARTESIAN_POINT('',(5.5,34.227682807229,-6.524133404818));
#1483 = VERTEX_POINT('',#1484);
#1484 = CARTESIAN_POINT('',(5.5,22.85,-6.632493194187));
#1485 = CIRCLE('',#1486,7.);
#1486 = AXIS2_PLACEMENT_3D('',#1487,#1488,#1489);
#1487 = CARTESIAN_POINT('',(5.5,28.5,-2.5));
#1488 = DIRECTION('',(-1.,0.,2.2E-16));
#1489 = DIRECTION('',(2.2E-16,0.,1.));
#1490 = ORIENTED_EDGE('',*,*,#1491,.T.);
#1491 = EDGE_CURVE('',#1483,#1492,#1494,.T.);
#1492 = VERTEX_POINT('',#1493);
#1493 = CARTESIAN_POINT('',(5.5,22.85,1.632493194187));
#1494 = CIRCLE('',#1495,7.);
#1495 = AXIS2_PLACEMENT_3D('',#1496,#1497,#1498);
#1496 = CARTESIAN_POINT('',(5.5,28.5,-2.5));
#1497 = DIRECTION('',(-1.,0.,3.3E-16));
#1498 = DIRECTION('',(3.3E-16,0.,1.));
#1499 = ORIENTED_EDGE('',*,*,#1500,.T.);
#1500 = EDGE_CURVE('',#1492,#1501,#1503,.T.);
#1501 = VERTEX_POINT('',#1502);
#1502 = CARTESIAN_POINT('',(5.5,28.5,4.5));
#1503 = CIRCLE('',#1504,7.);
#1504 = AXIS2_PLACEMENT_3D('',#1505,#1506,#1507);
#1505 = CARTESIAN_POINT('',(5.5,28.5,-2.5));
#1506 = DIRECTION('',(-1.,0.,2.2E-16));
#1507 = DIRECTION('',(2.2E-16,0.,1.));
#1508 = ORIENTED_EDGE('',*,*,#1509,.T.);
#1509 = EDGE_CURVE('',#1501,#1510,#1512,.T.);
#1510 = VERTEX_POINT('',#1511);
#1511 = CARTESIAN_POINT('',(5.5,32.672038288106,3.120862613743));
#1512 = CIRCLE('',#1513,7.);
#1513 = AXIS2_PLACEMENT_3D('',#1514,#1515,#1516);
#1514 = CARTESIAN_POINT('',(5.5,28.5,-2.5));
#1515 = DIRECTION('',(-1.,0.,2.2E-16));
#1516 = DIRECTION('',(2.2E-16,0.,1.));
#1517 = ORIENTED_EDGE('',*,*,#1518,.F.);
#1518 = EDGE_CURVE('',#382,#1510,#1519,.T.);
#1519 = LINE('',#1520,#1521);
#1520 = CARTESIAN_POINT('',(14.,32.672038288106,3.120862613743));
#1521 = VECTOR('',#1522,1.);
#1522 = DIRECTION('',(1.,0.,-4.4E-16));
#1523 = ORIENTED_EDGE('',*,*,#390,.F.);
#1524 = ORIENTED_EDGE('',*,*,#399,.F.);
#1525 = ORIENTED_EDGE('',*,*,#408,.F.);
#1526 = ORIENTED_EDGE('',*,*,#361,.F.);
#1527 = ORIENTED_EDGE('',*,*,#1528,.T.);
#1528 = EDGE_CURVE('',#362,#1481,#1529,.T.);
#1529 = LINE('',#1530,#1531);
#1530 = CARTESIAN_POINT('',(14.,34.227682807229,-6.524133404818));
#1531 = VECTOR('',#1532,1.);
#1532 = DIRECTION('',(1.,0.,-4.4E-16));
#1533 = CYLINDRICAL_SURFACE('',#1534,7.);
#1534 = AXIS2_PLACEMENT_3D('',#1535,#1536,#1537);
#1535 = CARTESIAN_POINT('',(4.,28.5,-2.5));
#1536 = DIRECTION('',(-1.,0.,2.2E-16));
#1537 = DIRECTION('',(2.2E-16,0.,1.));
#1538 = ADVANCED_FACE('',(#1539,#1568),#1656,.F.);
#1539 = FACE_BOUND('',#1540,.T.);
#1540 = EDGE_LOOP('',(#1541,#1549,#1556,#1557,#1558,#1559,#1566,#1567));
#1541 = ORIENTED_EDGE('',*,*,#1542,.F.);
#1542 = EDGE_CURVE('',#1543,#373,#1545,.T.);
#1543 = VERTEX_POINT('',#1544);
#1544 = CARTESIAN_POINT('',(14.,44.,11.75));
#1545 = LINE('',#1546,#1547);
#1546 = CARTESIAN_POINT('',(14.,44.,11.75));
#1547 = VECTOR('',#1548,1.);
#1548 = DIRECTION('',(-1.,0.,3.3E-16));
#1549 = ORIENTED_EDGE('',*,*,#1550,.F.);
#1550 = EDGE_CURVE('',#1543,#1543,#1551,.T.);
#1551 = CIRCLE('',#1552,11.75);
#1552 = AXIS2_PLACEMENT_3D('',#1553,#1554,#1555);
#1553 = CARTESIAN_POINT('',(14.,44.,4.973799150321E-14));
#1554 = DIRECTION('',(-1.,0.,2.2E-16));
#1555 = DIRECTION('',(2.2E-16,0.,1.));
#1556 = ORIENTED_EDGE('',*,*,#1542,.T.);
#1557 = ORIENTED_EDGE('',*,*,#372,.T.);
#1558 = ORIENTED_EDGE('',*,*,#1528,.T.);
#1559 = ORIENTED_EDGE('',*,*,#1560,.F.);
#1560 = EDGE_CURVE('',#1510,#1481,#1561,.T.);
#1561 = CIRCLE('',#1562,11.75);
#1562 = AXIS2_PLACEMENT_3D('',#1563,#1564,#1565);
#1563 = CARTESIAN_POINT('',(5.5,44.,5.69E-14));
#1564 = DIRECTION('',(1.,0.,-5.5E-16));
#1565 = DIRECTION('',(5.5E-16,0.,1.));
#1566 = ORIENTED_EDGE('',*,*,#1518,.F.);
#1567 = ORIENTED_EDGE('',*,*,#381,.T.);
#1568 = FACE_BOUND('',#1569,.T.);
#1569 = EDGE_LOOP('',(#1570,#1580,#1615,#1623));
#1570 = ORIENTED_EDGE('',*,*,#1571,.F.);
#1571 = EDGE_CURVE('',#1572,#1574,#1576,.T.);
#1572 = VERTEX_POINT('',#1573);
#1573 = CARTESIAN_POINT('',(7.5,55.3389540231,3.080685258514));
#1574 = VERTEX_POINT('',#1575);
#1575 = CARTESIAN_POINT('',(10.5,55.3389540231,3.080685258514));
#1576 = LINE('',#1577,#1578);
#1577 = CARTESIAN_POINT('',(14.,55.3389540231,3.080685258514));
#1578 = VECTOR('',#1579,1.);
#1579 = DIRECTION('',(1.,0.,-4.4E-16));
#1580 = ORIENTED_EDGE('',*,*,#1581,.T.);
#1581 = EDGE_CURVE('',#1572,#1582,#1584,.T.);
#1582 = VERTEX_POINT('',#1583);
#1583 = CARTESIAN_POINT('',(7.5,53.648480976137,6.705916406661));
#1584 = B_SPLINE_CURVE_WITH_KNOTS('',8,(#1585,#1586,#1587,#1588,#1589,
    #1590,#1591,#1592,#1593,#1594,#1595,#1596,#1597,#1598,#1599,#1600,
    #1601,#1602,#1603,#1604,#1605,#1606,#1607,#1608,#1609,#1610,#1611,
    #1612,#1613,#1614),.UNSPECIFIED.,.F.,.F.,(9,7,7,7,9),(0.,
    0.261648263689,0.429285293304,0.655519049832,1.),.UNSPECIFIED.);
#1585 = CARTESIAN_POINT('',(7.5,55.3389540231,3.080685258514));
#1586 = CARTESIAN_POINT('',(7.318402741454,55.3389540231,3.080685258514)
  );
#1587 = CARTESIAN_POINT('',(7.136938153199,55.333940230069,
    3.099139199108));
#1588 = CARTESIAN_POINT('',(6.956795067848,55.323924927065,
    3.136002612394));
#1589 = CARTESIAN_POINT('',(6.779249608077,55.30868129955,3.191443728253
    ));
#1590 = CARTESIAN_POINT('',(6.605782350591,55.287763672655,
    3.265783750578));
#1591 = CARTESIAN_POINT('',(6.438214213547,55.260495487502,
    3.359426258559));
#1592 = CARTESIAN_POINT('',(6.278885907275,55.225953121925,
    3.472763892645));
#1593 = CARTESIAN_POINT('',(6.036095498696,55.155436886655,
    3.691446688412));
#1594 = CARTESIAN_POINT('',(5.945452065392,55.124293815311,
    3.785474981071));
#1595 = CARTESIAN_POINT('',(5.860298135039,55.08929805252,3.887972221061
    ));
#1596 = CARTESIAN_POINT('',(5.781949989333,55.05021675759,3.99860851921)
  );
#1597 = CARTESIAN_POINT('',(5.711718597021,55.006843303066,
    4.116895289583));
#1598 = CARTESIAN_POINT('',(5.650912689227,54.959017450508,
    4.242192346226));
#1599 = CARTESIAN_POINT('',(5.600843857953,54.906653042518,
    4.373714045954));
#1600 = CARTESIAN_POINT('',(5.511537219705,54.773011304715,
    4.695179839867));
#1601 = CARTESIAN_POINT('',(5.482897410911,54.689063387286,
    4.886977198709));
#1602 = CARTESIAN_POINT('',(5.479754155891,54.59932151144,5.080929848879
    ));
#1603 = CARTESIAN_POINT('',(5.50296883759,54.505819991996,5.271783169232
    ));
#1604 = CARTESIAN_POINT('',(5.551518559377,54.411280072142,
    5.454552361247));
#1605 = CARTESIAN_POINT('',(5.622540485396,54.318824984783,
    5.624933960048));
#1606 = CARTESIAN_POINT('',(5.711335967751,54.231512556973,
    5.779592804024));
#1607 = CARTESIAN_POINT('',(5.963624311906,54.030505519247,
    6.124501650651));
#1608 = CARTESIAN_POINT('',(6.146703161186,53.923051259734,
    6.297666775494));
#1609 = CARTESIAN_POINT('',(6.350630076442,53.83200707919,6.437527741553
    ));
#1610 = CARTESIAN_POINT('',(6.568669938502,53.758690693459,
    6.546482551067));
#1611 = CARTESIAN_POINT('',(6.795904832615,53.703607394902,
    6.626599043699));
#1612 = CARTESIAN_POINT('',(7.028692623728,53.666877084783,
    6.679448350958));
#1613 = CARTESIAN_POINT('',(7.264236425627,53.648480976137,
    6.705916406661));
#1614 = CARTESIAN_POINT('',(7.5,53.648480976137,6.705916406661));
#1615 = ORIENTED_EDGE('',*,*,#1616,.T.);
#1616 = EDGE_CURVE('',#1582,#1617,#1619,.T.);
#1617 = VERTEX_POINT('',#1618);
#1618 = CARTESIAN_POINT('',(10.5,53.648480976137,6.705916406661));
#1619 = LINE('',#1620,#1621);
#1620 = CARTESIAN_POINT('',(14.,53.648480976137,6.705916406661));
#1621 = VECTOR('',#1622,1.);
#1622 = DIRECTION('',(1.,0.,-4.4E-16));
#1623 = ORIENTED_EDGE('',*,*,#1624,.T.);
#1624 = EDGE_CURVE('',#1617,#1574,#1625,.T.);
#1625 = B_SPLINE_CURVE_WITH_KNOTS('',8,(#1626,#1627,#1628,#1629,#1630,
    #1631,#1632,#1633,#1634,#1635,#1636,#1637,#1638,#1639,#1640,#1641,
    #1642,#1643,#1644,#1645,#1646,#1647,#1648,#1649,#1650,#1651,#1652,
    #1653,#1654,#1655),.UNSPECIFIED.,.F.,.F.,(9,7,7,7,9),(0.,
    0.330215214738,0.614347527053,0.797996870562,1.),.UNSPECIFIED.);
#1626 = CARTESIAN_POINT('',(10.5,53.648480976137,6.705916406661));
#1627 = CARTESIAN_POINT('',(10.709254061973,53.648480976137,
    6.705916406661));
#1628 = CARTESIAN_POINT('',(10.918216043855,53.662972442461,
    6.685065696733));
#1629 = CARTESIAN_POINT('',(11.125184247787,53.691884845614,
    6.643467901481));
#1630 = CARTESIAN_POINT('',(11.328283667853,53.735220063222,
    6.580576742317));
#1631 = CARTESIAN_POINT('',(11.525123592368,53.792932833139,
    6.49539923324));
#1632 = CARTESIAN_POINT('',(11.71257908394,53.864765959462,
    6.386580969306));
#1633 = CARTESIAN_POINT('',(11.886484408629,53.950050045974,
    6.252544881126));
#1634 = CARTESIAN_POINT('',(12.174001574846,54.131308607459,
    5.953589739363));
#1635 = CARTESIAN_POINT('',(12.297559213997,54.227230691722,
    5.790477744808));
#1636 = CARTESIAN_POINT('',(12.401079385043,54.332390711781,
    5.604302746762));
#1637 = CARTESIAN_POINT('',(12.47667642106,54.442609713614,5.39884681971
    ));
#1638 = CARTESIAN_POINT('',(12.519156858631,54.553120720431,
    5.17965578529));
#1639 = CARTESIAN_POINT('',(12.526031101843,54.659747508726,
    4.953562326532));
#1640 = CARTESIAN_POINT('',(12.497607113655,54.759327387985,
    4.72809553842));
#1641 = CARTESIAN_POINT('',(12.398100326662,54.908233003488,
    4.369913561045));
#1642 = CARTESIAN_POINT('',(12.3453773002,54.96329728166,4.231584247669)
  );
#1643 = CARTESIAN_POINT('',(12.279370406328,55.014574737603,
    4.09694897243));
#1644 = CARTESIAN_POINT('',(12.200624134979,55.061801134641,
    3.967397400366));
#1645 = CARTESIAN_POINT('',(12.10985124578,55.104824095138,
    3.844292312278));
#1646 = CARTESIAN_POINT('',(12.007925699098,55.143584044838,
    3.728942768391));
#1647 = CARTESIAN_POINT('',(11.89587157491,55.178091313747,
    3.622564549581));
#1648 = CARTESIAN_POINT('',(11.641729371273,55.241736441478,
    3.420263383544));
#1649 = CARTESIAN_POINT('',(11.497704681123,55.270006782588,
    3.32640562605));
#1650 = CARTESIAN_POINT('',(11.344317260671,55.293268297789,
    3.246112062709));
#1651 = CARTESIAN_POINT('',(11.18327327245,55.311660469549,3.1805988675)
  );
#1652 = CARTESIAN_POINT('',(11.016396413322,55.325335967838,
    3.130810508908));
#1653 = CARTESIAN_POINT('',(10.84558914554,55.334413799793,
    3.097395062783));
#1654 = CARTESIAN_POINT('',(10.672800435474,55.3389540231,3.080685258514
    ));
#1655 = CARTESIAN_POINT('',(10.5,55.3389540231,3.080685258514));
#1656 = CYLINDRICAL_SURFACE('',#1657,11.75);
#1657 = AXIS2_PLACEMENT_3D('',#1658,#1659,#1660);
#1658 = CARTESIAN_POINT('',(14.,44.,4.331E-14));
#1659 = DIRECTION('',(1.,0.,-3.3E-16));
#1660 = DIRECTION('',(3.3E-16,0.,1.));
#1661 = ADVANCED_FACE('',(#1662),#1681,.F.);
#1662 = FACE_BOUND('',#1663,.T.);
#1663 = EDGE_LOOP('',(#1664,#1672,#1673,#1674));
#1664 = ORIENTED_EDGE('',*,*,#1665,.F.);
#1665 = EDGE_CURVE('',#418,#1666,#1668,.T.);
#1666 = VERTEX_POINT('',#1667);
#1667 = CARTESIAN_POINT('',(12.,44.,-16.9));
#1668 = LINE('',#1669,#1670);
#1669 = CARTESIAN_POINT('',(4.,44.,-16.9));
#1670 = VECTOR('',#1671,1.);
#1671 = DIRECTION('',(1.,0.,-3.9E-16));
#1672 = ORIENTED_EDGE('',*,*,#417,.T.);
#1673 = ORIENTED_EDGE('',*,*,#1665,.T.);
#1674 = ORIENTED_EDGE('',*,*,#1675,.F.);
#1675 = EDGE_CURVE('',#1666,#1666,#1676,.T.);
#1676 = CIRCLE('',#1677,2.35);
#1677 = AXIS2_PLACEMENT_3D('',#1678,#1679,#1680);
#1678 = CARTESIAN_POINT('',(12.,44.,-19.25));
#1679 = DIRECTION('',(-1.,0.,3.3E-16));
#1680 = DIRECTION('',(3.3E-16,0.,1.));
#1681 = CYLINDRICAL_SURFACE('',#1682,2.35);
#1682 = AXIS2_PLACEMENT_3D('',#1683,#1684,#1685);
#1683 = CARTESIAN_POINT('',(4.,44.,-19.25));
#1684 = DIRECTION('',(1.,0.,-3.3E-16));
#1685 = DIRECTION('',(3.3E-16,0.,1.));
#1686 = ADVANCED_FACE('',(#1687),#1706,.F.);
#1687 = FACE_BOUND('',#1688,.T.);
#1688 = EDGE_LOOP('',(#1689,#1697,#1698,#1699));
#1689 = ORIENTED_EDGE('',*,*,#1690,.F.);
#1690 = EDGE_CURVE('',#429,#1691,#1693,.T.);
#1691 = VERTEX_POINT('',#1692);
#1692 = CARTESIAN_POINT('',(8.6,59.5,-12.5));
#1693 = LINE('',#1694,#1695);
#1694 = CARTESIAN_POINT('',(4.,59.5,-12.5));
#1695 = VECTOR('',#1696,1.);
#1696 = DIRECTION('',(1.,0.,-3.2E-16));
#1697 = ORIENTED_EDGE('',*,*,#428,.T.);
#1698 = ORIENTED_EDGE('',*,*,#1690,.T.);
#1699 = ORIENTED_EDGE('',*,*,#1700,.F.);
#1700 = EDGE_CURVE('',#1691,#1691,#1701,.T.);
#1701 = CIRCLE('',#1702,3.);
#1702 = AXIS2_PLACEMENT_3D('',#1703,#1704,#1705);
#1703 = CARTESIAN_POINT('',(8.6,59.5,-15.5));
#1704 = DIRECTION('',(-1.,0.,3.3E-16));
#1705 = DIRECTION('',(3.3E-16,0.,1.));
#1706 = CYLINDRICAL_SURFACE('',#1707,3.);
#1707 = AXIS2_PLACEMENT_3D('',#1708,#1709,#1710);
#1708 = CARTESIAN_POINT('',(4.,59.5,-15.5));
#1709 = DIRECTION('',(1.,0.,-3.3E-16));
#1710 = DIRECTION('',(3.3E-16,0.,1.));
#1711 = ADVANCED_FACE('',(#1712),#1731,.F.);
#1712 = FACE_BOUND('',#1713,.T.);
#1713 = EDGE_LOOP('',(#1714,#1722,#1723,#1724));
#1714 = ORIENTED_EDGE('',*,*,#1715,.F.);
#1715 = EDGE_CURVE('',#440,#1716,#1718,.T.);
#1716 = VERTEX_POINT('',#1717);
#1717 = CARTESIAN_POINT('',(12.,44.,19.6));
#1718 = LINE('',#1719,#1720);
#1719 = CARTESIAN_POINT('',(4.,44.,19.6));
#1720 = VECTOR('',#1721,1.);
#1721 = DIRECTION('',(1.,0.,-3.9E-16));
#1722 = ORIENTED_EDGE('',*,*,#439,.T.);
#1723 = ORIENTED_EDGE('',*,*,#1715,.T.);
#1724 = ORIENTED_EDGE('',*,*,#1725,.F.);
#1725 = EDGE_CURVE('',#1716,#1716,#1726,.T.);
#1726 = CIRCLE('',#1727,2.35);
#1727 = AXIS2_PLACEMENT_3D('',#1728,#1729,#1730);
#1728 = CARTESIAN_POINT('',(12.,44.,17.25));
#1729 = DIRECTION('',(-1.,0.,3.3E-16));
#1730 = DIRECTION('',(3.3E-16,0.,1.));
#1731 = CYLINDRICAL_SURFACE('',#1732,2.35);
#1732 = AXIS2_PLACEMENT_3D('',#1733,#1734,#1735);
#1733 = CARTESIAN_POINT('',(4.,44.,17.25));
#1734 = DIRECTION('',(1.,0.,-3.3E-16));
#1735 = DIRECTION('',(3.3E-16,0.,1.));
#1736 = ADVANCED_FACE('',(#1737),#1756,.F.);
#1737 = FACE_BOUND('',#1738,.T.);
#1738 = EDGE_LOOP('',(#1739,#1747,#1748,#1749));
#1739 = ORIENTED_EDGE('',*,*,#1740,.F.);
#1740 = EDGE_CURVE('',#451,#1741,#1743,.T.);
#1741 = VERTEX_POINT('',#1742);
#1742 = CARTESIAN_POINT('',(12.,60.25,2.35));
#1743 = LINE('',#1744,#1745);
#1744 = CARTESIAN_POINT('',(4.,60.25,2.35));
#1745 = VECTOR('',#1746,1.);
#1746 = DIRECTION('',(1.,0.,-3.9E-16));
#1747 = ORIENTED_EDGE('',*,*,#450,.T.);
#1748 = ORIENTED_EDGE('',*,*,#1740,.T.);
#1749 = ORIENTED_EDGE('',*,*,#1750,.F.);
#1750 = EDGE_CURVE('',#1741,#1741,#1751,.T.);
#1751 = CIRCLE('',#1752,2.35);
#1752 = AXIS2_PLACEMENT_3D('',#1753,#1754,#1755);
#1753 = CARTESIAN_POINT('',(12.,60.25,6.394884621841E-14));
#1754 = DIRECTION('',(-1.,0.,3.3E-16));
#1755 = DIRECTION('',(3.3E-16,0.,1.));
#1756 = CYLINDRICAL_SURFACE('',#1757,2.35);
#1757 = AXIS2_PLACEMENT_3D('',#1758,#1759,#1760);
#1758 = CARTESIAN_POINT('',(4.,60.25,6.394884621841E-14));
#1759 = DIRECTION('',(1.,0.,-3.3E-16));
#1760 = DIRECTION('',(3.3E-16,0.,1.));
#1761 = ADVANCED_FACE('',(#1762),#1781,.F.);
#1762 = FACE_BOUND('',#1763,.T.);
#1763 = EDGE_LOOP('',(#1764,#1772,#1773,#1774));
#1764 = ORIENTED_EDGE('',*,*,#1765,.F.);
#1765 = EDGE_CURVE('',#462,#1766,#1768,.T.);
#1766 = VERTEX_POINT('',#1767);
#1767 = CARTESIAN_POINT('',(8.6,59.5,18.5));
#1768 = LINE('',#1769,#1770);
#1769 = CARTESIAN_POINT('',(4.,59.5,18.5));
#1770 = VECTOR('',#1771,1.);
#1771 = DIRECTION('',(1.,0.,-3.2E-16));
#1772 = ORIENTED_EDGE('',*,*,#461,.T.);
#1773 = ORIENTED_EDGE('',*,*,#1765,.T.);
#1774 = ORIENTED_EDGE('',*,*,#1775,.F.);
#1775 = EDGE_CURVE('',#1766,#1766,#1776,.T.);
#1776 = CIRCLE('',#1777,3.);
#1777 = AXIS2_PLACEMENT_3D('',#1778,#1779,#1780);
#1778 = CARTESIAN_POINT('',(8.6,59.5,15.5));
#1779 = DIRECTION('',(-1.,0.,3.3E-16));
#1780 = DIRECTION('',(3.3E-16,0.,1.));
#1781 = CYLINDRICAL_SURFACE('',#1782,3.);
#1782 = AXIS2_PLACEMENT_3D('',#1783,#1784,#1785);
#1783 = CARTESIAN_POINT('',(4.,59.5,15.5));
#1784 = DIRECTION('',(1.,0.,-3.3E-16));
#1785 = DIRECTION('',(3.3E-16,0.,1.));
#1786 = ADVANCED_FACE('',(#1787),#1799,.T.);
#1787 = FACE_BOUND('',#1788,.T.);
#1788 = EDGE_LOOP('',(#1789,#1790,#1791,#1797,#1798));
#1789 = ORIENTED_EDGE('',*,*,#570,.F.);
#1790 = ORIENTED_EDGE('',*,*,#494,.T.);
#1791 = ORIENTED_EDGE('',*,*,#1792,.F.);
#1792 = EDGE_CURVE('',#1301,#487,#1793,.T.);
#1793 = LINE('',#1794,#1795);
#1794 = CARTESIAN_POINT('',(5.5,24.440273448076,8.734726551924));
#1795 = VECTOR('',#1796,1.);
#1796 = DIRECTION('',(7.1E-16,-0.707106781187,0.707106781187));
#1797 = ORIENTED_EDGE('',*,*,#1300,.F.);
#1798 = ORIENTED_EDGE('',*,*,#1243,.F.);
#1799 = PLANE('',#1800);
#1800 = AXIS2_PLACEMENT_3D('',#1801,#1802,#1803);
#1801 = CARTESIAN_POINT('',(-3.,17.05,16.124999999999));
#1802 = DIRECTION('',(2.4E-16,0.707106781187,0.707106781187));
#1803 = DIRECTION('',(-2.4E-16,0.707106781187,-0.707106781187));
#1804 = ADVANCED_FACE('',(#1805),#1823,.F.);
#1805 = FACE_BOUND('',#1806,.T.);
#1806 = EDGE_LOOP('',(#1807,#1808,#1816,#1822));
#1807 = ORIENTED_EDGE('',*,*,#929,.F.);
#1808 = ORIENTED_EDGE('',*,*,#1809,.T.);
#1809 = EDGE_CURVE('',#922,#1810,#1812,.T.);
#1810 = VERTEX_POINT('',#1811);
#1811 = CARTESIAN_POINT('',(5.5,20.05,19.124999999999));
#1812 = LINE('',#1813,#1814);
#1813 = CARTESIAN_POINT('',(34.,20.05,19.124999999999));
#1814 = VECTOR('',#1815,1.);
#1815 = DIRECTION('',(-1.,0.,1.1E-16));
#1816 = ORIENTED_EDGE('',*,*,#1817,.T.);
#1817 = EDGE_CURVE('',#1810,#487,#1818,.T.);
#1818 = LINE('',#1819,#1820);
#1819 = CARTESIAN_POINT('',(5.5,15.871041022817,14.946041022817));
#1820 = VECTOR('',#1821,1.);
#1821 = DIRECTION('',(-6.3E-16,-0.707106781187,-0.707106781187));
#1822 = ORIENTED_EDGE('',*,*,#486,.F.);
#1823 = PLANE('',#1824);
#1824 = AXIS2_PLACEMENT_3D('',#1825,#1826,#1827);
#1825 = CARTESIAN_POINT('',(34.,18.55,17.624999999999));
#1826 = DIRECTION('',(-1.6E-16,0.707106781187,-0.707106781187));
#1827 = DIRECTION('',(1.,6.313708498985E-17,-1.631370849898E-16));
#1828 = ADVANCED_FACE('',(#1829),#1857,.F.);
#1829 = FACE_BOUND('',#1830,.T.);
#1830 = EDGE_LOOP('',(#1831,#1832,#1833,#1840,#1849,#1856));
#1831 = ORIENTED_EDGE('',*,*,#531,.T.);
#1832 = ORIENTED_EDGE('',*,*,#520,.T.);
#1833 = ORIENTED_EDGE('',*,*,#1834,.T.);
#1834 = EDGE_CURVE('',#523,#1835,#1837,.T.);
#1835 = VERTEX_POINT('',#1836);
#1836 = CARTESIAN_POINT('',(3.,10.05,12.724999999999));
#1837 = B_SPLINE_CURVE_WITH_KNOTS('',1,(#1838,#1839),.UNSPECIFIED.,.F.,
  .F.,(2,2),(0.,3.4),.PIECEWISE_BEZIER_KNOTS.);
#1838 = CARTESIAN_POINT('',(3.,10.05,16.124999999999));
#1839 = CARTESIAN_POINT('',(3.,10.05,12.724999999999));
#1840 = ORIENTED_EDGE('',*,*,#1841,.F.);
#1841 = EDGE_CURVE('',#1842,#1835,#1844,.T.);
#1842 = VERTEX_POINT('',#1843);
#1843 = CARTESIAN_POINT('',(-3.,10.050000357628,12.724999999999));
#1844 = CIRCLE('',#1845,3.);
#1845 = AXIS2_PLACEMENT_3D('',#1846,#1847,#1848);
#1846 = CARTESIAN_POINT('',(-2.132E-14,10.05,12.724999999999));
#1847 = DIRECTION('',(1.1E-16,-0.,1.));
#1848 = DIRECTION('',(1.,0.,-1.1E-16));
#1849 = ORIENTED_EDGE('',*,*,#1850,.F.);
#1850 = EDGE_CURVE('',#1835,#1842,#1851,.T.);
#1851 = CIRCLE('',#1852,3.);
#1852 = AXIS2_PLACEMENT_3D('',#1853,#1854,#1855);
#1853 = CARTESIAN_POINT('',(-2.132E-14,10.05,12.724999999999));
#1854 = DIRECTION('',(1.1E-16,-0.,1.));
#1855 = DIRECTION('',(1.,0.,-1.1E-16));
#1856 = ORIENTED_EDGE('',*,*,#1834,.F.);
#1857 = CYLINDRICAL_SURFACE('',#1858,3.);
#1858 = AXIS2_PLACEMENT_3D('',#1859,#1860,#1861);
#1859 = CARTESIAN_POINT('',(-1.421E-14,10.05,16.124999999999));
#1860 = DIRECTION('',(-1.1E-16,-0.,-1.));
#1861 = DIRECTION('',(1.,0.,-1.1E-16));
#1862 = ADVANCED_FACE('',(#1863),#1881,.F.);
#1863 = FACE_BOUND('',#1864,.F.);
#1864 = EDGE_LOOP('',(#1865,#1866,#1867,#1875));
#1865 = ORIENTED_EDGE('',*,*,#1259,.F.);
#1866 = ORIENTED_EDGE('',*,*,#613,.T.);
#1867 = ORIENTED_EDGE('',*,*,#1868,.F.);
#1868 = EDGE_CURVE('',#1869,#606,#1871,.T.);
#1869 = VERTEX_POINT('',#1870);
#1870 = CARTESIAN_POINT('',(3.,13.3,6.374999999999));
#1871 = LINE('',#1872,#1873);
#1872 = CARTESIAN_POINT('',(-3.,13.3,6.374999999999));
#1873 = VECTOR('',#1874,1.);
#1874 = DIRECTION('',(-1.,0.,4.4E-16));
#1875 = ORIENTED_EDGE('',*,*,#1876,.F.);
#1876 = EDGE_CURVE('',#1252,#1869,#1877,.T.);
#1877 = LINE('',#1878,#1879);
#1878 = CARTESIAN_POINT('',(3.,20.05,6.374999999999));
#1879 = VECTOR('',#1880,1.);
#1880 = DIRECTION('',(0.,-1.,0.));
#1881 = PLANE('',#1882);
#1882 = AXIS2_PLACEMENT_3D('',#1883,#1884,#1885);
#1883 = CARTESIAN_POINT('',(-3.,20.05,6.374999999999));
#1884 = DIRECTION('',(1.1E-16,0.,1.));
#1885 = DIRECTION('',(1.,0.,-1.1E-16));
#1886 = ADVANCED_FACE('',(#1887),#1898,.F.);
#1887 = FACE_BOUND('',#1888,.F.);
#1888 = EDGE_LOOP('',(#1889,#1890,#1891,#1897));
#1889 = ORIENTED_EDGE('',*,*,#605,.F.);
#1890 = ORIENTED_EDGE('',*,*,#829,.T.);
#1891 = ORIENTED_EDGE('',*,*,#1892,.T.);
#1892 = EDGE_CURVE('',#830,#1869,#1893,.T.);
#1893 = LINE('',#1894,#1895);
#1894 = CARTESIAN_POINT('',(3.,13.3,8.25));
#1895 = VECTOR('',#1896,1.);
#1896 = DIRECTION('',(-4.4E-16,0.,-1.));
#1897 = ORIENTED_EDGE('',*,*,#1868,.T.);
#1898 = PLANE('',#1899);
#1899 = AXIS2_PLACEMENT_3D('',#1900,#1901,#1902);
#1900 = CARTESIAN_POINT('',(-3.,13.3,10.125000000001));
#1901 = DIRECTION('',(0.,1.,0.));
#1902 = DIRECTION('',(-3.3E-16,0.,-1.));
#1903 = ADVANCED_FACE('',(#1904),#1910,.F.);
#1904 = FACE_BOUND('',#1905,.F.);
#1905 = EDGE_LOOP('',(#1906,#1907,#1908,#1909));
#1906 = ORIENTED_EDGE('',*,*,#589,.F.);
#1907 = ORIENTED_EDGE('',*,*,#725,.T.);
#1908 = ORIENTED_EDGE('',*,*,#773,.T.);
#1909 = ORIENTED_EDGE('',*,*,#822,.F.);
#1910 = PLANE('',#1911);
#1911 = AXIS2_PLACEMENT_3D('',#1912,#1913,#1914);
#1912 = CARTESIAN_POINT('',(-3.,6.8,-3.));
#1913 = DIRECTION('',(0.,-1.,0.));
#1914 = DIRECTION('',(3.3E-16,0.,1.));
#1915 = ADVANCED_FACE('',(#1916),#1934,.F.);
#1916 = FACE_BOUND('',#1917,.F.);
#1917 = EDGE_LOOP('',(#1918,#1919,#1927,#1933));
#1918 = ORIENTED_EDGE('',*,*,#1151,.F.);
#1919 = ORIENTED_EDGE('',*,*,#1920,.T.);
#1920 = EDGE_CURVE('',#1152,#1921,#1923,.T.);
#1921 = VERTEX_POINT('',#1922);
#1922 = CARTESIAN_POINT('',(6.374999999999,13.3,-3.));
#1923 = LINE('',#1924,#1925);
#1924 = CARTESIAN_POINT('',(6.374999999999,20.05,-3.));
#1925 = VECTOR('',#1926,1.);
#1926 = DIRECTION('',(0.,-1.,0.));
#1927 = ORIENTED_EDGE('',*,*,#1928,.T.);
#1928 = EDGE_CURVE('',#1921,#685,#1929,.T.);
#1929 = LINE('',#1930,#1931);
#1930 = CARTESIAN_POINT('',(-3.,13.3,-3.));
#1931 = VECTOR('',#1932,1.);
#1932 = DIRECTION('',(1.,0.,-3.3E-16));
#1933 = ORIENTED_EDGE('',*,*,#692,.F.);
#1934 = PLANE('',#1935);
#1935 = AXIS2_PLACEMENT_3D('',#1936,#1937,#1938);
#1936 = CARTESIAN_POINT('',(6.374999999999,20.05,-3.));
#1937 = DIRECTION('',(-1.E-17,0.,1.));
#1938 = DIRECTION('',(1.,0.,1.E-17));
#1939 = ADVANCED_FACE('',(#1940),#1958,.F.);
#1940 = FACE_BOUND('',#1941,.F.);
#1941 = EDGE_LOOP('',(#1942,#1943,#1951,#1957));
#1942 = ORIENTED_EDGE('',*,*,#1928,.F.);
#1943 = ORIENTED_EDGE('',*,*,#1944,.T.);
#1944 = EDGE_CURVE('',#1921,#1945,#1947,.T.);
#1945 = VERTEX_POINT('',#1946);
#1946 = CARTESIAN_POINT('',(6.374999999999,13.3,3.));
#1947 = LINE('',#1948,#1949);
#1948 = CARTESIAN_POINT('',(6.374999999999,13.3,6.5625));
#1949 = VECTOR('',#1950,1.);
#1950 = DIRECTION('',(4.4E-16,0.,1.));
#1951 = ORIENTED_EDGE('',*,*,#1952,.T.);
#1952 = EDGE_CURVE('',#1945,#677,#1953,.T.);
#1953 = LINE('',#1954,#1955);
#1954 = CARTESIAN_POINT('',(3.5625,13.3,3.));
#1955 = VECTOR('',#1956,1.);
#1956 = DIRECTION('',(1.,0.,-5.6E-16));
#1957 = ORIENTED_EDGE('',*,*,#684,.F.);
#1958 = PLANE('',#1959);
#1959 = AXIS2_PLACEMENT_3D('',#1960,#1961,#1962);
#1960 = CARTESIAN_POINT('',(-3.,13.3,10.125000000001));
#1961 = DIRECTION('',(0.,1.,0.));
#1962 = DIRECTION('',(-3.3E-16,0.,-1.));
#1963 = ADVANCED_FACE('',(#1964),#1970,.F.);
#1964 = FACE_BOUND('',#1965,.F.);
#1965 = EDGE_LOOP('',(#1966,#1967,#1968,#1969));
#1966 = ORIENTED_EDGE('',*,*,#797,.T.);
#1967 = ORIENTED_EDGE('',*,*,#749,.T.);
#1968 = ORIENTED_EDGE('',*,*,#645,.F.);
#1969 = ORIENTED_EDGE('',*,*,#878,.T.);
#1970 = PLANE('',#1971);
#1971 = AXIS2_PLACEMENT_3D('',#1972,#1973,#1974);
#1972 = CARTESIAN_POINT('',(-3.,6.8,-3.));
#1973 = DIRECTION('',(0.,-1.,0.));
#1974 = DIRECTION('',(3.3E-16,0.,1.));
#1975 = ADVANCED_FACE('',(#1976),#1987,.F.);
#1976 = FACE_BOUND('',#1977,.F.);
#1977 = EDGE_LOOP('',(#1978,#1979,#1980,#1981));
#1978 = ORIENTED_EDGE('',*,*,#1167,.F.);
#1979 = ORIENTED_EDGE('',*,*,#676,.T.);
#1980 = ORIENTED_EDGE('',*,*,#1952,.F.);
#1981 = ORIENTED_EDGE('',*,*,#1982,.F.);
#1982 = EDGE_CURVE('',#1160,#1945,#1983,.T.);
#1983 = LINE('',#1984,#1985);
#1984 = CARTESIAN_POINT('',(6.374999999999,20.05,3.));
#1985 = VECTOR('',#1986,1.);
#1986 = DIRECTION('',(0.,-1.,0.));
#1987 = PLANE('',#1988);
#1988 = AXIS2_PLACEMENT_3D('',#1989,#1990,#1991);
#1989 = CARTESIAN_POINT('',(10.124999999999,20.05,3.));
#1990 = DIRECTION('',(-2.3E-16,0.,-1.));
#1991 = DIRECTION('',(-1.,0.,2.3E-16));
#1992 = ADVANCED_FACE('',(#1993),#2012,.F.);
#1993 = FACE_BOUND('',#1994,.T.);
#1994 = EDGE_LOOP('',(#1995,#2003,#2004,#2005));
#1995 = ORIENTED_EDGE('',*,*,#1996,.F.);
#1996 = EDGE_CURVE('',#709,#1997,#1999,.T.);
#1997 = VERTEX_POINT('',#1998);
#1998 = CARTESIAN_POINT('',(15.6,10.05,2.65));
#1999 = LINE('',#2000,#2001);
#2000 = CARTESIAN_POINT('',(10.124999999999,10.05,2.65));
#2001 = VECTOR('',#2002,1.);
#2002 = DIRECTION('',(1.,0.,-3.8E-16));
#2003 = ORIENTED_EDGE('',*,*,#708,.T.);
#2004 = ORIENTED_EDGE('',*,*,#1996,.T.);
#2005 = ORIENTED_EDGE('',*,*,#2006,.T.);
#2006 = EDGE_CURVE('',#1997,#1997,#2007,.T.);
#2007 = CIRCLE('',#2008,2.65);
#2008 = AXIS2_PLACEMENT_3D('',#2009,#2010,#2011);
#2009 = CARTESIAN_POINT('',(15.6,10.05,2.13162820728E-14));
#2010 = DIRECTION('',(1.,0.,-2.2E-16));
#2011 = DIRECTION('',(2.2E-16,0.,1.));
#2012 = CYLINDRICAL_SURFACE('',#2013,2.65);
#2013 = AXIS2_PLACEMENT_3D('',#2014,#2015,#2016);
#2014 = CARTESIAN_POINT('',(10.124999999999,10.05,4.973799150321E-14));
#2015 = DIRECTION('',(1.,0.,-3.3E-16));
#2016 = DIRECTION('',(3.3E-16,0.,1.));
#2017 = ADVANCED_FACE('',(#2018),#2024,.F.);
#2018 = FACE_BOUND('',#2019,.F.);
#2019 = EDGE_LOOP('',(#2020,#2021,#2022,#2023));
#2020 = ORIENTED_EDGE('',*,*,#1251,.F.);
#2021 = ORIENTED_EDGE('',*,*,#1876,.T.);
#2022 = ORIENTED_EDGE('',*,*,#1892,.F.);
#2023 = ORIENTED_EDGE('',*,*,#837,.F.);
#2024 = PLANE('',#2025);
#2025 = AXIS2_PLACEMENT_3D('',#2026,#2027,#2028);
#2026 = CARTESIAN_POINT('',(3.,20.05,6.374999999999));
#2027 = DIRECTION('',(-1.,0.,1.1E-16));
#2028 = DIRECTION('',(1.1E-16,0.,1.));
#2029 = ADVANCED_FACE('',(#2030),#2049,.F.);
#2030 = FACE_BOUND('',#2031,.T.);
#2031 = EDGE_LOOP('',(#2032,#2040,#2047,#2048));
#2032 = ORIENTED_EDGE('',*,*,#2033,.F.);
#2033 = EDGE_CURVE('',#2034,#862,#2036,.T.);
#2034 = VERTEX_POINT('',#2035);
#2035 = CARTESIAN_POINT('',(1.6,10.05,12.724999999999));
#2036 = LINE('',#2037,#2038);
#2037 = CARTESIAN_POINT('',(1.6,10.05,12.724999999999));
#2038 = VECTOR('',#2039,1.);
#2039 = DIRECTION('',(-1.7E-16,0.,-1.));
#2040 = ORIENTED_EDGE('',*,*,#2041,.T.);
#2041 = EDGE_CURVE('',#2034,#2034,#2042,.T.);
#2042 = CIRCLE('',#2043,1.6);
#2043 = AXIS2_PLACEMENT_3D('',#2044,#2045,#2046);
#2044 = CARTESIAN_POINT('',(-1.06581410364E-14,10.05,12.724999999999));
#2045 = DIRECTION('',(1.1E-16,-0.,1.));
#2046 = DIRECTION('',(1.,0.,-1.1E-16));
#2047 = ORIENTED_EDGE('',*,*,#2033,.T.);
#2048 = ORIENTED_EDGE('',*,*,#861,.T.);
#2049 = CYLINDRICAL_SURFACE('',#2050,1.6);
#2050 = AXIS2_PLACEMENT_3D('',#2051,#2052,#2053);
#2051 = CARTESIAN_POINT('',(-1.06581410364E-14,10.05,12.724999999999));
#2052 = DIRECTION('',(-1.1E-16,-0.,-1.));
#2053 = DIRECTION('',(1.,0.,-1.1E-16));
#2054 = ADVANCED_FACE('',(#2055),#2066,.T.);
#2055 = FACE_BOUND('',#2056,.T.);
#2056 = EDGE_LOOP('',(#2057,#2058,#2059,#2060));
#2057 = ORIENTED_EDGE('',*,*,#1809,.F.);
#2058 = ORIENTED_EDGE('',*,*,#919,.F.);
#2059 = ORIENTED_EDGE('',*,*,#1412,.F.);
#2060 = ORIENTED_EDGE('',*,*,#2061,.F.);
#2061 = EDGE_CURVE('',#1810,#1405,#2062,.T.);
#2062 = LINE('',#2063,#2064);
#2063 = CARTESIAN_POINT('',(5.5,20.05,22.396698079334));
#2064 = VECTOR('',#2065,1.);
#2065 = DIRECTION('',(1.07E-15,0.,1.));
#2066 = PLANE('',#2067);
#2067 = AXIS2_PLACEMENT_3D('',#2068,#2069,#2070);
#2068 = CARTESIAN_POINT('',(19.,20.05,6.7181E-13));
#2069 = DIRECTION('',(0.,-1.,0.));
#2070 = DIRECTION('',(1.,0.,-2.2E-16));
#2071 = ADVANCED_FACE('',(#2072),#2090,.F.);
#2072 = FACE_BOUND('',#2073,.F.);
#2073 = EDGE_LOOP('',(#2074,#2075,#2076,#2084));
#2074 = ORIENTED_EDGE('',*,*,#988,.F.);
#2075 = ORIENTED_EDGE('',*,*,#1337,.F.);
#2076 = ORIENTED_EDGE('',*,*,#2077,.F.);
#2077 = EDGE_CURVE('',#2078,#1338,#2080,.T.);
#2078 = VERTEX_POINT('',#2079);
#2079 = CARTESIAN_POINT('',(14.,22.6,21.4));
#2080 = LINE('',#2081,#2082);
#2081 = CARTESIAN_POINT('',(14.,54.14692218407,21.4));
#2082 = VECTOR('',#2083,1.);
#2083 = DIRECTION('',(0.,1.,0.));
#2084 = ORIENTED_EDGE('',*,*,#2085,.F.);
#2085 = EDGE_CURVE('',#981,#2078,#2086,.T.);
#2086 = LINE('',#2087,#2088);
#2087 = CARTESIAN_POINT('',(34.,22.6,21.4));
#2088 = VECTOR('',#2089,1.);
#2089 = DIRECTION('',(-1.,0.,3.3E-16));
#2090 = PLANE('',#2091);
#2091 = AXIS2_PLACEMENT_3D('',#2092,#2093,#2094);
#2092 = CARTESIAN_POINT('',(34.,65.15,21.4));
#2093 = DIRECTION('',(3.3E-16,0.,1.));
#2094 = DIRECTION('',(0.,-1.,0.));
#2095 = ADVANCED_FACE('',(#2096),#2114,.F.);
#2096 = FACE_BOUND('',#2097,.F.);
#2097 = EDGE_LOOP('',(#2098,#2099,#2100,#2108));
#2098 = ORIENTED_EDGE('',*,*,#980,.F.);
#2099 = ORIENTED_EDGE('',*,*,#2085,.T.);
#2100 = ORIENTED_EDGE('',*,*,#2101,.F.);
#2101 = EDGE_CURVE('',#2102,#2078,#2104,.T.);
#2102 = VERTEX_POINT('',#2103);
#2103 = CARTESIAN_POINT('',(14.,22.6,-21.4));
#2104 = LINE('',#2105,#2106);
#2105 = CARTESIAN_POINT('',(14.,22.6,10.927847869769));
#2106 = VECTOR('',#2107,1.);
#2107 = DIRECTION('',(1.02E-15,0.,1.));
#2108 = ORIENTED_EDGE('',*,*,#2109,.F.);
#2109 = EDGE_CURVE('',#973,#2102,#2110,.T.);
#2110 = LINE('',#2111,#2112);
#2111 = CARTESIAN_POINT('',(34.,22.6,-21.4));
#2112 = VECTOR('',#2113,1.);
#2113 = DIRECTION('',(-1.,0.,3.3E-16));
#2114 = PLANE('',#2115);
#2115 = AXIS2_PLACEMENT_3D('',#2116,#2117,#2118);
#2116 = CARTESIAN_POINT('',(34.,22.6,21.4));
#2117 = DIRECTION('',(0.,-1.,0.));
#2118 = DIRECTION('',(-3.3E-16,-0.,-1.));
#2119 = ADVANCED_FACE('',(#2120),#2131,.F.);
#2120 = FACE_BOUND('',#2121,.F.);
#2121 = EDGE_LOOP('',(#2122,#2123,#2124,#2130));
#2122 = ORIENTED_EDGE('',*,*,#972,.F.);
#2123 = ORIENTED_EDGE('',*,*,#2109,.T.);
#2124 = ORIENTED_EDGE('',*,*,#2125,.F.);
#2125 = EDGE_CURVE('',#1092,#2102,#2126,.T.);
#2126 = LINE('',#2127,#2128);
#2127 = CARTESIAN_POINT('',(14.,32.87192218407,-21.4));
#2128 = VECTOR('',#2129,1.);
#2129 = DIRECTION('',(0.,-1.,0.));
#2130 = ORIENTED_EDGE('',*,*,#1100,.T.);
#2131 = PLANE('',#2132);
#2132 = AXIS2_PLACEMENT_3D('',#2133,#2134,#2135);
#2133 = CARTESIAN_POINT('',(34.,22.6,-21.4));
#2134 = DIRECTION('',(-3.3E-16,0.,-1.));
#2135 = DIRECTION('',(0.,1.,0.));
#2136 = ADVANCED_FACE('',(#2137),#2156,.F.);
#2137 = FACE_BOUND('',#2138,.T.);
#2138 = EDGE_LOOP('',(#2139,#2147,#2148,#2149));
#2139 = ORIENTED_EDGE('',*,*,#2140,.F.);
#2140 = EDGE_CURVE('',#1022,#2141,#2143,.T.);
#2141 = VERTEX_POINT('',#2142);
#2142 = CARTESIAN_POINT('',(30.6,10.05,-3.));
#2143 = LINE('',#2144,#2145);
#2144 = CARTESIAN_POINT('',(34.,10.05,-3.));
#2145 = VECTOR('',#2146,1.);
#2146 = DIRECTION('',(-1.,0.,9.E-17));
#2147 = ORIENTED_EDGE('',*,*,#1021,.T.);
#2148 = ORIENTED_EDGE('',*,*,#2140,.T.);
#2149 = ORIENTED_EDGE('',*,*,#2150,.F.);
#2150 = EDGE_CURVE('',#2141,#2141,#2151,.T.);
#2151 = CIRCLE('',#2152,3.);
#2152 = AXIS2_PLACEMENT_3D('',#2153,#2154,#2155);
#2153 = CARTESIAN_POINT('',(30.6,10.05,3.552713678801E-14));
#2154 = DIRECTION('',(1.,0.,-1.1E-16));
#2155 = DIRECTION('',(-1.1E-16,0.,-1.));
#2156 = CYLINDRICAL_SURFACE('',#2157,3.);
#2157 = AXIS2_PLACEMENT_3D('',#2158,#2159,#2160);
#2158 = CARTESIAN_POINT('',(34.,10.05,3.552713678801E-14));
#2159 = DIRECTION('',(-1.,0.,1.1E-16));
#2160 = DIRECTION('',(-1.1E-16,0.,-1.));
#2161 = ADVANCED_FACE('',(#2162,#2172,#2183,#2194,#2205,#2216,#2227,
    #2230),#2241,.T.);
#2162 = FACE_BOUND('',#2163,.T.);
#2163 = EDGE_LOOP('',(#2164,#2165,#2166,#2167,#2168,#2169,#2170,#2171));
#2164 = ORIENTED_EDGE('',*,*,#1089,.F.);
#2165 = ORIENTED_EDGE('',*,*,#1123,.F.);
#2166 = ORIENTED_EDGE('',*,*,#1192,.F.);
#2167 = ORIENTED_EDGE('',*,*,#1275,.T.);
#2168 = ORIENTED_EDGE('',*,*,#1345,.T.);
#2169 = ORIENTED_EDGE('',*,*,#2077,.F.);
#2170 = ORIENTED_EDGE('',*,*,#2101,.F.);
#2171 = ORIENTED_EDGE('',*,*,#2125,.F.);
#2172 = FACE_BOUND('',#2173,.T.);
#2173 = EDGE_LOOP('',(#2174));
#2174 = ORIENTED_EDGE('',*,*,#2175,.T.);
#2175 = EDGE_CURVE('',#2176,#2176,#2178,.T.);
#2176 = VERTEX_POINT('',#2177);
#2177 = CARTESIAN_POINT('',(14.,28.5,20.5));
#2178 = CIRCLE('',#2179,1.5);
#2179 = AXIS2_PLACEMENT_3D('',#2180,#2181,#2182);
#2180 = CARTESIAN_POINT('',(14.,28.5,19.));
#2181 = DIRECTION('',(-1.,0.,5.5E-16));
#2182 = DIRECTION('',(5.5E-16,0.,1.));
#2183 = FACE_BOUND('',#2184,.T.);
#2184 = EDGE_LOOP('',(#2185));
#2185 = ORIENTED_EDGE('',*,*,#2186,.T.);
#2186 = EDGE_CURVE('',#2187,#2187,#2189,.T.);
#2187 = VERTEX_POINT('',#2188);
#2188 = CARTESIAN_POINT('',(14.,28.5,17.25));
#2189 = CIRCLE('',#2190,1.75);
#2190 = AXIS2_PLACEMENT_3D('',#2191,#2192,#2193);
#2191 = CARTESIAN_POINT('',(14.,28.5,15.5));
#2192 = DIRECTION('',(-1.,0.,2.2E-16));
#2193 = DIRECTION('',(2.2E-16,0.,1.));
#2194 = FACE_BOUND('',#2195,.T.);
#2195 = EDGE_LOOP('',(#2196));
#2196 = ORIENTED_EDGE('',*,*,#2197,.T.);
#2197 = EDGE_CURVE('',#2198,#2198,#2200,.T.);
#2198 = VERTEX_POINT('',#2199);
#2199 = CARTESIAN_POINT('',(14.,28.5,-1.));
#2200 = CIRCLE('',#2201,1.5);
#2201 = AXIS2_PLACEMENT_3D('',#2202,#2203,#2204);
#2202 = CARTESIAN_POINT('',(14.,28.5,-2.5));
#2203 = DIRECTION('',(-1.,0.,2.2E-16));
#2204 = DIRECTION('',(2.2E-16,0.,1.));
#2205 = FACE_BOUND('',#2206,.T.);
#2206 = EDGE_LOOP('',(#2207));
#2207 = ORIENTED_EDGE('',*,*,#2208,.T.);
#2208 = EDGE_CURVE('',#2209,#2209,#2211,.T.);
#2209 = VERTEX_POINT('',#2210);
#2210 = CARTESIAN_POINT('',(14.,28.5,-13.75));
#2211 = CIRCLE('',#2212,1.75);
#2212 = AXIS2_PLACEMENT_3D('',#2213,#2214,#2215);
#2213 = CARTESIAN_POINT('',(14.,28.5,-15.5));
#2214 = DIRECTION('',(-1.,0.,2.2E-16));
#2215 = DIRECTION('',(2.2E-16,0.,1.));
#2216 = FACE_BOUND('',#2217,.T.);
#2217 = EDGE_LOOP('',(#2218));
#2218 = ORIENTED_EDGE('',*,*,#2219,.T.);
#2219 = EDGE_CURVE('',#2220,#2220,#2222,.T.);
#2220 = VERTEX_POINT('',#2221);
#2221 = CARTESIAN_POINT('',(14.,59.5,17.25));
#2222 = CIRCLE('',#2223,1.75);
#2223 = AXIS2_PLACEMENT_3D('',#2224,#2225,#2226);
#2224 = CARTESIAN_POINT('',(14.,59.5,15.5));
#2225 = DIRECTION('',(-1.,0.,2.2E-16));
#2226 = DIRECTION('',(2.2E-16,0.,1.));
#2227 = FACE_BOUND('',#2228,.T.);
#2228 = EDGE_LOOP('',(#2229));
#2229 = ORIENTED_EDGE('',*,*,#1550,.T.);
#2230 = FACE_BOUND('',#2231,.T.);
#2231 = EDGE_LOOP('',(#2232));
#2232 = ORIENTED_EDGE('',*,*,#2233,.T.);
#2233 = EDGE_CURVE('',#2234,#2234,#2236,.T.);
#2234 = VERTEX_POINT('',#2235);
#2235 = CARTESIAN_POINT('',(14.,59.5,-13.75));
#2236 = CIRCLE('',#2237,1.75);
#2237 = AXIS2_PLACEMENT_3D('',#2238,#2239,#2240);
#2238 = CARTESIAN_POINT('',(14.,59.5,-15.5));
#2239 = DIRECTION('',(-1.,0.,2.2E-16));
#2240 = DIRECTION('',(2.2E-16,0.,1.));
#2241 = PLANE('',#2242);
#2242 = AXIS2_PLACEMENT_3D('',#2243,#2244,#2245);
#2243 = CARTESIAN_POINT('',(14.,44.157343362924,0.236849320623));
#2244 = DIRECTION('',(1.,0.,-8.9E-16));
#2245 = DIRECTION('',(-8.9E-16,0.,-1.));
#2246 = ADVANCED_FACE('',(#2247),#2253,.F.);
#2247 = FACE_BOUND('',#2248,.F.);
#2248 = EDGE_LOOP('',(#2249,#2250,#2251,#2252));
#2249 = ORIENTED_EDGE('',*,*,#1159,.F.);
#2250 = ORIENTED_EDGE('',*,*,#1982,.T.);
#2251 = ORIENTED_EDGE('',*,*,#1944,.F.);
#2252 = ORIENTED_EDGE('',*,*,#1920,.F.);
#2253 = PLANE('',#2254);
#2254 = AXIS2_PLACEMENT_3D('',#2255,#2256,#2257);
#2255 = CARTESIAN_POINT('',(6.374999999999,20.05,3.));
#2256 = DIRECTION('',(1.,0.,-1.1E-16));
#2257 = DIRECTION('',(-1.1E-16,0.,-1.));
#2258 = ADVANCED_FACE('',(#2259),#2275,.T.);
#2259 = FACE_BOUND('',#2260,.T.);
#2260 = EDGE_LOOP('',(#2261,#2262,#2268,#2269));
#2261 = ORIENTED_EDGE('',*,*,#1201,.F.);
#2262 = ORIENTED_EDGE('',*,*,#2263,.T.);
#2263 = EDGE_CURVE('',#1202,#1572,#2264,.T.);
#2264 = LINE('',#2265,#2266);
#2265 = CARTESIAN_POINT('',(7.5,68.403524374102,9.172794463692));
#2266 = VECTOR('',#2267,1.);
#2267 = DIRECTION('',(1.2E-16,-0.906307787037,-0.422618261741));
#2268 = ORIENTED_EDGE('',*,*,#1571,.T.);
#2269 = ORIENTED_EDGE('',*,*,#2270,.F.);
#2270 = EDGE_CURVE('',#1204,#1574,#2271,.T.);
#2271 = LINE('',#2272,#2273);
#2272 = CARTESIAN_POINT('',(10.5,68.403524374102,9.172794463692));
#2273 = VECTOR('',#2274,1.);
#2274 = DIRECTION('',(1.2E-16,-0.906307787037,-0.422618261741));
#2275 = PLANE('',#2276);
#2276 = AXIS2_PLACEMENT_3D('',#2277,#2278,#2279);
#2277 = CARTESIAN_POINT('',(7.5,68.403524374102,9.172794463692));
#2278 = DIRECTION('',(-5.E-17,-0.422618261741,0.906307787037));
#2279 = DIRECTION('',(1.,2.980614504622E-16,1.941572328995E-16));
#2280 = ADVANCED_FACE('',(#2281),#2292,.F.);
#2281 = FACE_BOUND('',#2282,.F.);
#2282 = EDGE_LOOP('',(#2283,#2284,#2290,#2291));
#2283 = ORIENTED_EDGE('',*,*,#1211,.T.);
#2284 = ORIENTED_EDGE('',*,*,#2285,.T.);
#2285 = EDGE_CURVE('',#1212,#1617,#2286,.T.);
#2286 = LINE('',#2287,#2288);
#2287 = CARTESIAN_POINT('',(10.5,66.713051327139,12.798025611838));
#2288 = VECTOR('',#2289,1.);
#2289 = DIRECTION('',(1.2E-16,-0.906307787037,-0.422618261741));
#2290 = ORIENTED_EDGE('',*,*,#1624,.T.);
#2291 = ORIENTED_EDGE('',*,*,#2270,.F.);
#2292 = CYLINDRICAL_SURFACE('',#2293,2.);
#2293 = AXIS2_PLACEMENT_3D('',#2294,#2295,#2296);
#2294 = CARTESIAN_POINT('',(10.5,67.558287850621,10.985410037765));
#2295 = DIRECTION('',(-3.6E-16,0.906307787037,0.422618261741));
#2296 = DIRECTION('',(-3.2E-16,0.422618261741,-0.906307787037));
#2297 = ADVANCED_FACE('',(#2298),#2309,.F.);
#2298 = FACE_BOUND('',#2299,.F.);
#2299 = EDGE_LOOP('',(#2300,#2301,#2307,#2308));
#2300 = ORIENTED_EDGE('',*,*,#1220,.F.);
#2301 = ORIENTED_EDGE('',*,*,#2302,.T.);
#2302 = EDGE_CURVE('',#1221,#1582,#2303,.T.);
#2303 = LINE('',#2304,#2305);
#2304 = CARTESIAN_POINT('',(7.5,66.713051327139,12.798025611838));
#2305 = VECTOR('',#2306,1.);
#2306 = DIRECTION('',(1.2E-16,-0.906307787037,-0.422618261741));
#2307 = ORIENTED_EDGE('',*,*,#1616,.T.);
#2308 = ORIENTED_EDGE('',*,*,#2285,.F.);
#2309 = PLANE('',#2310);
#2310 = AXIS2_PLACEMENT_3D('',#2311,#2312,#2313);
#2311 = CARTESIAN_POINT('',(7.5,66.713051327139,12.798025611838));
#2312 = DIRECTION('',(3.2E-16,-0.422618261741,0.906307787037));
#2313 = DIRECTION('',(1.,4.594558829666E-16,-1.388331372563E-16));
#2314 = ADVANCED_FACE('',(#2315),#2321,.F.);
#2315 = FACE_BOUND('',#2316,.F.);
#2316 = EDGE_LOOP('',(#2317,#2318,#2319,#2320));
#2317 = ORIENTED_EDGE('',*,*,#1228,.T.);
#2318 = ORIENTED_EDGE('',*,*,#2263,.T.);
#2319 = ORIENTED_EDGE('',*,*,#1581,.T.);
#2320 = ORIENTED_EDGE('',*,*,#2302,.F.);
#2321 = CYLINDRICAL_SURFACE('',#2322,2.);
#2322 = AXIS2_PLACEMENT_3D('',#2323,#2324,#2325);
#2323 = CARTESIAN_POINT('',(7.5,67.558287850621,10.985410037765));
#2324 = DIRECTION('',(-3.6E-16,0.906307787037,0.422618261741));
#2325 = DIRECTION('',(-3.2E-16,0.422618261741,-0.906307787037));
#2326 = ADVANCED_FACE('',(#2327,#2335),#2364,.T.);
#2327 = FACE_BOUND('',#2328,.T.);
#2328 = EDGE_LOOP('',(#2329,#2330,#2331,#2332,#2333,#2334));
#2329 = ORIENTED_EDGE('',*,*,#1817,.F.);
#2330 = ORIENTED_EDGE('',*,*,#2061,.T.);
#2331 = ORIENTED_EDGE('',*,*,#1404,.F.);
#2332 = ORIENTED_EDGE('',*,*,#1371,.T.);
#2333 = ORIENTED_EDGE('',*,*,#1308,.T.);
#2334 = ORIENTED_EDGE('',*,*,#1792,.T.);
#2335 = FACE_BOUND('',#2336,.T.);
#2336 = EDGE_LOOP('',(#2337,#2348,#2357));
#2337 = ORIENTED_EDGE('',*,*,#2338,.T.);
#2338 = EDGE_CURVE('',#2339,#2341,#2343,.T.);
#2339 = VERTEX_POINT('',#2340);
#2340 = CARTESIAN_POINT('',(5.5,29.77775313,18.214285714286));
#2341 = VERTEX_POINT('',#2342);
#2342 = CARTESIAN_POINT('',(5.5,28.5,20.5));
#2343 = CIRCLE('',#2344,1.5);
#2344 = AXIS2_PLACEMENT_3D('',#2345,#2346,#2347);
#2345 = CARTESIAN_POINT('',(5.5,28.5,19.));
#2346 = DIRECTION('',(1.,0.,-7.7E-16));
#2347 = DIRECTION('',(7.7E-16,0.,1.));
#2348 = ORIENTED_EDGE('',*,*,#2349,.T.);
#2349 = EDGE_CURVE('',#2341,#2350,#2352,.T.);
#2350 = VERTEX_POINT('',#2351);
#2351 = CARTESIAN_POINT('',(5.5,27.22224687,18.214285714286));
#2352 = CIRCLE('',#2353,1.5);
#2353 = AXIS2_PLACEMENT_3D('',#2354,#2355,#2356);
#2354 = CARTESIAN_POINT('',(5.5,28.5,19.));
#2355 = DIRECTION('',(1.,0.,-7.7E-16));
#2356 = DIRECTION('',(7.7E-16,0.,1.));
#2357 = ORIENTED_EDGE('',*,*,#2358,.T.);
#2358 = EDGE_CURVE('',#2350,#2339,#2359,.T.);
#2359 = CIRCLE('',#2360,3.);
#2360 = AXIS2_PLACEMENT_3D('',#2361,#2362,#2363);
#2361 = CARTESIAN_POINT('',(5.5,28.5,15.5));
#2362 = DIRECTION('',(1.,0.,-8.8E-16));
#2363 = DIRECTION('',(8.8E-16,0.,1.));
#2364 = PLANE('',#2365);
#2365 = AXIS2_PLACEMENT_3D('',#2366,#2367,#2368);
#2366 = CARTESIAN_POINT('',(5.5,27.477904312895,18.831718597951));
#2367 = DIRECTION('',(-1.,0.,9.3E-16));
#2368 = DIRECTION('',(9.3E-16,0.,1.));
#2369 = ADVANCED_FACE('',(#2370,#2373),#2384,.F.);
#2370 = FACE_BOUND('',#2371,.T.);
#2371 = EDGE_LOOP('',(#2372));
#2372 = ORIENTED_EDGE('',*,*,#1440,.T.);
#2373 = FACE_BOUND('',#2374,.T.);
#2374 = EDGE_LOOP('',(#2375));
#2375 = ORIENTED_EDGE('',*,*,#2376,.T.);
#2376 = EDGE_CURVE('',#2377,#2377,#2379,.T.);
#2377 = VERTEX_POINT('',#2378);
#2378 = CARTESIAN_POINT('',(8.6,28.5,-13.75));
#2379 = CIRCLE('',#2380,1.75);
#2380 = AXIS2_PLACEMENT_3D('',#2381,#2382,#2383);
#2381 = CARTESIAN_POINT('',(8.6,28.5,-15.5));
#2382 = DIRECTION('',(1.,0.,-4.4E-16));
#2383 = DIRECTION('',(4.4E-16,0.,1.));
#2384 = PLANE('',#2385);
#2385 = AXIS2_PLACEMENT_3D('',#2386,#2387,#2388);
#2386 = CARTESIAN_POINT('',(8.6,28.5,-15.5));
#2387 = DIRECTION('',(1.,0.,-3.3E-16));
#2388 = DIRECTION('',(-3.3E-16,-0.,-1.));
#2389 = ADVANCED_FACE('',(#2390),#2402,.F.);
#2390 = FACE_BOUND('',#2391,.T.);
#2391 = EDGE_LOOP('',(#2392,#2393,#2401));
#2392 = ORIENTED_EDGE('',*,*,#1465,.T.);
#2393 = ORIENTED_EDGE('',*,*,#2394,.T.);
#2394 = EDGE_CURVE('',#1456,#2395,#2397,.T.);
#2395 = VERTEX_POINT('',#2396);
#2396 = CARTESIAN_POINT('',(13.412022454715,24.,7.));
#2397 = LINE('',#2398,#2399);
#2398 = CARTESIAN_POINT('',(12.,24.,9.35));
#2399 = VECTOR('',#2400,1.);
#2400 = DIRECTION('',(0.51503807491,0.,-0.857167300702));
#2401 = ORIENTED_EDGE('',*,*,#2394,.F.);
#2402 = CONICAL_SURFACE('',#2403,2.35,1.029744258677);
#2403 = AXIS2_PLACEMENT_3D('',#2404,#2405,#2406);
#2404 = CARTESIAN_POINT('',(12.,24.,7.));
#2405 = DIRECTION('',(-1.,0.,3.3E-16));
#2406 = DIRECTION('',(3.3E-16,0.,1.));
#2407 = ADVANCED_FACE('',(#2408,#2415),#2426,.T.);
#2408 = FACE_BOUND('',#2409,.T.);
#2409 = EDGE_LOOP('',(#2410,#2411,#2412,#2413,#2414));
#2410 = ORIENTED_EDGE('',*,*,#1509,.T.);
#2411 = ORIENTED_EDGE('',*,*,#1560,.T.);
#2412 = ORIENTED_EDGE('',*,*,#1480,.T.);
#2413 = ORIENTED_EDGE('',*,*,#1491,.T.);
#2414 = ORIENTED_EDGE('',*,*,#1500,.T.);
#2415 = FACE_BOUND('',#2416,.T.);
#2416 = EDGE_LOOP('',(#2417));
#2417 = ORIENTED_EDGE('',*,*,#2418,.T.);
#2418 = EDGE_CURVE('',#2419,#2419,#2421,.T.);
#2419 = VERTEX_POINT('',#2420);
#2420 = CARTESIAN_POINT('',(5.5,28.5,-1.));
#2421 = CIRCLE('',#2422,1.5);
#2422 = AXIS2_PLACEMENT_3D('',#2423,#2424,#2425);
#2423 = CARTESIAN_POINT('',(5.5,28.5,-2.5));
#2424 = DIRECTION('',(1.,0.,-5.5E-16));
#2425 = DIRECTION('',(5.5E-16,0.,1.));
#2426 = PLANE('',#2427);
#2427 = AXIS2_PLACEMENT_3D('',#2428,#2429,#2430);
#2428 = CARTESIAN_POINT('',(5.5,27.972628941786,-2.513464850517));
#2429 = DIRECTION('',(-1.,0.,2.2E-16));
#2430 = DIRECTION('',(2.2E-16,0.,1.));
#2431 = ADVANCED_FACE('',(#2432),#2444,.F.);
#2432 = FACE_BOUND('',#2433,.T.);
#2433 = EDGE_LOOP('',(#2434,#2435,#2443));
#2434 = ORIENTED_EDGE('',*,*,#1675,.T.);
#2435 = ORIENTED_EDGE('',*,*,#2436,.T.);
#2436 = EDGE_CURVE('',#1666,#2437,#2439,.T.);
#2437 = VERTEX_POINT('',#2438);
#2438 = CARTESIAN_POINT('',(13.412022454715,44.,-19.25));
#2439 = LINE('',#2440,#2441);
#2440 = CARTESIAN_POINT('',(12.,44.,-16.9));
#2441 = VECTOR('',#2442,1.);
#2442 = DIRECTION('',(0.51503807491,0.,-0.857167300702));
#2443 = ORIENTED_EDGE('',*,*,#2436,.F.);
#2444 = CONICAL_SURFACE('',#2445,2.35,1.029744258677);
#2445 = AXIS2_PLACEMENT_3D('',#2446,#2447,#2448);
#2446 = CARTESIAN_POINT('',(12.,44.,-19.25));
#2447 = DIRECTION('',(-1.,0.,3.3E-16));
#2448 = DIRECTION('',(3.3E-16,0.,1.));
#2449 = ADVANCED_FACE('',(#2450,#2453),#2464,.F.);
#2450 = FACE_BOUND('',#2451,.T.);
#2451 = EDGE_LOOP('',(#2452));
#2452 = ORIENTED_EDGE('',*,*,#1700,.T.);
#2453 = FACE_BOUND('',#2454,.T.);
#2454 = EDGE_LOOP('',(#2455));
#2455 = ORIENTED_EDGE('',*,*,#2456,.T.);
#2456 = EDGE_CURVE('',#2457,#2457,#2459,.T.);
#2457 = VERTEX_POINT('',#2458);
#2458 = CARTESIAN_POINT('',(8.6,59.5,-13.75));
#2459 = CIRCLE('',#2460,1.75);
#2460 = AXIS2_PLACEMENT_3D('',#2461,#2462,#2463);
#2461 = CARTESIAN_POINT('',(8.6,59.5,-15.5));
#2462 = DIRECTION('',(1.,0.,-4.4E-16));
#2463 = DIRECTION('',(4.4E-16,0.,1.));
#2464 = PLANE('',#2465);
#2465 = AXIS2_PLACEMENT_3D('',#2466,#2467,#2468);
#2466 = CARTESIAN_POINT('',(8.6,59.5,-15.5));
#2467 = DIRECTION('',(1.,0.,-3.3E-16));
#2468 = DIRECTION('',(-3.3E-16,-0.,-1.));
#2469 = ADVANCED_FACE('',(#2470),#2482,.F.);
#2470 = FACE_BOUND('',#2471,.T.);
#2471 = EDGE_LOOP('',(#2472,#2473,#2481));
#2472 = ORIENTED_EDGE('',*,*,#1725,.T.);
#2473 = ORIENTED_EDGE('',*,*,#2474,.T.);
#2474 = EDGE_CURVE('',#1716,#2475,#2477,.T.);
#2475 = VERTEX_POINT('',#2476);
#2476 = CARTESIAN_POINT('',(13.412022454715,44.,17.25));
#2477 = LINE('',#2478,#2479);
#2478 = CARTESIAN_POINT('',(12.,44.,19.6));
#2479 = VECTOR('',#2480,1.);
#2480 = DIRECTION('',(0.51503807491,0.,-0.857167300702));
#2481 = ORIENTED_EDGE('',*,*,#2474,.F.);
#2482 = CONICAL_SURFACE('',#2483,2.35,1.029744258677);
#2483 = AXIS2_PLACEMENT_3D('',#2484,#2485,#2486);
#2484 = CARTESIAN_POINT('',(12.,44.,17.25));
#2485 = DIRECTION('',(-1.,0.,3.3E-16));
#2486 = DIRECTION('',(3.3E-16,0.,1.));
#2487 = ADVANCED_FACE('',(#2488),#2500,.F.);
#2488 = FACE_BOUND('',#2489,.T.);
#2489 = EDGE_LOOP('',(#2490,#2491,#2499));
#2490 = ORIENTED_EDGE('',*,*,#1750,.T.);
#2491 = ORIENTED_EDGE('',*,*,#2492,.T.);
#2492 = EDGE_CURVE('',#1741,#2493,#2495,.T.);
#2493 = VERTEX_POINT('',#2494);
#2494 = CARTESIAN_POINT('',(13.412022454715,60.25,5.684341886081E-14));
#2495 = LINE('',#2496,#2497);
#2496 = CARTESIAN_POINT('',(12.,60.25,2.35));
#2497 = VECTOR('',#2498,1.);
#2498 = DIRECTION('',(0.51503807491,0.,-0.857167300702));
#2499 = ORIENTED_EDGE('',*,*,#2492,.F.);
#2500 = CONICAL_SURFACE('',#2501,2.35,1.029744258677);
#2501 = AXIS2_PLACEMENT_3D('',#2502,#2503,#2504);
#2502 = CARTESIAN_POINT('',(12.,60.25,6.394884621841E-14));
#2503 = DIRECTION('',(-1.,0.,3.3E-16));
#2504 = DIRECTION('',(3.3E-16,0.,1.));
#2505 = ADVANCED_FACE('',(#2506,#2509),#2520,.F.);
#2506 = FACE_BOUND('',#2507,.T.);
#2507 = EDGE_LOOP('',(#2508));
#2508 = ORIENTED_EDGE('',*,*,#1775,.T.);
#2509 = FACE_BOUND('',#2510,.T.);
#2510 = EDGE_LOOP('',(#2511));
#2511 = ORIENTED_EDGE('',*,*,#2512,.T.);
#2512 = EDGE_CURVE('',#2513,#2513,#2515,.T.);
#2513 = VERTEX_POINT('',#2514);
#2514 = CARTESIAN_POINT('',(8.6,59.5,17.25));
#2515 = CIRCLE('',#2516,1.75);
#2516 = AXIS2_PLACEMENT_3D('',#2517,#2518,#2519);
#2517 = CARTESIAN_POINT('',(8.6,59.5,15.5));
#2518 = DIRECTION('',(1.,0.,-4.4E-16));
#2519 = DIRECTION('',(4.4E-16,0.,1.));
#2520 = PLANE('',#2521);
#2521 = AXIS2_PLACEMENT_3D('',#2522,#2523,#2524);
#2522 = CARTESIAN_POINT('',(8.6,59.5,15.5));
#2523 = DIRECTION('',(1.,0.,-3.3E-16));
#2524 = DIRECTION('',(-3.3E-16,-0.,-1.));
#2525 = ADVANCED_FACE('',(#2526,#2530),#2533,.F.);
#2526 = FACE_BOUND('',#2527,.T.);
#2527 = EDGE_LOOP('',(#2528,#2529));
#2528 = ORIENTED_EDGE('',*,*,#1850,.T.);
#2529 = ORIENTED_EDGE('',*,*,#1841,.T.);
#2530 = FACE_BOUND('',#2531,.T.);
#2531 = EDGE_LOOP('',(#2532));
#2532 = ORIENTED_EDGE('',*,*,#2041,.F.);
#2533 = PLANE('',#2534);
#2534 = AXIS2_PLACEMENT_3D('',#2535,#2536,#2537);
#2535 = CARTESIAN_POINT('',(-1.06581410364E-14,10.05,12.724999999999));
#2536 = DIRECTION('',(-1.1E-16,-0.,-1.));
#2537 = DIRECTION('',(-1.,0.,1.1E-16));
#2538 = ADVANCED_FACE('',(#2539,#2542),#2553,.F.);
#2539 = FACE_BOUND('',#2540,.F.);
#2540 = EDGE_LOOP('',(#2541));
#2541 = ORIENTED_EDGE('',*,*,#2006,.T.);
#2542 = FACE_BOUND('',#2543,.T.);
#2543 = EDGE_LOOP('',(#2544));
#2544 = ORIENTED_EDGE('',*,*,#2545,.T.);
#2545 = EDGE_CURVE('',#2546,#2546,#2548,.T.);
#2546 = VERTEX_POINT('',#2547);
#2547 = CARTESIAN_POINT('',(15.6,10.05,1.7));
#2548 = CIRCLE('',#2549,1.7);
#2549 = AXIS2_PLACEMENT_3D('',#2550,#2551,#2552);
#2550 = CARTESIAN_POINT('',(15.6,10.05,2.13162820728E-14));
#2551 = DIRECTION('',(1.,0.,-2.2E-16));
#2552 = DIRECTION('',(2.2E-16,0.,1.));
#2553 = PLANE('',#2554);
#2554 = AXIS2_PLACEMENT_3D('',#2555,#2556,#2557);
#2555 = CARTESIAN_POINT('',(15.6,10.05,2.84217094304E-14));
#2556 = DIRECTION('',(1.,0.,-2.2E-16));
#2557 = DIRECTION('',(2.2E-16,0.,1.));
#2558 = ADVANCED_FACE('',(#2559),#2593,.F.);
#2559 = FACE_BOUND('',#2560,.T.);
#2560 = EDGE_LOOP('',(#2561,#2569,#2578,#2584,#2585,#2590,#2591,#2592));
#2561 = ORIENTED_EDGE('',*,*,#2562,.F.);
#2562 = EDGE_CURVE('',#2563,#2339,#2565,.T.);
#2563 = VERTEX_POINT('',#2564);
#2564 = CARTESIAN_POINT('',(8.6,29.77775313,18.214285714286));
#2565 = LINE('',#2566,#2567);
#2566 = CARTESIAN_POINT('',(5.5,29.77775313,18.214285714286));
#2567 = VECTOR('',#2568,1.);
#2568 = DIRECTION('',(-1.,0.,1.02E-15));
#2569 = ORIENTED_EDGE('',*,*,#2570,.F.);
#2570 = EDGE_CURVE('',#2571,#2563,#2573,.T.);
#2571 = VERTEX_POINT('',#2572);
#2572 = CARTESIAN_POINT('',(8.6,27.22224687,18.214285714286));
#2573 = CIRCLE('',#2574,1.5);
#2574 = AXIS2_PLACEMENT_3D('',#2575,#2576,#2577);
#2575 = CARTESIAN_POINT('',(8.6,28.5,19.));
#2576 = DIRECTION('',(1.,0.,-7.7E-16));
#2577 = DIRECTION('',(7.7E-16,0.,1.));
#2578 = ORIENTED_EDGE('',*,*,#2579,.F.);
#2579 = EDGE_CURVE('',#2350,#2571,#2580,.T.);
#2580 = LINE('',#2581,#2582);
#2581 = CARTESIAN_POINT('',(14.,27.22224687,18.214285714286));
#2582 = VECTOR('',#2583,1.);
#2583 = DIRECTION('',(1.,0.,-7.7E-16));
#2584 = ORIENTED_EDGE('',*,*,#2349,.F.);
#2585 = ORIENTED_EDGE('',*,*,#2586,.T.);
#2586 = EDGE_CURVE('',#2341,#2176,#2587,.T.);
#2587 = B_SPLINE_CURVE_WITH_KNOTS('',1,(#2588,#2589),.UNSPECIFIED.,.F.,
  .F.,(2,2),(-10.,0.),.PIECEWISE_BEZIER_KNOTS.);
#2588 = CARTESIAN_POINT('',(4.,28.5,20.5));
#2589 = CARTESIAN_POINT('',(14.,28.5,20.5));
#2590 = ORIENTED_EDGE('',*,*,#2175,.F.);
#2591 = ORIENTED_EDGE('',*,*,#2586,.F.);
#2592 = ORIENTED_EDGE('',*,*,#2338,.F.);
#2593 = CYLINDRICAL_SURFACE('',#2594,1.5);
#2594 = AXIS2_PLACEMENT_3D('',#2595,#2596,#2597);
#2595 = CARTESIAN_POINT('',(14.,28.5,19.));
#2596 = DIRECTION('',(1.,0.,-6.6E-16));
#2597 = DIRECTION('',(6.6E-16,0.,1.));
#2598 = ADVANCED_FACE('',(#2599),#2618,.F.);
#2599 = FACE_BOUND('',#2600,.T.);
#2600 = EDGE_LOOP('',(#2601,#2609,#2610,#2611));
#2601 = ORIENTED_EDGE('',*,*,#2602,.F.);
#2602 = EDGE_CURVE('',#2187,#2603,#2605,.T.);
#2603 = VERTEX_POINT('',#2604);
#2604 = CARTESIAN_POINT('',(8.6,28.5,17.25));
#2605 = LINE('',#2606,#2607);
#2606 = CARTESIAN_POINT('',(14.,28.5,17.25));
#2607 = VECTOR('',#2608,1.);
#2608 = DIRECTION('',(-1.,0.,3.3E-16));
#2609 = ORIENTED_EDGE('',*,*,#2186,.F.);
#2610 = ORIENTED_EDGE('',*,*,#2602,.T.);
#2611 = ORIENTED_EDGE('',*,*,#2612,.F.);
#2612 = EDGE_CURVE('',#2603,#2603,#2613,.T.);
#2613 = CIRCLE('',#2614,1.75);
#2614 = AXIS2_PLACEMENT_3D('',#2615,#2616,#2617);
#2615 = CARTESIAN_POINT('',(8.6,28.5,15.5));
#2616 = DIRECTION('',(1.,0.,-4.4E-16));
#2617 = DIRECTION('',(4.4E-16,0.,1.));
#2618 = CYLINDRICAL_SURFACE('',#2619,1.75);
#2619 = AXIS2_PLACEMENT_3D('',#2620,#2621,#2622);
#2620 = CARTESIAN_POINT('',(14.,28.5,15.5));
#2621 = DIRECTION('',(1.,0.,-3.3E-16));
#2622 = DIRECTION('',(3.3E-16,0.,1.));
#2623 = ADVANCED_FACE('',(#2624),#2635,.F.);
#2624 = FACE_BOUND('',#2625,.T.);
#2625 = EDGE_LOOP('',(#2626,#2627,#2633,#2634));
#2626 = ORIENTED_EDGE('',*,*,#2197,.F.);
#2627 = ORIENTED_EDGE('',*,*,#2628,.T.);
#2628 = EDGE_CURVE('',#2198,#2419,#2629,.T.);
#2629 = LINE('',#2630,#2631);
#2630 = CARTESIAN_POINT('',(14.,28.5,-1.));
#2631 = VECTOR('',#2632,1.);
#2632 = DIRECTION('',(-1.,0.,3.3E-16));
#2633 = ORIENTED_EDGE('',*,*,#2418,.F.);
#2634 = ORIENTED_EDGE('',*,*,#2628,.F.);
#2635 = CYLINDRICAL_SURFACE('',#2636,1.5);
#2636 = AXIS2_PLACEMENT_3D('',#2637,#2638,#2639);
#2637 = CARTESIAN_POINT('',(14.,28.5,-2.5));
#2638 = DIRECTION('',(1.,0.,-3.3E-16));
#2639 = DIRECTION('',(3.3E-16,0.,1.));
#2640 = ADVANCED_FACE('',(#2641),#2652,.F.);
#2641 = FACE_BOUND('',#2642,.T.);
#2642 = EDGE_LOOP('',(#2643,#2649,#2650,#2651));
#2643 = ORIENTED_EDGE('',*,*,#2644,.F.);
#2644 = EDGE_CURVE('',#2209,#2377,#2645,.T.);
#2645 = LINE('',#2646,#2647);
#2646 = CARTESIAN_POINT('',(14.,28.5,-13.75));
#2647 = VECTOR('',#2648,1.);
#2648 = DIRECTION('',(-1.,0.,3.3E-16));
#2649 = ORIENTED_EDGE('',*,*,#2208,.F.);
#2650 = ORIENTED_EDGE('',*,*,#2644,.T.);
#2651 = ORIENTED_EDGE('',*,*,#2376,.F.);
#2652 = CYLINDRICAL_SURFACE('',#2653,1.75);
#2653 = AXIS2_PLACEMENT_3D('',#2654,#2655,#2656);
#2654 = CARTESIAN_POINT('',(14.,28.5,-15.5));
#2655 = DIRECTION('',(1.,0.,-3.3E-16));
#2656 = DIRECTION('',(3.3E-16,0.,1.));
#2657 = ADVANCED_FACE('',(#2658),#2669,.F.);
#2658 = FACE_BOUND('',#2659,.T.);
#2659 = EDGE_LOOP('',(#2660,#2666,#2667,#2668));
#2660 = ORIENTED_EDGE('',*,*,#2661,.F.);
#2661 = EDGE_CURVE('',#2220,#2513,#2662,.T.);
#2662 = LINE('',#2663,#2664);
#2663 = CARTESIAN_POINT('',(14.,59.5,17.25));
#2664 = VECTOR('',#2665,1.);
#2665 = DIRECTION('',(-1.,0.,3.3E-16));
#2666 = ORIENTED_EDGE('',*,*,#2219,.F.);
#2667 = ORIENTED_EDGE('',*,*,#2661,.T.);
#2668 = ORIENTED_EDGE('',*,*,#2512,.F.);
#2669 = CYLINDRICAL_SURFACE('',#2670,1.75);
#2670 = AXIS2_PLACEMENT_3D('',#2671,#2672,#2673);
#2671 = CARTESIAN_POINT('',(14.,59.5,15.5));
#2672 = DIRECTION('',(1.,0.,-3.3E-16));
#2673 = DIRECTION('',(3.3E-16,0.,1.));
#2674 = ADVANCED_FACE('',(#2675),#2686,.F.);
#2675 = FACE_BOUND('',#2676,.T.);
#2676 = EDGE_LOOP('',(#2677,#2683,#2684,#2685));
#2677 = ORIENTED_EDGE('',*,*,#2678,.F.);
#2678 = EDGE_CURVE('',#2234,#2457,#2679,.T.);
#2679 = LINE('',#2680,#2681);
#2680 = CARTESIAN_POINT('',(14.,59.5,-13.75));
#2681 = VECTOR('',#2682,1.);
#2682 = DIRECTION('',(-1.,0.,3.3E-16));
#2683 = ORIENTED_EDGE('',*,*,#2233,.F.);
#2684 = ORIENTED_EDGE('',*,*,#2678,.T.);
#2685 = ORIENTED_EDGE('',*,*,#2456,.F.);
#2686 = CYLINDRICAL_SURFACE('',#2687,1.75);
#2687 = AXIS2_PLACEMENT_3D('',#2688,#2689,#2690);
#2688 = CARTESIAN_POINT('',(14.,59.5,-15.5));
#2689 = DIRECTION('',(1.,0.,-3.3E-16));
#2690 = DIRECTION('',(3.3E-16,0.,1.));
#2691 = ADVANCED_FACE('',(#2692),#2704,.F.);
#2692 = FACE_BOUND('',#2693,.F.);
#2693 = EDGE_LOOP('',(#2694,#2695,#2696,#2697));
#2694 = ORIENTED_EDGE('',*,*,#2579,.F.);
#2695 = ORIENTED_EDGE('',*,*,#2358,.T.);
#2696 = ORIENTED_EDGE('',*,*,#2562,.F.);
#2697 = ORIENTED_EDGE('',*,*,#2698,.T.);
#2698 = EDGE_CURVE('',#2563,#2571,#2699,.T.);
#2699 = CIRCLE('',#2700,3.);
#2700 = AXIS2_PLACEMENT_3D('',#2701,#2702,#2703);
#2701 = CARTESIAN_POINT('',(8.6,28.5,15.5));
#2702 = DIRECTION('',(-1.,0.,3.3E-16));
#2703 = DIRECTION('',(3.3E-16,0.,1.));
#2704 = CYLINDRICAL_SURFACE('',#2705,3.);
#2705 = AXIS2_PLACEMENT_3D('',#2706,#2707,#2708);
#2706 = CARTESIAN_POINT('',(5.5,28.5,15.5));
#2707 = DIRECTION('',(1.,0.,-7.7E-16));
#2708 = DIRECTION('',(7.7E-16,0.,1.));
#2709 = ADVANCED_FACE('',(#2710),#2729,.F.);
#2710 = FACE_BOUND('',#2711,.F.);
#2711 = EDGE_LOOP('',(#2712,#2720,#2721,#2722));
#2712 = ORIENTED_EDGE('',*,*,#2713,.T.);
#2713 = EDGE_CURVE('',#2714,#2546,#2716,.T.);
#2714 = VERTEX_POINT('',#2715);
#2715 = CARTESIAN_POINT('',(30.6,10.05,1.7));
#2716 = LINE('',#2717,#2718);
#2717 = CARTESIAN_POINT('',(30.6,10.05,1.7));
#2718 = VECTOR('',#2719,1.);
#2719 = DIRECTION('',(-1.,0.,3.3E-16));
#2720 = ORIENTED_EDGE('',*,*,#2545,.T.);
#2721 = ORIENTED_EDGE('',*,*,#2713,.F.);
#2722 = ORIENTED_EDGE('',*,*,#2723,.F.);
#2723 = EDGE_CURVE('',#2714,#2714,#2724,.T.);
#2724 = CIRCLE('',#2725,1.7);
#2725 = AXIS2_PLACEMENT_3D('',#2726,#2727,#2728);
#2726 = CARTESIAN_POINT('',(30.6,10.05,2.13162820728E-14));
#2727 = DIRECTION('',(1.,0.,-2.2E-16));
#2728 = DIRECTION('',(2.2E-16,0.,1.));
#2729 = CYLINDRICAL_SURFACE('',#2730,1.7);
#2730 = AXIS2_PLACEMENT_3D('',#2731,#2732,#2733);
#2731 = CARTESIAN_POINT('',(30.6,10.05,1.72E-14));
#2732 = DIRECTION('',(1.,-0.,-3.3E-16));
#2733 = DIRECTION('',(3.3E-16,0.,1.));
#2734 = ADVANCED_FACE('',(#2735,#2739),#2742,.F.);
#2735 = FACE_BOUND('',#2736,.T.);
#2736 = EDGE_LOOP('',(#2737,#2738));
#2737 = ORIENTED_EDGE('',*,*,#2570,.T.);
#2738 = ORIENTED_EDGE('',*,*,#2698,.T.);
#2739 = FACE_BOUND('',#2740,.T.);
#2740 = EDGE_LOOP('',(#2741));
#2741 = ORIENTED_EDGE('',*,*,#2612,.T.);
#2742 = PLANE('',#2743);
#2743 = AXIS2_PLACEMENT_3D('',#2744,#2745,#2746);
#2744 = CARTESIAN_POINT('',(8.6,28.5,15.5));
#2745 = DIRECTION('',(1.,0.,-3.3E-16));
#2746 = DIRECTION('',(-3.3E-16,-0.,-1.));
#2747 = ADVANCED_FACE('',(#2748,#2751),#2754,.F.);
#2748 = FACE_BOUND('',#2749,.T.);
#2749 = EDGE_LOOP('',(#2750));
#2750 = ORIENTED_EDGE('',*,*,#2150,.T.);
#2751 = FACE_BOUND('',#2752,.T.);
#2752 = EDGE_LOOP('',(#2753));
#2753 = ORIENTED_EDGE('',*,*,#2723,.F.);
#2754 = PLANE('',#2755);
#2755 = AXIS2_PLACEMENT_3D('',#2756,#2757,#2758);
#2756 = CARTESIAN_POINT('',(30.6,10.05,3.552713678801E-14));
#2757 = DIRECTION('',(-1.,0.,1.1E-16));
#2758 = DIRECTION('',(1.1E-16,0.,1.));
#2759 = ( GEOMETRIC_REPRESENTATION_CONTEXT(3) 
GLOBAL_UNCERTAINTY_ASSIGNED_CONTEXT((#2763)) 
GLOBAL_UNIT_ASSIGNED_CONTEXT((#2760,#2761,#2762)) REPRESENTATION_CONTEXT
('Context #1','3D Context with UNIT and UNCERTAINTY') );
#2760 = ( LENGTH_UNIT() NAMED_UNIT(*) SI_UNIT(.MILLI.,.METRE.) );
#2761 = ( NAMED_UNIT(*) PLANE_ANGLE_UNIT() SI_UNIT($,.RADIAN.) );
#2762 = ( NAMED_UNIT(*) SI_UNIT($,.STERADIAN.) SOLID_ANGLE_UNIT() );
#2763 = UNCERTAINTY_MEASURE_WITH_UNIT(LENGTH_MEASURE(5.E-05),#2760,
  'distance_accuracy_value','confusion accuracy');
#2764 = PRODUCT_RELATED_PRODUCT_CATEGORY('part',$,(#7));
#2765 = MECHANICAL_DESIGN_GEOMETRIC_PRESENTATION_REPRESENTATION('',(
    #2766),#2759);
#2766 = STYLED_ITEM('color',(#2767),#15);
#2767 = PRESENTATION_STYLE_ASSIGNMENT((#2768,#2774));
#2768 = SURFACE_STYLE_USAGE(.BOTH.,#2769);
#2769 = SURFACE_SIDE_STYLE('',(#2770));
#2770 = SURFACE_STYLE_FILL_AREA(#2771);
#2771 = FILL_AREA_STYLE('',(#2772));
#2772 = FILL_AREA_STYLE_COLOUR('',#2773);
#2773 = COLOUR_RGB('',0.447058818107,0.474509808674,0.501960817233);
#2774 = CURVE_STYLE('',#2775,POSITIVE_LENGTH_MEASURE(0.1),#2776);
#2775 = DRAUGHTING_PRE_DEFINED_CURVE_FONT('continuous');
#2776 = COLOUR_RGB('',9.803921802644E-02,9.803921802644E-02,
  9.803921802644E-02);
ENDSEC;
END-ISO-10303-21;
