ISO-10303-21;
HEADER;
FILE_DESCRIPTION(('FreeCAD Model'),'2;1');
FILE_NAME('Open CASCADE Shape Model','2025-12-03T23:53:49',(''),(''),
  'Open CASCADE STEP processor 7.9','FreeCAD','Unknown');
FILE_SCHEMA(('AUTOMOTIVE_DESIGN { 1 0 10303 214 1 1 1 1 }'));
ENDSEC;
DATA;
#1 = APPLICATION_PROTOCOL_DEFINITION('international standard',
  'automotive_design',2000,#2);
#2 = APPLICATION_CONTEXT(
  'core data for automotive mechanical design processes');
#3 = SHAPE_DEFINITION_REPRESENTATION(#4,#10);
#4 = PRODUCT_DEFINITION_SHAPE('','',#5);
#5 = PRODUCT_DEFINITION('design','',#6,#9);
#6 = PRODUCT_DEFINITION_FORMATION('','',#7);
#7 = PRODUCT('2020Support','2020Support','',(#8));
#8 = PRODUCT_CONTEXT('',#2,'mechanical');
#9 = PRODUCT_DEFINITION_CONTEXT('part definition',#2,'design');
#10 = ADVANCED_BREP_SHAPE_REPRESENTATION('',(#11,#15),#2240);
#11 = AXIS2_PLACEMENT_3D('',#12,#13,#14);
#12 = CARTESIAN_POINT('',(0.,0.,0.));
#13 = DIRECTION('',(0.,0.,1.));
#14 = DIRECTION('',(1.,0.,-0.));
#15 = MANIFOLD_SOLID_BREP('',#16);
#16 = CLOSED_SHELL('',(#17,#253,#301,#448,#577,#605,#661,#758,#782,#831,
    #866,#900,#1002,#1031,#1121,#1146,#1171,#1196,#1221,#1239,#1259,
    #1290,#1314,#1338,#1348,#1373,#1398,#1408,#1485,#1566,#1615,#1642,
    #1660,#1680,#1690,#1706,#1737,#1768,#1790,#1810,#1830,#1846,#1862,
    #1878,#1903,#1928,#1953,#1987,#2012,#2039,#2059,#2084,#2104,#2129,
    #2149,#2174,#2194,#2211));
#17 = ADVANCED_FACE('',(#18,#204,#215,#226,#237),#248,.F.);
#18 = FACE_BOUND('',#19,.F.);
#19 = EDGE_LOOP('',(#20,#30,#49,#57,#72,#80,#88,#97,#106,#114,#122,#136,
    #144,#158,#166,#174,#182,#190,#198));
#20 = ORIENTED_EDGE('',*,*,#21,.F.);
#21 = EDGE_CURVE('',#22,#24,#26,.T.);
#22 = VERTEX_POINT('',#23);
#23 = CARTESIAN_POINT('',(-13.05665258084,-22.6,-4.2));
#24 = VERTEX_POINT('',#25);
#25 = CARTESIAN_POINT('',(-13.05665258084,-22.6,-7.));
#26 = LINE('',#27,#28);
#27 = CARTESIAN_POINT('',(-13.05665258084,-22.6,-8.2));
#28 = VECTOR('',#29,1.);
#29 = DIRECTION('',(-0.,-0.,-1.));
#30 = ORIENTED_EDGE('',*,*,#31,.F.);
#31 = EDGE_CURVE('',#32,#22,#34,.T.);
#32 = VERTEX_POINT('',#33);
#33 = CARTESIAN_POINT('',(-11.33907617408,-22.6,-2.2));
#34 = B_SPLINE_CURVE_WITH_KNOTS('',7,(#35,#36,#37,#38,#39,#40,#41,#42,
    #43,#44,#45,#46,#47,#48),.UNSPECIFIED.,.F.,.F.,(8,6,8),(0.,0.5,1.),
  .UNSPECIFIED.);
#35 = CARTESIAN_POINT('',(-11.33907617408,-22.6,-2.2));
#36 = CARTESIAN_POINT('',(-11.54510270251,-22.6,-2.2));
#37 = CARTESIAN_POINT('',(-11.75092565273,-22.6,-2.244751626071));
#38 = CARTESIAN_POINT('',(-11.94514776631,-22.6,-2.329253248518));
#39 = CARTESIAN_POINT('',(-12.12215898195,-22.6,-2.438191664164));
#40 = CARTESIAN_POINT('',(-12.28524017292,-22.6,-2.568353555958));
#41 = CARTESIAN_POINT('',(-12.43166875313,-22.6,-2.714639178674));
#42 = CARTESIAN_POINT('',(-12.69101798055,-22.6,-3.034695373841));
#43 = CARTESIAN_POINT('',(-12.8037127456,-22.6,-3.208407389791));
#44 = CARTESIAN_POINT('',(-12.89881550659,-22.6,-3.39303451974));
#45 = CARTESIAN_POINT('',(-12.97452091469,-22.6,-3.586827543566));
#46 = CARTESIAN_POINT('',(-13.02818047281,-22.6,-3.788056656784));
#47 = CARTESIAN_POINT('',(-13.05665258084,-22.6,-3.994011301939));
#48 = CARTESIAN_POINT('',(-13.05665258084,-22.6,-4.2));
#49 = ORIENTED_EDGE('',*,*,#50,.F.);
#50 = EDGE_CURVE('',#51,#32,#53,.T.);
#51 = VERTEX_POINT('',#52);
#52 = CARTESIAN_POINT('',(-8.660923825916,-22.6,-2.2));
#53 = LINE('',#54,#55);
#54 = CARTESIAN_POINT('',(-6.943347419153,-22.6,-2.2));
#55 = VECTOR('',#56,1.);
#56 = DIRECTION('',(-1.,0.,0.));
#57 = ORIENTED_EDGE('',*,*,#58,.F.);
#58 = EDGE_CURVE('',#59,#51,#61,.T.);
#59 = VERTEX_POINT('',#60);
#60 = CARTESIAN_POINT('',(-6.943347419153,-22.6,-4.2));
#61 = B_SPLINE_CURVE_WITH_KNOTS('',9,(#62,#63,#64,#65,#66,#67,#68,#69,
    #70,#71),.UNSPECIFIED.,.F.,.F.,(10,10),(0.,1.),
  .PIECEWISE_BEZIER_KNOTS.);
#62 = CARTESIAN_POINT('',(-6.943347419153,-22.6,-4.2));
#63 = CARTESIAN_POINT('',(-6.943347419153,-22.6,-3.87276850056));
#64 = CARTESIAN_POINT('',(-6.983480213389,-22.6,-3.545547427313));
#65 = CARTESIAN_POINT('',(-7.07323182319,-22.6,-3.223895970735));
#66 = CARTESIAN_POINT('',(-7.220493119575,-22.6,-2.918335377807));
#67 = CARTESIAN_POINT('',(-7.429910334117,-22.6,-2.643977751422));
#68 = CARTESIAN_POINT('',(-7.698128560238,-22.6,-2.423271228757));
#69 = CARTESIAN_POINT('',(-8.006457694812,-22.6,-2.273518480614));
#70 = CARTESIAN_POINT('',(-8.333693768571,-22.6,-2.2));
#71 = CARTESIAN_POINT('',(-8.660923825916,-22.6,-2.2));
#72 = ORIENTED_EDGE('',*,*,#73,.T.);
#73 = EDGE_CURVE('',#59,#74,#76,.T.);
#74 = VERTEX_POINT('',#75);
#75 = CARTESIAN_POINT('',(-6.943347419153,-22.6,-7.));
#76 = LINE('',#77,#78);
#77 = CARTESIAN_POINT('',(-6.943347419153,-22.6,-8.2));
#78 = VECTOR('',#79,1.);
#79 = DIRECTION('',(-0.,-0.,-1.));
#80 = ORIENTED_EDGE('',*,*,#81,.F.);
#81 = EDGE_CURVE('',#82,#74,#84,.T.);
#82 = VERTEX_POINT('',#83);
#83 = CARTESIAN_POINT('',(-1.233896267925,-22.6,-7.));
#84 = LINE('',#85,#86);
#85 = CARTESIAN_POINT('',(13.5,-22.6,-7.));
#86 = VECTOR('',#87,1.);
#87 = DIRECTION('',(-1.,0.,0.));
#88 = ORIENTED_EDGE('',*,*,#89,.T.);
#89 = EDGE_CURVE('',#82,#90,#92,.T.);
#90 = VERTEX_POINT('',#91);
#91 = CARTESIAN_POINT('',(-2.35,-22.6,-5.));
#92 = CIRCLE('',#93,2.35);
#93 = AXIS2_PLACEMENT_3D('',#94,#95,#96);
#94 = CARTESIAN_POINT('',(0.,-22.6,-5.));
#95 = DIRECTION('',(0.,1.,-2.22044604925E-16));
#96 = DIRECTION('',(-1.,0.,0.));
#97 = ORIENTED_EDGE('',*,*,#98,.T.);
#98 = EDGE_CURVE('',#90,#99,#101,.T.);
#99 = VERTEX_POINT('',#100);
#100 = CARTESIAN_POINT('',(1.233896267925,-22.6,-7.));
#101 = CIRCLE('',#102,2.35);
#102 = AXIS2_PLACEMENT_3D('',#103,#104,#105);
#103 = CARTESIAN_POINT('',(0.,-22.6,-5.));
#104 = DIRECTION('',(0.,1.,-2.22044604925E-16));
#105 = DIRECTION('',(-1.,0.,0.));
#106 = ORIENTED_EDGE('',*,*,#107,.F.);
#107 = EDGE_CURVE('',#108,#99,#110,.T.);
#108 = VERTEX_POINT('',#109);
#109 = CARTESIAN_POINT('',(6.943347419153,-22.6,-7.));
#110 = LINE('',#111,#112);
#111 = CARTESIAN_POINT('',(13.5,-22.6,-7.));
#112 = VECTOR('',#113,1.);
#113 = DIRECTION('',(-1.,0.,0.));
#114 = ORIENTED_EDGE('',*,*,#115,.F.);
#115 = EDGE_CURVE('',#116,#108,#118,.T.);
#116 = VERTEX_POINT('',#117);
#117 = CARTESIAN_POINT('',(6.943347419153,-22.6,-4.2));
#118 = LINE('',#119,#120);
#119 = CARTESIAN_POINT('',(6.943347419153,-22.6,-8.2));
#120 = VECTOR('',#121,1.);
#121 = DIRECTION('',(-0.,-0.,-1.));
#122 = ORIENTED_EDGE('',*,*,#123,.F.);
#123 = EDGE_CURVE('',#124,#116,#126,.T.);
#124 = VERTEX_POINT('',#125);
#125 = CARTESIAN_POINT('',(8.660923825916,-22.6,-2.2));
#126 = B_SPLINE_CURVE_WITH_KNOTS('',8,(#127,#128,#129,#130,#131,#132,
    #133,#134,#135),.UNSPECIFIED.,.F.,.F.,(9,9),(0.,1.),
  .PIECEWISE_BEZIER_KNOTS.);
#127 = CARTESIAN_POINT('',(8.660923825916,-22.6,-2.2));
#128 = CARTESIAN_POINT('',(8.300377401154,-22.6,-2.2));
#129 = CARTESIAN_POINT('',(7.939465918092,-22.6,-2.335110364526));
#130 = CARTESIAN_POINT('',(7.643380331158,-22.6,-2.573842192394));
#131 = CARTESIAN_POINT('',(7.390150837262,-22.6,-2.830903022597));
#132 = CARTESIAN_POINT('',(7.183892238488,-22.6,-3.144947458263));
#133 = CARTESIAN_POINT('',(7.028586279485,-22.6,-3.478556694869));
#134 = CARTESIAN_POINT('',(6.943347419153,-22.6,-3.839519778393));
#135 = CARTESIAN_POINT('',(6.943347419153,-22.6,-4.2));
#136 = ORIENTED_EDGE('',*,*,#137,.F.);
#137 = EDGE_CURVE('',#138,#124,#140,.T.);
#138 = VERTEX_POINT('',#139);
#139 = CARTESIAN_POINT('',(11.339076174084,-22.6,-2.2));
#140 = LINE('',#141,#142);
#141 = CARTESIAN_POINT('',(13.056652580847,-22.6,-2.2));
#142 = VECTOR('',#143,1.);
#143 = DIRECTION('',(-1.,0.,0.));
#144 = ORIENTED_EDGE('',*,*,#145,.T.);
#145 = EDGE_CURVE('',#138,#146,#148,.T.);
#146 = VERTEX_POINT('',#147);
#147 = CARTESIAN_POINT('',(13.056652580847,-22.6,-4.2));
#148 = B_SPLINE_CURVE_WITH_KNOTS('',8,(#149,#150,#151,#152,#153,#154,
    #155,#156,#157),.UNSPECIFIED.,.F.,.F.,(9,9),(0.,1.),
  .PIECEWISE_BEZIER_KNOTS.);
#149 = CARTESIAN_POINT('',(11.339076174084,-22.6,-2.2));
#150 = CARTESIAN_POINT('',(11.699622598846,-22.6,-2.2));
#151 = CARTESIAN_POINT('',(12.060534081908,-22.6,-2.335110364526));
#152 = CARTESIAN_POINT('',(12.356619668843,-22.6,-2.573842192394));
#153 = CARTESIAN_POINT('',(12.609849162736,-22.6,-2.830903022597));
#154 = CARTESIAN_POINT('',(12.816107761513,-22.6,-3.144947458263));
#155 = CARTESIAN_POINT('',(12.971413720514,-22.6,-3.478556694869));
#156 = CARTESIAN_POINT('',(13.056652580847,-22.6,-3.839519778393));
#157 = CARTESIAN_POINT('',(13.056652580847,-22.6,-4.2));
#158 = ORIENTED_EDGE('',*,*,#159,.T.);
#159 = EDGE_CURVE('',#146,#160,#162,.T.);
#160 = VERTEX_POINT('',#161);
#161 = CARTESIAN_POINT('',(13.056652580847,-22.6,-7.));
#162 = LINE('',#163,#164);
#163 = CARTESIAN_POINT('',(13.056652580847,-22.6,-8.2));
#164 = VECTOR('',#165,1.);
#165 = DIRECTION('',(-0.,-0.,-1.));
#166 = ORIENTED_EDGE('',*,*,#167,.F.);
#167 = EDGE_CURVE('',#168,#160,#170,.T.);
#168 = VERTEX_POINT('',#169);
#169 = CARTESIAN_POINT('',(13.5,-22.6,-7.));
#170 = LINE('',#171,#172);
#171 = CARTESIAN_POINT('',(13.5,-22.6,-7.));
#172 = VECTOR('',#173,1.);
#173 = DIRECTION('',(-1.,0.,0.));
#174 = ORIENTED_EDGE('',*,*,#175,.T.);
#175 = EDGE_CURVE('',#168,#176,#178,.T.);
#176 = VERTEX_POINT('',#177);
#177 = CARTESIAN_POINT('',(13.5,-22.6,18.));
#178 = LINE('',#179,#180);
#179 = CARTESIAN_POINT('',(13.5,-22.6,-7.));
#180 = VECTOR('',#181,1.);
#181 = DIRECTION('',(0.,0.,1.));
#182 = ORIENTED_EDGE('',*,*,#183,.T.);
#183 = EDGE_CURVE('',#176,#184,#186,.T.);
#184 = VERTEX_POINT('',#185);
#185 = CARTESIAN_POINT('',(-13.5,-22.6,18.));
#186 = LINE('',#187,#188);
#187 = CARTESIAN_POINT('',(13.5,-22.6,18.));
#188 = VECTOR('',#189,1.);
#189 = DIRECTION('',(-1.,0.,0.));
#190 = ORIENTED_EDGE('',*,*,#191,.F.);
#191 = EDGE_CURVE('',#192,#184,#194,.T.);
#192 = VERTEX_POINT('',#193);
#193 = CARTESIAN_POINT('',(-13.5,-22.6,-7.));
#194 = LINE('',#195,#196);
#195 = CARTESIAN_POINT('',(-13.5,-22.6,-7.));
#196 = VECTOR('',#197,1.);
#197 = DIRECTION('',(0.,0.,1.));
#198 = ORIENTED_EDGE('',*,*,#199,.F.);
#199 = EDGE_CURVE('',#24,#192,#200,.T.);
#200 = LINE('',#201,#202);
#201 = CARTESIAN_POINT('',(13.5,-22.6,-7.));
#202 = VECTOR('',#203,1.);
#203 = DIRECTION('',(-1.,0.,0.));
#204 = FACE_BOUND('',#205,.F.);
#205 = EDGE_LOOP('',(#206));
#206 = ORIENTED_EDGE('',*,*,#207,.T.);
#207 = EDGE_CURVE('',#208,#208,#210,.T.);
#208 = VERTEX_POINT('',#209);
#209 = CARTESIAN_POINT('',(-2.35,-22.6,11.));
#210 = CIRCLE('',#211,2.35);
#211 = AXIS2_PLACEMENT_3D('',#212,#213,#214);
#212 = CARTESIAN_POINT('',(0.,-22.6,11.));
#213 = DIRECTION('',(0.,1.,-2.22044604925E-16));
#214 = DIRECTION('',(-1.,0.,0.));
#215 = FACE_BOUND('',#216,.F.);
#216 = EDGE_LOOP('',(#217));
#217 = ORIENTED_EDGE('',*,*,#218,.T.);
#218 = EDGE_CURVE('',#219,#219,#221,.T.);
#219 = VERTEX_POINT('',#220);
#220 = CARTESIAN_POINT('',(5.65,-22.6,3.));
#221 = CIRCLE('',#222,2.35);
#222 = AXIS2_PLACEMENT_3D('',#223,#224,#225);
#223 = CARTESIAN_POINT('',(8.,-22.6,3.));
#224 = DIRECTION('',(0.,1.,-2.22044604925E-16));
#225 = DIRECTION('',(-1.,0.,0.));
#226 = FACE_BOUND('',#227,.F.);
#227 = EDGE_LOOP('',(#228));
#228 = ORIENTED_EDGE('',*,*,#229,.F.);
#229 = EDGE_CURVE('',#230,#230,#232,.T.);
#230 = VERTEX_POINT('',#231);
#231 = CARTESIAN_POINT('',(4.5,-22.6,3.));
#232 = CIRCLE('',#233,4.5);
#233 = AXIS2_PLACEMENT_3D('',#234,#235,#236);
#234 = CARTESIAN_POINT('',(0.,-22.6,3.));
#235 = DIRECTION('',(0.,-1.,2.22044604925E-16));
#236 = DIRECTION('',(1.,0.,0.));
#237 = FACE_BOUND('',#238,.F.);
#238 = EDGE_LOOP('',(#239));
#239 = ORIENTED_EDGE('',*,*,#240,.T.);
#240 = EDGE_CURVE('',#241,#241,#243,.T.);
#241 = VERTEX_POINT('',#242);
#242 = CARTESIAN_POINT('',(-10.35,-22.6,3.));
#243 = CIRCLE('',#244,2.35);
#244 = AXIS2_PLACEMENT_3D('',#245,#246,#247);
#245 = CARTESIAN_POINT('',(-8.,-22.6,3.));
#246 = DIRECTION('',(0.,1.,-2.22044604925E-16));
#247 = DIRECTION('',(-1.,0.,0.));
#248 = PLANE('',#249);
#249 = AXIS2_PLACEMENT_3D('',#250,#251,#252);
#250 = CARTESIAN_POINT('',(13.5,-22.6,-7.));
#251 = DIRECTION('',(0.,-1.,0.));
#252 = DIRECTION('',(-1.,0.,0.));
#253 = ADVANCED_FACE('',(#254),#296,.F.);
#254 = FACE_BOUND('',#255,.F.);
#255 = EDGE_LOOP('',(#256,#257,#264,#265,#274,#281,#288,#289));
#256 = ORIENTED_EDGE('',*,*,#73,.F.);
#257 = ORIENTED_EDGE('',*,*,#258,.F.);
#258 = EDGE_CURVE('',#22,#59,#259,.T.);
#259 = CIRCLE('',#260,3.125);
#260 = AXIS2_PLACEMENT_3D('',#261,#262,#263);
#261 = CARTESIAN_POINT('',(-10.,-21.95,-4.2));
#262 = DIRECTION('',(0.,0.,1.));
#263 = DIRECTION('',(-0.978128825871,-0.208,0.));
#264 = ORIENTED_EDGE('',*,*,#21,.T.);
#265 = ORIENTED_EDGE('',*,*,#266,.F.);
#266 = EDGE_CURVE('',#267,#24,#269,.T.);
#267 = VERTEX_POINT('',#268);
#268 = CARTESIAN_POINT('',(-6.875,-21.95,-7.));
#269 = CIRCLE('',#270,3.125);
#270 = AXIS2_PLACEMENT_3D('',#271,#272,#273);
#271 = CARTESIAN_POINT('',(-10.,-21.95,-7.));
#272 = DIRECTION('',(0.,0.,1.));
#273 = DIRECTION('',(1.,0.,0.));
#274 = ORIENTED_EDGE('',*,*,#275,.F.);
#275 = EDGE_CURVE('',#276,#267,#278,.T.);
#276 = VERTEX_POINT('',#277);
#277 = CARTESIAN_POINT('',(-6.875,-21.95,-8.2));
#278 = B_SPLINE_CURVE_WITH_KNOTS('',1,(#279,#280),.UNSPECIFIED.,.F.,.F.,
  (2,2),(-1.2,0.),.PIECEWISE_BEZIER_KNOTS.);
#279 = CARTESIAN_POINT('',(-6.875,-21.95,-8.2));
#280 = CARTESIAN_POINT('',(-6.875,-21.95,-7.));
#281 = ORIENTED_EDGE('',*,*,#282,.T.);
#282 = EDGE_CURVE('',#276,#276,#283,.T.);
#283 = CIRCLE('',#284,3.125);
#284 = AXIS2_PLACEMENT_3D('',#285,#286,#287);
#285 = CARTESIAN_POINT('',(-10.,-21.95,-8.2));
#286 = DIRECTION('',(0.,0.,1.));
#287 = DIRECTION('',(1.,0.,0.));
#288 = ORIENTED_EDGE('',*,*,#275,.T.);
#289 = ORIENTED_EDGE('',*,*,#290,.F.);
#290 = EDGE_CURVE('',#74,#267,#291,.T.);
#291 = CIRCLE('',#292,3.125);
#292 = AXIS2_PLACEMENT_3D('',#293,#294,#295);
#293 = CARTESIAN_POINT('',(-10.,-21.95,-7.));
#294 = DIRECTION('',(0.,0.,1.));
#295 = DIRECTION('',(1.,0.,0.));
#296 = CYLINDRICAL_SURFACE('',#297,3.125);
#297 = AXIS2_PLACEMENT_3D('',#298,#299,#300);
#298 = CARTESIAN_POINT('',(-10.,-21.95,-7.));
#299 = DIRECTION('',(0.,0.,1.));
#300 = DIRECTION('',(1.,0.,0.));
#301 = ADVANCED_FACE('',(#302),#335,.T.);
#302 = FACE_BOUND('',#303,.T.);
#303 = EDGE_LOOP('',(#304,#305,#318));
#304 = ORIENTED_EDGE('',*,*,#31,.F.);
#305 = ORIENTED_EDGE('',*,*,#306,.T.);
#306 = EDGE_CURVE('',#32,#307,#309,.T.);
#307 = VERTEX_POINT('',#308);
#308 = CARTESIAN_POINT('',(-11.33907617408,-23.6,-3.2));
#309 = B_SPLINE_CURVE_WITH_KNOTS('',7,(#310,#311,#312,#313,#314,#315,
    #316,#317),.UNSPECIFIED.,.F.,.F.,(8,8),(0.,1.),
  .PIECEWISE_BEZIER_KNOTS.);
#310 = CARTESIAN_POINT('',(-11.33907617408,-22.6,-2.2));
#311 = CARTESIAN_POINT('',(-11.33907617408,-22.6,-2.424399475256));
#312 = CARTESIAN_POINT('',(-11.33907617408,-22.65874888655,
    -2.648797864983));
#313 = CARTESIAN_POINT('',(-11.33907617408,-22.77623727779,
    -2.854746940823));
#314 = CARTESIAN_POINT('',(-11.33907617408,-22.94525305917,
    -3.023762722202));
#315 = CARTESIAN_POINT('',(-11.33907617408,-23.15120213501,
    -3.141251113448));
#316 = CARTESIAN_POINT('',(-11.33907617408,-23.37560052474,-3.2));
#317 = CARTESIAN_POINT('',(-11.33907617408,-23.6,-3.2));
#318 = ORIENTED_EDGE('',*,*,#319,.T.);
#319 = EDGE_CURVE('',#307,#22,#320,.T.);
#320 = B_SPLINE_CURVE_WITH_KNOTS('',7,(#321,#322,#323,#324,#325,#326,
    #327,#328,#329,#330,#331,#332,#333,#334),.UNSPECIFIED.,.F.,.F.,(8,6,
    8),(0.,0.5,1.),.UNSPECIFIED.);
#321 = CARTESIAN_POINT('',(-11.33907617408,-23.6,-3.2));
#322 = CARTESIAN_POINT('',(-11.51222697149,-23.62540645675,-3.2));
#323 = CARTESIAN_POINT('',(-11.68816270787,-23.63346918564,
    -3.219384432905));
#324 = CARTESIAN_POINT('',(-11.86176253656,-23.62224678659,
    -3.255863574161));
#325 = CARTESIAN_POINT('',(-12.02975432456,-23.59186109621,
    -3.306826247212));
#326 = CARTESIAN_POINT('',(-12.18830904533,-23.54334327555,
    -3.369878263583));
#327 = CARTESIAN_POINT('',(-12.33512878488,-23.47828672831,
    -3.442868387244));
#328 = CARTESIAN_POINT('',(-12.60128614699,-23.31864932724,
    -3.60498948552));
#329 = CARTESIAN_POINT('',(-12.72060656408,-23.22406594951,
    -3.694113487243));
#330 = CARTESIAN_POINT('',(-12.8241756154,-23.11658172768,
    -3.789379012925));
#331 = CARTESIAN_POINT('',(-12.91049669212,-22.99823180866,
    -3.889103552309));
#332 = CARTESIAN_POINT('',(-12.978483926,-22.87117936534,-3.991758421811
    ));
#333 = CARTESIAN_POINT('',(-13.02737643699,-22.7376723087,
    -4.095883172821));
#334 = CARTESIAN_POINT('',(-13.05665258084,-22.6,-4.2));
#335 = B_SPLINE_SURFACE_WITH_KNOTS('',7,7,(
    (#336,#337,#338,#339,#340,#341,#342,#343,#344,#345,#346,#347,#348
      ,#349)
    ,(#350,#351,#352,#353,#354,#355,#356,#357,#358,#359,#360,#361,#362
      ,#363)
    ,(#364,#365,#366,#367,#368,#369,#370,#371,#372,#373,#374,#375,#376
      ,#377)
    ,(#378,#379,#380,#381,#382,#383,#384,#385,#386,#387,#388,#389,#390
      ,#391)
    ,(#392,#393,#394,#395,#396,#397,#398,#399,#400,#401,#402,#403,#404
      ,#405)
    ,(#406,#407,#408,#409,#410,#411,#412,#413,#414,#415,#416,#417,#418
      ,#419)
    ,(#420,#421,#422,#423,#424,#425,#426,#427,#428,#429,#430,#431,#432
      ,#433)
    ,(#434,#435,#436,#437,#438,#439,#440,#441,#442,#443,#444,#445,#446
      ,#447
    )),.UNSPECIFIED.,.F.,.F.,.F.,(8,8),(8,6,8),(0.,1.),(0.,0.5,1.),
  .UNSPECIFIED.);
#336 = CARTESIAN_POINT('',(-11.33907617408,-22.6,-2.2));
#337 = CARTESIAN_POINT('',(-11.54510270251,-22.6,-2.2));
#338 = CARTESIAN_POINT('',(-11.75092565273,-22.6,-2.244751626071));
#339 = CARTESIAN_POINT('',(-11.94514776631,-22.6,-2.329253248518));
#340 = CARTESIAN_POINT('',(-12.12215898195,-22.6,-2.438191664164));
#341 = CARTESIAN_POINT('',(-12.28524017292,-22.6,-2.568353555958));
#342 = CARTESIAN_POINT('',(-12.43166875313,-22.6,-2.714639178674));
#343 = CARTESIAN_POINT('',(-12.69101798055,-22.6,-3.034695373841));
#344 = CARTESIAN_POINT('',(-12.8037127456,-22.6,-3.208407389791));
#345 = CARTESIAN_POINT('',(-12.89881550659,-22.6,-3.39303451974));
#346 = CARTESIAN_POINT('',(-12.97452091469,-22.6,-3.586827543566));
#347 = CARTESIAN_POINT('',(-13.02818047281,-22.6,-3.788056656784));
#348 = CARTESIAN_POINT('',(-13.05665258084,-22.6,-3.994011301939));
#349 = CARTESIAN_POINT('',(-13.05665258084,-22.6,-4.2));
#350 = CARTESIAN_POINT('',(-11.33907617408,-22.6,-2.424399475256));
#351 = CARTESIAN_POINT('',(-11.54040616951,-22.6,-2.418575022942));
#352 = CARTESIAN_POINT('',(-11.74195951775,-22.6,-2.453878311961));
#353 = CARTESIAN_POINT('',(-11.93323559063,-22.6,-2.525695127638));
#354 = CARTESIAN_POINT('',(-12.10895831661,-22.6,-2.620526842027));
#355 = CARTESIAN_POINT('',(-12.27139286898,-22.6,-2.735277156447));
#356 = CARTESIAN_POINT('',(-12.4178773291,-22.6,-2.86526754127));
#357 = CARTESIAN_POINT('',(-12.67819914719,-22.6,-3.151112675109));
#358 = CARTESIAN_POINT('',(-12.79184043396,-22.6,-3.306916236712));
#359 = CARTESIAN_POINT('',(-12.88815266499,-22.6,-3.47295297088));
#360 = CARTESIAN_POINT('',(-12.96537459718,-22.6,-3.647483187472));
#361 = CARTESIAN_POINT('',(-13.02108096612,-22.6,-3.828805813559));
#362 = CARTESIAN_POINT('',(-13.05247027458,-22.6,-4.014388878665));
#363 = CARTESIAN_POINT('',(-13.05665258084,-22.6,-4.2));
#364 = CARTESIAN_POINT('',(-11.33907617408,-22.65874888655,
    -2.648797864983));
#365 = CARTESIAN_POINT('',(-11.53570963651,-22.65574424285,
    -2.639676435898));
#366 = CARTESIAN_POINT('',(-11.73262539012,-22.67496177713,-2.6821186066
    ));
#367 = CARTESIAN_POINT('',(-11.92145476322,-22.68246329663,
    -2.744177156872));
#368 = CARTESIAN_POINT('',(-12.09741570084,-22.6877708833,
    -2.826868574671));
#369 = CARTESIAN_POINT('',(-12.26009715896,-22.69009584172,
    -2.927130712566));
#370 = CARTESIAN_POINT('',(-12.40688598554,-22.68933873207,
    -3.040937094279));
#371 = CARTESIAN_POINT('',(-12.66718236603,-22.68172472474,
    -3.290861961409));
#372 = CARTESIAN_POINT('',(-12.78056734636,-22.67485684321,
    -3.426965185632));
#373 = CARTESIAN_POINT('',(-12.87612737401,-22.66504651565,
    -3.571525070826));
#374 = CARTESIAN_POINT('',(-12.95278023365,-22.65252220773,
    -3.722754099647));
#375 = CARTESIAN_POINT('',(-13.00935114303,-22.63749858248,
    -3.879188507115));
#376 = CARTESIAN_POINT('',(-13.04450065854,-22.63092163338,
    -4.048837972137));
#377 = CARTESIAN_POINT('',(-13.05665258084,-22.6,-4.2));
#378 = CARTESIAN_POINT('',(-11.33907617408,-22.77623727779,
    -2.854746940823));
#379 = CARTESIAN_POINT('',(-11.5310131035,-22.77370878964,
    -2.848072019509));
#380 = CARTESIAN_POINT('',(-11.72542122538,-22.78346579005,
    -2.874568468687));
#381 = CARTESIAN_POINT('',(-11.91429504115,-22.78777007952,
    -2.924037274347));
#382 = CARTESIAN_POINT('',(-12.09227289036,-22.78911962637,
    -2.993384209739));
#383 = CARTESIAN_POINT('',(-12.25716505137,-22.78591719321,
    -3.079492475297));
#384 = CARTESIAN_POINT('',(-12.40581139024,-22.7780751793,
    -3.178415932183));
#385 = CARTESIAN_POINT('',(-12.66843447348,-22.75347433388,
    -3.396896589624));
#386 = CARTESIAN_POINT('',(-12.78231999467,-22.73668979009,
    -3.516471139885));
#387 = CARTESIAN_POINT('',(-12.87736833366,-22.71578687756,
    -3.643532974199));
#388 = CARTESIAN_POINT('',(-12.95287240704,-22.69135137769,
    -3.776383125377));
#389 = CARTESIAN_POINT('',(-13.00840269575,-22.66390302455,
    -3.913999484024));
#390 = CARTESIAN_POINT('',(-13.04338073111,-22.63881046931,
    -4.058644533022));
#391 = CARTESIAN_POINT('',(-13.05665258084,-22.6,-4.2));
#392 = CARTESIAN_POINT('',(-11.33907617408,-22.94525305917,
    -3.023762722202));
#393 = CARTESIAN_POINT('',(-11.5263165705,-22.9536695055,-3.020686122796
    ));
#394 = CARTESIAN_POINT('',(-11.71829065918,-22.95531756428,
    -3.03041752726));
#395 = CARTESIAN_POINT('',(-11.90710904943,-22.95707102838,
    -3.069091607194));
#396 = CARTESIAN_POINT('',(-12.08679846998,-22.9524889358,
    -3.127238016462));
#397 = CARTESIAN_POINT('',(-12.253722625,-22.93980297236,-3.201668253204
    ));
#398 = CARTESIAN_POINT('',(-12.40417677885,-22.91946911868,
    -3.288436724889));
#399 = CARTESIAN_POINT('',(-12.66932617048,-22.86519774304,
    -3.481427465497));
#400 = CARTESIAN_POINT('',(-12.78395279816,-22.83122183295,
    -3.587693983599));
#401 = CARTESIAN_POINT('',(-12.87888178319,-22.79152239443,
    -3.700719738589));
#402 = CARTESIAN_POINT('',(-12.95365418964,-22.74753392821,
    -3.818872161291));
#403 = CARTESIAN_POINT('',(-13.00838031175,-22.70058271935,
    -3.941495459026));
#404 = CARTESIAN_POINT('',(-13.04301826564,-22.64838196763,
    -4.063307009631));
#405 = CARTESIAN_POINT('',(-13.05665258084,-22.6,-4.2));
#406 = CARTESIAN_POINT('',(-11.33907617408,-23.15120213501,
    -3.141251113448));
#407 = CARTESIAN_POINT('',(-11.5216200375,-23.17270610069,
    -3.134999413566));
#408 = CARTESIAN_POINT('',(-11.71031590711,-23.16933127091,
    -3.129849376368));
#409 = CARTESIAN_POINT('',(-11.89753369608,-23.16797274377,
    -3.159250804444));
#410 = CARTESIAN_POINT('',(-12.0771293172,-23.15568875264,
    -3.208989069444));
#411 = CARTESIAN_POINT('',(-12.24456744106,-23.13110314086,
    -3.275574973603));
#412 = CARTESIAN_POINT('',(-12.39590374503,-23.09535581282,
    -3.354887710433));
#413 = CARTESIAN_POINT('',(-12.66300219186,-23.00471344195,
    -3.533086141543));
#414 = CARTESIAN_POINT('',(-12.77871319928,-22.94977554534,
    -3.632027507856));
#415 = CARTESIAN_POINT('',(-12.87457957704,-22.8871164304,
    -3.737468649032));
#416 = CARTESIAN_POINT('',(-12.95016153138,-22.81899830511,
    -3.847486503962));
#417 = CARTESIAN_POINT('',(-13.00574542969,-22.74757329855,
    -3.961241161468));
#418 = CARTESIAN_POINT('',(-13.04150334173,-22.66468411551,
    -4.067770725867));
#419 = CARTESIAN_POINT('',(-13.05665258084,-22.6,-4.2));
#420 = CARTESIAN_POINT('',(-11.33907617408,-23.37560052474,-3.2));
#421 = CARTESIAN_POINT('',(-11.51692350449,-23.40320193999,
    -3.191626175024));
#422 = CARTESIAN_POINT('',(-11.69944060483,-23.41878311213,
    -3.202412024779));
#423 = CARTESIAN_POINT('',(-11.88092160609,-23.41972213884,
    -3.232644499136));
#424 = CARTESIAN_POINT('',(-12.05653401682,-23.40364505507,
    -3.281172720761));
#425 = CARTESIAN_POINT('',(-12.22082557833,-23.36998237597,
    -3.344670459014));
#426 = CARTESIAN_POINT('',(-12.37051552445,-23.32031270372,
    -3.419778761363));
#427 = CARTESIAN_POINT('',(-12.63683323856,-23.19295859501,
    -3.587541425484));
#428 = CARTESIAN_POINT('',(-12.7534556173,-23.11524084641,
    -3.680245009418));
#429 = CARTESIAN_POINT('',(-12.85146795443,-23.02575325357,
    -3.778677750801));
#430 = CARTESIAN_POINT('',(-12.93039750457,-22.92712124141,
    -3.880731580555));
#431 = CARTESIAN_POINT('',(-12.99064273704,-22.82194711634,
    -3.985173250691));
#432 = CARTESIAN_POINT('',(-13.03274373271,-22.71243237282,
    -4.091534130042));
#433 = CARTESIAN_POINT('',(-13.05665258084,-22.6,-4.2));
#434 = CARTESIAN_POINT('',(-11.33907617408,-23.6,-3.2));
#435 = CARTESIAN_POINT('',(-11.51222697149,-23.62540645675,-3.2));
#436 = CARTESIAN_POINT('',(-11.68816270787,-23.63346918564,
    -3.219384432905));
#437 = CARTESIAN_POINT('',(-11.86176253656,-23.62224678659,
    -3.255863574161));
#438 = CARTESIAN_POINT('',(-12.02975432456,-23.59186109621,
    -3.306826247212));
#439 = CARTESIAN_POINT('',(-12.18830904533,-23.54334327555,
    -3.369878263583));
#440 = CARTESIAN_POINT('',(-12.33512878488,-23.47828672831,
    -3.442868387244));
#441 = CARTESIAN_POINT('',(-12.60128614699,-23.31864932724,
    -3.60498948552));
#442 = CARTESIAN_POINT('',(-12.72060656408,-23.22406594951,
    -3.694113487243));
#443 = CARTESIAN_POINT('',(-12.8241756154,-23.11658172768,
    -3.789379012925));
#444 = CARTESIAN_POINT('',(-12.91049669212,-22.99823180866,
    -3.889103552309));
#445 = CARTESIAN_POINT('',(-12.978483926,-22.87117936534,-3.991758421811
    ));
#446 = CARTESIAN_POINT('',(-13.02737643699,-22.7376723087,
    -4.095883172821));
#447 = CARTESIAN_POINT('',(-13.05665258084,-22.6,-4.2));
#448 = ADVANCED_FACE('',(#449,#550,#561),#572,.T.);
#449 = FACE_BOUND('',#450,.T.);
#450 = EDGE_LOOP('',(#451,#452,#460,#469,#475,#476,#485,#492,#493,#501,
    #509,#517,#525,#533,#541,#547,#548,#549));
#451 = ORIENTED_EDGE('',*,*,#81,.F.);
#452 = ORIENTED_EDGE('',*,*,#453,.T.);
#453 = EDGE_CURVE('',#82,#454,#456,.T.);
#454 = VERTEX_POINT('',#455);
#455 = CARTESIAN_POINT('',(-1.233896267925,-18.9,-7.));
#456 = LINE('',#457,#458);
#457 = CARTESIAN_POINT('',(-1.233896267925,-30.9,-7.));
#458 = VECTOR('',#459,1.);
#459 = DIRECTION('',(0.,1.,-2.22044604925E-16));
#460 = ORIENTED_EDGE('',*,*,#461,.T.);
#461 = EDGE_CURVE('',#454,#462,#464,.T.);
#462 = VERTEX_POINT('',#463);
#463 = CARTESIAN_POINT('',(1.233896267925,-18.9,-7.));
#464 = HYPERBOLA('',#465,1.201721238055,2.);
#465 = AXIS2_PLACEMENT_3D('',#466,#467,#468);
#466 = CARTESIAN_POINT('',(0.,-17.48797754528,-7.));
#467 = DIRECTION('',(-0.,0.,1.));
#468 = DIRECTION('',(0.,-1.,0.));
#469 = ORIENTED_EDGE('',*,*,#470,.T.);
#470 = EDGE_CURVE('',#462,#99,#471,.T.);
#471 = LINE('',#472,#473);
#472 = CARTESIAN_POINT('',(1.233896267925,-22.4,-7.));
#473 = VECTOR('',#474,1.);
#474 = DIRECTION('',(0.,-1.,0.));
#475 = ORIENTED_EDGE('',*,*,#107,.F.);
#476 = ORIENTED_EDGE('',*,*,#477,.F.);
#477 = EDGE_CURVE('',#478,#108,#480,.T.);
#478 = VERTEX_POINT('',#479);
#479 = CARTESIAN_POINT('',(13.125,-21.95,-7.));
#480 = CIRCLE('',#481,3.125);
#481 = AXIS2_PLACEMENT_3D('',#482,#483,#484);
#482 = CARTESIAN_POINT('',(10.,-21.95,-7.));
#483 = DIRECTION('',(0.,0.,1.));
#484 = DIRECTION('',(1.,0.,0.));
#485 = ORIENTED_EDGE('',*,*,#486,.F.);
#486 = EDGE_CURVE('',#160,#478,#487,.T.);
#487 = CIRCLE('',#488,3.125);
#488 = AXIS2_PLACEMENT_3D('',#489,#490,#491);
#489 = CARTESIAN_POINT('',(10.,-21.95,-7.));
#490 = DIRECTION('',(0.,0.,1.));
#491 = DIRECTION('',(1.,0.,0.));
#492 = ORIENTED_EDGE('',*,*,#167,.F.);
#493 = ORIENTED_EDGE('',*,*,#494,.F.);
#494 = EDGE_CURVE('',#495,#168,#497,.T.);
#495 = VERTEX_POINT('',#496);
#496 = CARTESIAN_POINT('',(13.5,1.35,-7.));
#497 = LINE('',#498,#499);
#498 = CARTESIAN_POINT('',(13.5,8.,-7.));
#499 = VECTOR('',#500,1.);
#500 = DIRECTION('',(0.,-1.,0.));
#501 = ORIENTED_EDGE('',*,*,#502,.F.);
#502 = EDGE_CURVE('',#503,#495,#505,.T.);
#503 = VERTEX_POINT('',#504);
#504 = CARTESIAN_POINT('',(6.,1.35,-7.));
#505 = LINE('',#506,#507);
#506 = CARTESIAN_POINT('',(-13.5,1.35,-7.));
#507 = VECTOR('',#508,1.);
#508 = DIRECTION('',(1.,0.,0.));
#509 = ORIENTED_EDGE('',*,*,#510,.F.);
#510 = EDGE_CURVE('',#511,#503,#513,.T.);
#511 = VERTEX_POINT('',#512);
#512 = CARTESIAN_POINT('',(6.,-3.15,-7.));
#513 = LINE('',#514,#515);
#514 = CARTESIAN_POINT('',(6.,-3.15,-7.));
#515 = VECTOR('',#516,1.);
#516 = DIRECTION('',(0.,1.,0.));
#517 = ORIENTED_EDGE('',*,*,#518,.F.);
#518 = EDGE_CURVE('',#519,#511,#521,.T.);
#519 = VERTEX_POINT('',#520);
#520 = CARTESIAN_POINT('',(-6.,-3.15,-7.));
#521 = LINE('',#522,#523);
#522 = CARTESIAN_POINT('',(-6.,-3.15,-7.));
#523 = VECTOR('',#524,1.);
#524 = DIRECTION('',(1.,0.,0.));
#525 = ORIENTED_EDGE('',*,*,#526,.F.);
#526 = EDGE_CURVE('',#527,#519,#529,.T.);
#527 = VERTEX_POINT('',#528);
#528 = CARTESIAN_POINT('',(-6.,1.35,-7.));
#529 = LINE('',#530,#531);
#530 = CARTESIAN_POINT('',(-6.,1.35,-7.));
#531 = VECTOR('',#532,1.);
#532 = DIRECTION('',(0.,-1.,0.));
#533 = ORIENTED_EDGE('',*,*,#534,.F.);
#534 = EDGE_CURVE('',#535,#527,#537,.T.);
#535 = VERTEX_POINT('',#536);
#536 = CARTESIAN_POINT('',(-13.5,1.35,-7.));
#537 = LINE('',#538,#539);
#538 = CARTESIAN_POINT('',(-13.5,1.35,-7.));
#539 = VECTOR('',#540,1.);
#540 = DIRECTION('',(1.,0.,0.));
#541 = ORIENTED_EDGE('',*,*,#542,.T.);
#542 = EDGE_CURVE('',#535,#192,#543,.T.);
#543 = LINE('',#544,#545);
#544 = CARTESIAN_POINT('',(-13.5,-22.4,-7.));
#545 = VECTOR('',#546,1.);
#546 = DIRECTION('',(0.,-1.,0.));
#547 = ORIENTED_EDGE('',*,*,#199,.F.);
#548 = ORIENTED_EDGE('',*,*,#266,.F.);
#549 = ORIENTED_EDGE('',*,*,#290,.F.);
#550 = FACE_BOUND('',#551,.T.);
#551 = EDGE_LOOP('',(#552));
#552 = ORIENTED_EDGE('',*,*,#553,.F.);
#553 = EDGE_CURVE('',#554,#554,#556,.T.);
#554 = VERTEX_POINT('',#555);
#555 = CARTESIAN_POINT('',(-6.875,-6.95,-7.));
#556 = CIRCLE('',#557,3.125);
#557 = AXIS2_PLACEMENT_3D('',#558,#559,#560);
#558 = CARTESIAN_POINT('',(-10.,-6.95,-7.));
#559 = DIRECTION('',(0.,0.,1.));
#560 = DIRECTION('',(1.,0.,0.));
#561 = FACE_BOUND('',#562,.T.);
#562 = EDGE_LOOP('',(#563));
#563 = ORIENTED_EDGE('',*,*,#564,.F.);
#564 = EDGE_CURVE('',#565,#565,#567,.T.);
#565 = VERTEX_POINT('',#566);
#566 = CARTESIAN_POINT('',(13.125,-6.95,-7.));
#567 = CIRCLE('',#568,3.125);
#568 = AXIS2_PLACEMENT_3D('',#569,#570,#571);
#569 = CARTESIAN_POINT('',(10.,-6.95,-7.));
#570 = DIRECTION('',(0.,0.,1.));
#571 = DIRECTION('',(1.,0.,0.));
#572 = PLANE('',#573);
#573 = AXIS2_PLACEMENT_3D('',#574,#575,#576);
#574 = CARTESIAN_POINT('',(3.177018027921E-03,-11.70700615387,-7.));
#575 = DIRECTION('',(0.,0.,1.));
#576 = DIRECTION('',(1.,0.,0.));
#577 = ADVANCED_FACE('',(#578),#600,.T.);
#578 = FACE_BOUND('',#579,.T.);
#579 = EDGE_LOOP('',(#580,#592,#598,#599));
#580 = ORIENTED_EDGE('',*,*,#581,.T.);
#581 = EDGE_CURVE('',#51,#582,#584,.T.);
#582 = VERTEX_POINT('',#583);
#583 = CARTESIAN_POINT('',(-8.660923825916,-23.6,-3.2));
#584 = ( BOUNDED_CURVE() B_SPLINE_CURVE(6,(#585,#586,#587,#588,#589,#590
,#591),.UNSPECIFIED.,.F.,.F.) B_SPLINE_CURVE_WITH_KNOTS((7,7),(0.,
1.570796326795),.PIECEWISE_BEZIER_KNOTS.) CURVE() 
GEOMETRIC_REPRESENTATION_ITEM() RATIONAL_B_SPLINE_CURVE((1.031393471788,
    1.010025407661,0.997924642725,0.993958444137,0.997924642725,
1.010025407661,1.031393471788)) REPRESENTATION_ITEM('') );
#585 = CARTESIAN_POINT('',(-8.660923825916,-22.6,-2.2));
#586 = CARTESIAN_POINT('',(-8.660923825916,-22.6,-2.467336783153));
#587 = CARTESIAN_POINT('',(-8.660923825916,-22.68500435063,
    -2.727708572582));
#588 = CARTESIAN_POINT('',(-8.660923825916,-22.84808048679,
    -2.951919513202));
#589 = CARTESIAN_POINT('',(-8.660923825916,-23.07229142741,
    -3.114995649366));
#590 = CARTESIAN_POINT('',(-8.660923825916,-23.33266321684,-3.2));
#591 = CARTESIAN_POINT('',(-8.660923825916,-23.6,-3.2));
#592 = ORIENTED_EDGE('',*,*,#593,.T.);
#593 = EDGE_CURVE('',#582,#307,#594,.T.);
#594 = LINE('',#595,#596);
#595 = CARTESIAN_POINT('',(-6.943347419153,-23.6,-3.2));
#596 = VECTOR('',#597,1.);
#597 = DIRECTION('',(-1.,0.,0.));
#598 = ORIENTED_EDGE('',*,*,#306,.F.);
#599 = ORIENTED_EDGE('',*,*,#50,.F.);
#600 = CYLINDRICAL_SURFACE('',#601,1.);
#601 = AXIS2_PLACEMENT_3D('',#602,#603,#604);
#602 = CARTESIAN_POINT('',(-6.943347419153,-23.6,-2.2));
#603 = DIRECTION('',(-1.,0.,0.));
#604 = DIRECTION('',(0.,1.,0.));
#605 = ADVANCED_FACE('',(#606),#656,.T.);
#606 = FACE_BOUND('',#607,.T.);
#607 = EDGE_LOOP('',(#608,#618,#626,#632,#633,#634,#642,#650));
#608 = ORIENTED_EDGE('',*,*,#609,.F.);
#609 = EDGE_CURVE('',#610,#612,#614,.T.);
#610 = VERTEX_POINT('',#611);
#611 = CARTESIAN_POINT('',(-13.5,-30.9,-9.));
#612 = VERTEX_POINT('',#613);
#613 = CARTESIAN_POINT('',(-13.5,8.,-9.));
#614 = LINE('',#615,#616);
#615 = CARTESIAN_POINT('',(-13.5,-36.9,-9.));
#616 = VECTOR('',#617,1.);
#617 = DIRECTION('',(0.,1.,0.));
#618 = ORIENTED_EDGE('',*,*,#619,.T.);
#619 = EDGE_CURVE('',#610,#620,#622,.T.);
#620 = VERTEX_POINT('',#621);
#621 = CARTESIAN_POINT('',(-13.5,-30.9,18.));
#622 = LINE('',#623,#624);
#623 = CARTESIAN_POINT('',(-13.5,-30.9,-9.));
#624 = VECTOR('',#625,1.);
#625 = DIRECTION('',(0.,0.,1.));
#626 = ORIENTED_EDGE('',*,*,#627,.F.);
#627 = EDGE_CURVE('',#184,#620,#628,.T.);
#628 = LINE('',#629,#630);
#629 = CARTESIAN_POINT('',(-13.5,-22.4,18.));
#630 = VECTOR('',#631,1.);
#631 = DIRECTION('',(0.,-1.,0.));
#632 = ORIENTED_EDGE('',*,*,#191,.F.);
#633 = ORIENTED_EDGE('',*,*,#542,.F.);
#634 = ORIENTED_EDGE('',*,*,#635,.T.);
#635 = EDGE_CURVE('',#535,#636,#638,.T.);
#636 = VERTEX_POINT('',#637);
#637 = CARTESIAN_POINT('',(-13.5,1.35,18.));
#638 = LINE('',#639,#640);
#639 = CARTESIAN_POINT('',(-13.5,1.35,-7.));
#640 = VECTOR('',#641,1.);
#641 = DIRECTION('',(0.,0.,1.));
#642 = ORIENTED_EDGE('',*,*,#643,.F.);
#643 = EDGE_CURVE('',#644,#636,#646,.T.);
#644 = VERTEX_POINT('',#645);
#645 = CARTESIAN_POINT('',(-13.5,8.,18.));
#646 = LINE('',#647,#648);
#647 = CARTESIAN_POINT('',(-13.5,8.,18.));
#648 = VECTOR('',#649,1.);
#649 = DIRECTION('',(0.,-1.,0.));
#650 = ORIENTED_EDGE('',*,*,#651,.F.);
#651 = EDGE_CURVE('',#612,#644,#652,.T.);
#652 = LINE('',#653,#654);
#653 = CARTESIAN_POINT('',(-13.5,8.,-9.));
#654 = VECTOR('',#655,1.);
#655 = DIRECTION('',(0.,0.,1.));
#656 = PLANE('',#657);
#657 = AXIS2_PLACEMENT_3D('',#658,#659,#660);
#658 = CARTESIAN_POINT('',(-13.5,-13.43735810113,1.69427244582));
#659 = DIRECTION('',(-1.,-0.,-0.));
#660 = DIRECTION('',(0.,0.,-1.));
#661 = ADVANCED_FACE('',(#662),#676,.F.);
#662 = FACE_BOUND('',#663,.F.);
#663 = EDGE_LOOP('',(#664,#665,#675));
#664 = ORIENTED_EDGE('',*,*,#581,.T.);
#665 = ORIENTED_EDGE('',*,*,#666,.T.);
#666 = EDGE_CURVE('',#582,#59,#667,.T.);
#667 = B_SPLINE_CURVE_WITH_KNOTS('',6,(#668,#669,#670,#671,#672,#673,
    #674),.UNSPECIFIED.,.F.,.F.,(7,7),(0.,1.711473817477),
  .PIECEWISE_BEZIER_KNOTS.);
#668 = CARTESIAN_POINT('',(-8.660923825916,-23.6,-3.2));
#669 = CARTESIAN_POINT('',(-8.309083221469,-23.65162565368,-3.2));
#670 = CARTESIAN_POINT('',(-7.922775795175,-23.6330361833,-3.28222768602
    ));
#671 = CARTESIAN_POINT('',(-7.536881718604,-23.50847391776,
    -3.44680985036));
#672 = CARTESIAN_POINT('',(-7.217903572063,-23.26517569703,
    -3.676423499295));
#673 = CARTESIAN_POINT('',(-7.01696161529,-22.94617388094,
    -3.938200612201));
#674 = CARTESIAN_POINT('',(-6.943347419153,-22.6,-4.2));
#675 = ORIENTED_EDGE('',*,*,#58,.T.);
#676 = B_SPLINE_SURFACE_WITH_KNOTS('',8,8,(
    (#677,#678,#679,#680,#681,#682,#683,#684,#685)
    ,(#686,#687,#688,#689,#690,#691,#692,#693,#694)
    ,(#695,#696,#697,#698,#699,#700,#701,#702,#703)
    ,(#704,#705,#706,#707,#708,#709,#710,#711,#712)
    ,(#713,#714,#715,#716,#717,#718,#719,#720,#721)
    ,(#722,#723,#724,#725,#726,#727,#728,#729,#730)
    ,(#731,#732,#733,#734,#735,#736,#737,#738,#739)
    ,(#740,#741,#742,#743,#744,#745,#746,#747,#748)
    ,(#749,#750,#751,#752,#753,#754,#755,#756,#757
  )),.UNSPECIFIED.,.F.,.F.,.F.,(9,9),(9,9),(-1.213375115028,
    1.552734819726),(-0.870068012891,0.763283659034),
  .PIECEWISE_BEZIER_KNOTS.);
#677 = CARTESIAN_POINT('',(-9.4815083736,-23.2361304662,-3.254210250716)
  );
#678 = CARTESIAN_POINT('',(-9.443186874289,-23.01163880675,
    -3.210408531248));
#679 = CARTESIAN_POINT('',(-9.355906880578,-22.87768189093,
    -3.081256981106));
#680 = CARTESIAN_POINT('',(-9.233044055373,-22.80953469408,
    -2.890148469129));
#681 = CARTESIAN_POINT('',(-9.143970055489,-22.67881378315,
    -2.75783794264));
#682 = CARTESIAN_POINT('',(-9.021444714631,-22.60986945204,
    -2.567557728821));
#683 = CARTESIAN_POINT('',(-8.884885818443,-22.56722843181,
    -2.352264599179));
#684 = CARTESIAN_POINT('',(-8.71718859299,-22.58172829929,
    -2.083221780722));
#685 = CARTESIAN_POINT('',(-8.525125662726,-22.64136383817,
    -1.771610730831));
#686 = CARTESIAN_POINT('',(-9.056408543154,-23.49513354753,
    -3.206771909408));
#687 = CARTESIAN_POINT('',(-9.039401540227,-23.23119671132,
    -3.200148203105));
#688 = CARTESIAN_POINT('',(-8.962252655781,-23.07848814486,
    -3.088662712133));
#689 = CARTESIAN_POINT('',(-8.85442813558,-22.98237906456,
    -2.923941879738));
#690 = CARTESIAN_POINT('',(-8.822414017182,-22.74635444306,
    -2.89083829006));
#691 = CARTESIAN_POINT('',(-8.665397351989,-22.74080384909,
    -2.64084273448));
#692 = CARTESIAN_POINT('',(-8.598986881637,-22.56876685706,
    -2.547484994794));
#693 = CARTESIAN_POINT('',(-8.435779005472,-22.57485052729,
    -2.286406473015));
#694 = CARTESIAN_POINT('',(-8.256856886965,-22.61020841138,
    -1.997676627286));
#695 = CARTESIAN_POINT('',(-8.678071697445,-23.66765190498,
    -3.240853661728));
#696 = CARTESIAN_POINT('',(-8.714015006717,-23.30591891422,
    -3.32639614721));
#697 = CARTESIAN_POINT('',(-8.485882074898,-23.43257200208,
    -2.951641374152));
#698 = CARTESIAN_POINT('',(-8.5103839888,-23.09042990656,-3.01864287268)
  );
#699 = CARTESIAN_POINT('',(-8.569163212614,-22.6881014918,
    -3.142799240367));
#700 = CARTESIAN_POINT('',(-8.195432828127,-23.08258233075,
    -2.51493923925));
#701 = CARTESIAN_POINT('',(-8.352345040666,-22.49708144128,
    -2.811953268626));
#702 = CARTESIAN_POINT('',(-8.159053583164,-22.55905855199,
    -2.498081786664));
#703 = CARTESIAN_POINT('',(-7.993302931118,-22.57019874064,
    -2.232131707013));
#704 = CARTESIAN_POINT('',(-8.072271774784,-24.26048030479,
    -2.878783492049));
#705 = CARTESIAN_POINT('',(-8.03676005112,-24.03014977637,
    -2.840528634091));
#706 = CARTESIAN_POINT('',(-8.698465010304,-22.51129081485,
    -4.016481368655));
#707 = CARTESIAN_POINT('',(-8.243918436354,-23.0569344538,
    -3.247281823085));
#708 = CARTESIAN_POINT('',(-7.919217179168,-23.36094819829,
    -2.704741390005));
#709 = CARTESIAN_POINT('',(-8.486817297599,-22.01683047432,
    -3.71693252989));
#710 = CARTESIAN_POINT('',(-7.77369057834,-23.04003897088,
    -2.496522648786));
#711 = CARTESIAN_POINT('',(-7.827564269565,-22.64571212956,
    -2.612714343564));
#712 = CARTESIAN_POINT('',(-7.69684088883,-22.59174073508,
    -2.408278064277));
#713 = CARTESIAN_POINT('',(-8.118617055071,-23.64742912821,
    -3.653276333753));
#714 = CARTESIAN_POINT('',(-8.107537619811,-23.37278656447,
    -3.656720709008));
#715 = CARTESIAN_POINT('',(-7.009665226442,-25.10700311346,
    -1.767057742802));
#716 = CARTESIAN_POINT('',(-7.918030184123,-23.13405405322,
    -3.370700566446));
#717 = CARTESIAN_POINT('',(-7.981866715358,-22.71761504959,
    -3.508070763259));
#718 = CARTESIAN_POINT('',(-7.078838677642,-24.09358070875,
    -1.955820859145));
#719 = CARTESIAN_POINT('',(-7.867174330002,-22.33970645568,
    -3.353650264889));
#720 = CARTESIAN_POINT('',(-7.532487537832,-22.66252655752,
    -2.794098038531));
#721 = CARTESIAN_POINT('',(-7.408588389494,-22.59645412074,
    -2.600862441474));
#722 = CARTESIAN_POINT('',(-7.552001959797,-24.16815260373,
    -3.359190118646));
#723 = CARTESIAN_POINT('',(-7.552912991348,-23.87078461568,
    -3.384099543951));
#724 = CARTESIAN_POINT('',(-8.220371140317,-22.34145533188,
    -4.569999915154));
#725 = CARTESIAN_POINT('',(-7.228555264577,-23.87844596457,
    -2.866087237567));
#726 = CARTESIAN_POINT('',(-7.445769226301,-23.1829461362,
    -3.266693147852));
#727 = CARTESIAN_POINT('',(-7.899155444256,-22.04904822096,
    -4.078961836013));
#728 = CARTESIAN_POINT('',(-7.128090129875,-23.17933665475,
    -2.758860695654));
#729 = CARTESIAN_POINT('',(-7.214778447339,-22.72391796752,
    -2.932587712658));
#730 = CARTESIAN_POINT('',(-7.1243640136,-22.59544216569,-2.798328884923
    ));
#731 = CARTESIAN_POINT('',(-7.391217118535,-23.93805377044,
    -3.772749452705));
#732 = CARTESIAN_POINT('',(-7.375890793837,-23.67088106007,
    -3.769173797299));
#733 = CARTESIAN_POINT('',(-7.150646240852,-23.79170394009,
    -3.399983282344));
#734 = CARTESIAN_POINT('',(-7.257669811703,-23.29909665593,
    -3.608662841213));
#735 = CARTESIAN_POINT('',(-7.458905845913,-22.63074357363,
    -3.983220935229));
#736 = CARTESIAN_POINT('',(-6.767194287705,-23.61461178906,
    -2.801008135886));
#737 = CARTESIAN_POINT('',(-7.107815959071,-22.68972934551,
    -3.416828139579));
#738 = CARTESIAN_POINT('',(-6.969673017333,-22.64948426951,
    -3.199497498028));
#739 = CARTESIAN_POINT('',(-6.911447252551,-22.46162753766,
    -3.121156466775));
#740 = CARTESIAN_POINT('',(-7.165008641586,-23.8291210251,
    -4.072129635781));
#741 = CARTESIAN_POINT('',(-7.153580071678,-23.55471757651,
    -4.075373842042));
#742 = CARTESIAN_POINT('',(-7.120036399338,-23.32134799982,
    -4.039896156017));
#743 = CARTESIAN_POINT('',(-7.016507382121,-23.21689915642,
    -3.883130082634));
#744 = CARTESIAN_POINT('',(-7.023752706445,-22.90910336072,
    -3.917434490342));
#745 = CARTESIAN_POINT('',(-6.892464687038,-22.85553717815,
    -3.712992217716));
#746 = CARTESIAN_POINT('',(-6.885657040008,-22.57301474846,-3.7236478078
    ));
#747 = CARTESIAN_POINT('',(-6.847327539426,-22.34834343873,
    -3.68002709593));
#748 = CARTESIAN_POINT('',(-6.806579772581,-22.12813130579,
    -3.632175917235));
#749 = CARTESIAN_POINT('',(-7.039236580221,-23.53439387599,
    -4.546625290037));
#750 = CARTESIAN_POINT('',(-7.037568195218,-23.24193947579,
    -4.566882765558));
#751 = CARTESIAN_POINT('',(-7.026594672608,-22.96677939046,
    -4.570808933915));
#752 = CARTESIAN_POINT('',(-6.903268692744,-22.89915464503,
    -4.37925918335));
#753 = CARTESIAN_POINT('',(-6.990542267119,-22.44291700531,
    -4.553656288085));
#754 = CARTESIAN_POINT('',(-6.883297216872,-22.34519169752,
    -4.390575380125));
#755 = CARTESIAN_POINT('',(-6.852697689482,-22.10647684922,
    -4.360091572436));
#756 = CARTESIAN_POINT('',(-6.83033787272,-21.85226584697,
    -4.344284209995));
#757 = CARTESIAN_POINT('',(-6.800245811681,-21.61233154943,
    -4.315017241227));
#758 = ADVANCED_FACE('',(#759),#777,.T.);
#759 = FACE_BOUND('',#760,.T.);
#760 = EDGE_LOOP('',(#761,#762,#770,#776));
#761 = ORIENTED_EDGE('',*,*,#627,.T.);
#762 = ORIENTED_EDGE('',*,*,#763,.T.);
#763 = EDGE_CURVE('',#620,#764,#766,.T.);
#764 = VERTEX_POINT('',#765);
#765 = CARTESIAN_POINT('',(13.5,-30.9,18.));
#766 = LINE('',#767,#768);
#767 = CARTESIAN_POINT('',(-13.5,-30.9,18.));
#768 = VECTOR('',#769,1.);
#769 = DIRECTION('',(1.,0.,0.));
#770 = ORIENTED_EDGE('',*,*,#771,.T.);
#771 = EDGE_CURVE('',#764,#176,#772,.T.);
#772 = LINE('',#773,#774);
#773 = CARTESIAN_POINT('',(13.5,-36.9,18.));
#774 = VECTOR('',#775,1.);
#775 = DIRECTION('',(0.,1.,0.));
#776 = ORIENTED_EDGE('',*,*,#183,.T.);
#777 = PLANE('',#778);
#778 = AXIS2_PLACEMENT_3D('',#779,#780,#781);
#779 = CARTESIAN_POINT('',(0.,-14.28025615435,18.));
#780 = DIRECTION('',(0.,0.,1.));
#781 = DIRECTION('',(1.,0.,0.));
#782 = ADVANCED_FACE('',(#783),#826,.T.);
#783 = FACE_BOUND('',#784,.T.);
#784 = EDGE_LOOP('',(#785,#795,#803,#811,#817,#818,#819,#820));
#785 = ORIENTED_EDGE('',*,*,#786,.F.);
#786 = EDGE_CURVE('',#787,#789,#791,.T.);
#787 = VERTEX_POINT('',#788);
#788 = CARTESIAN_POINT('',(13.5,8.,-9.));
#789 = VERTEX_POINT('',#790);
#790 = CARTESIAN_POINT('',(13.5,-30.9,-9.));
#791 = LINE('',#792,#793);
#792 = CARTESIAN_POINT('',(13.5,8.,-9.));
#793 = VECTOR('',#794,1.);
#794 = DIRECTION('',(0.,-1.,0.));
#795 = ORIENTED_EDGE('',*,*,#796,.T.);
#796 = EDGE_CURVE('',#787,#797,#799,.T.);
#797 = VERTEX_POINT('',#798);
#798 = CARTESIAN_POINT('',(13.5,8.,18.));
#799 = LINE('',#800,#801);
#800 = CARTESIAN_POINT('',(13.5,8.,-7.));
#801 = VECTOR('',#802,1.);
#802 = DIRECTION('',(0.,0.,1.));
#803 = ORIENTED_EDGE('',*,*,#804,.F.);
#804 = EDGE_CURVE('',#805,#797,#807,.T.);
#805 = VERTEX_POINT('',#806);
#806 = CARTESIAN_POINT('',(13.5,1.35,18.));
#807 = LINE('',#808,#809);
#808 = CARTESIAN_POINT('',(13.5,1.35,18.));
#809 = VECTOR('',#810,1.);
#810 = DIRECTION('',(0.,1.,0.));
#811 = ORIENTED_EDGE('',*,*,#812,.F.);
#812 = EDGE_CURVE('',#495,#805,#813,.T.);
#813 = LINE('',#814,#815);
#814 = CARTESIAN_POINT('',(13.5,1.35,-7.));
#815 = VECTOR('',#816,1.);
#816 = DIRECTION('',(0.,0.,1.));
#817 = ORIENTED_EDGE('',*,*,#494,.T.);
#818 = ORIENTED_EDGE('',*,*,#175,.T.);
#819 = ORIENTED_EDGE('',*,*,#771,.F.);
#820 = ORIENTED_EDGE('',*,*,#821,.F.);
#821 = EDGE_CURVE('',#789,#764,#822,.T.);
#822 = LINE('',#823,#824);
#823 = CARTESIAN_POINT('',(13.5,-30.9,-7.));
#824 = VECTOR('',#825,1.);
#825 = DIRECTION('',(0.,0.,1.));
#826 = PLANE('',#827);
#827 = AXIS2_PLACEMENT_3D('',#828,#829,#830);
#828 = CARTESIAN_POINT('',(13.5,-13.43735810113,1.69427244582));
#829 = DIRECTION('',(1.,0.,0.));
#830 = DIRECTION('',(0.,0.,1.));
#831 = ADVANCED_FACE('',(#832),#861,.F.);
#832 = FACE_BOUND('',#833,.T.);
#833 = EDGE_LOOP('',(#834,#843,#849,#850,#851,#858,#859,#860));
#834 = ORIENTED_EDGE('',*,*,#835,.T.);
#835 = EDGE_CURVE('',#836,#836,#838,.T.);
#836 = VERTEX_POINT('',#837);
#837 = CARTESIAN_POINT('',(-2.35,-30.9,-5.));
#838 = CIRCLE('',#839,2.35);
#839 = AXIS2_PLACEMENT_3D('',#840,#841,#842);
#840 = CARTESIAN_POINT('',(0.,-30.9,-5.));
#841 = DIRECTION('',(0.,-1.,2.22044604925E-16));
#842 = DIRECTION('',(-1.,0.,0.));
#843 = ORIENTED_EDGE('',*,*,#844,.T.);
#844 = EDGE_CURVE('',#836,#90,#845,.T.);
#845 = LINE('',#846,#847);
#846 = CARTESIAN_POINT('',(-2.35,-30.9,-5.));
#847 = VECTOR('',#848,1.);
#848 = DIRECTION('',(7.401486830834E-17,1.,-2.22044604925E-16));
#849 = ORIENTED_EDGE('',*,*,#98,.T.);
#850 = ORIENTED_EDGE('',*,*,#470,.F.);
#851 = ORIENTED_EDGE('',*,*,#852,.F.);
#852 = EDGE_CURVE('',#454,#462,#853,.T.);
#853 = CIRCLE('',#854,2.35);
#854 = AXIS2_PLACEMENT_3D('',#855,#856,#857);
#855 = CARTESIAN_POINT('',(0.,-18.9,-5.));
#856 = DIRECTION('',(0.,-1.,2.22044604925E-16));
#857 = DIRECTION('',(-1.,0.,0.));
#858 = ORIENTED_EDGE('',*,*,#453,.F.);
#859 = ORIENTED_EDGE('',*,*,#89,.T.);
#860 = ORIENTED_EDGE('',*,*,#844,.F.);
#861 = CYLINDRICAL_SURFACE('',#862,2.35);
#862 = AXIS2_PLACEMENT_3D('',#863,#864,#865);
#863 = CARTESIAN_POINT('',(0.,-30.9,-5.));
#864 = DIRECTION('',(0.,1.,-2.22044604925E-16));
#865 = DIRECTION('',(-1.,0.,0.));
#866 = ADVANCED_FACE('',(#867),#895,.F.);
#867 = FACE_BOUND('',#868,.F.);
#868 = EDGE_LOOP('',(#869,#870,#877,#878,#879,#886,#893,#894));
#869 = ORIENTED_EDGE('',*,*,#159,.F.);
#870 = ORIENTED_EDGE('',*,*,#871,.F.);
#871 = EDGE_CURVE('',#116,#146,#872,.T.);
#872 = CIRCLE('',#873,3.125);
#873 = AXIS2_PLACEMENT_3D('',#874,#875,#876);
#874 = CARTESIAN_POINT('',(10.,-21.95,-4.2));
#875 = DIRECTION('',(0.,0.,1.));
#876 = DIRECTION('',(-0.978128825871,-0.208,0.));
#877 = ORIENTED_EDGE('',*,*,#115,.T.);
#878 = ORIENTED_EDGE('',*,*,#477,.F.);
#879 = ORIENTED_EDGE('',*,*,#880,.F.);
#880 = EDGE_CURVE('',#881,#478,#883,.T.);
#881 = VERTEX_POINT('',#882);
#882 = CARTESIAN_POINT('',(13.125,-21.95,-8.2));
#883 = B_SPLINE_CURVE_WITH_KNOTS('',1,(#884,#885),.UNSPECIFIED.,.F.,.F.,
  (2,2),(-1.2,0.),.PIECEWISE_BEZIER_KNOTS.);
#884 = CARTESIAN_POINT('',(13.125,-21.95,-8.2));
#885 = CARTESIAN_POINT('',(13.125,-21.95,-7.));
#886 = ORIENTED_EDGE('',*,*,#887,.T.);
#887 = EDGE_CURVE('',#881,#881,#888,.T.);
#888 = CIRCLE('',#889,3.125);
#889 = AXIS2_PLACEMENT_3D('',#890,#891,#892);
#890 = CARTESIAN_POINT('',(10.,-21.95,-8.2));
#891 = DIRECTION('',(0.,0.,1.));
#892 = DIRECTION('',(1.,0.,0.));
#893 = ORIENTED_EDGE('',*,*,#880,.T.);
#894 = ORIENTED_EDGE('',*,*,#486,.F.);
#895 = CYLINDRICAL_SURFACE('',#896,3.125);
#896 = AXIS2_PLACEMENT_3D('',#897,#898,#899);
#897 = CARTESIAN_POINT('',(10.,-21.95,-7.));
#898 = DIRECTION('',(0.,0.,1.));
#899 = DIRECTION('',(1.,0.,0.));
#900 = ADVANCED_FACE('',(#901),#929,.F.);
#901 = FACE_BOUND('',#902,.F.);
#902 = EDGE_LOOP('',(#903,#904,#917));
#903 = ORIENTED_EDGE('',*,*,#145,.F.);
#904 = ORIENTED_EDGE('',*,*,#905,.T.);
#905 = EDGE_CURVE('',#138,#906,#908,.T.);
#906 = VERTEX_POINT('',#907);
#907 = CARTESIAN_POINT('',(11.339076174084,-23.6,-3.2));
#908 = B_SPLINE_CURVE_WITH_KNOTS('',7,(#909,#910,#911,#912,#913,#914,
    #915,#916),.UNSPECIFIED.,.F.,.F.,(8,8),(0.,1.),
  .PIECEWISE_BEZIER_KNOTS.);
#909 = CARTESIAN_POINT('',(11.339076174084,-22.6,-2.2));
#910 = CARTESIAN_POINT('',(11.339076174084,-22.6,-2.424399475256));
#911 = CARTESIAN_POINT('',(11.339076174084,-22.65874888655,
    -2.648797864983));
#912 = CARTESIAN_POINT('',(11.339076174084,-22.77623727779,
    -2.854746940823));
#913 = CARTESIAN_POINT('',(11.339076174084,-22.94525305917,
    -3.023762722202));
#914 = CARTESIAN_POINT('',(11.339076174084,-23.15120213501,
    -3.141251113448));
#915 = CARTESIAN_POINT('',(11.339076174084,-23.37560052474,-3.2));
#916 = CARTESIAN_POINT('',(11.339076174084,-23.6,-3.2));
#917 = ORIENTED_EDGE('',*,*,#918,.T.);
#918 = EDGE_CURVE('',#906,#146,#919,.T.);
#919 = B_SPLINE_CURVE_WITH_KNOTS('',8,(#920,#921,#922,#923,#924,#925,
    #926,#927,#928),.UNSPECIFIED.,.F.,.F.,(9,9),(0.,1.),
  .PIECEWISE_BEZIER_KNOTS.);
#920 = CARTESIAN_POINT('',(11.339076174084,-23.6,-3.2));
#921 = CARTESIAN_POINT('',(11.642090069551,-23.64446129932,-3.2));
#922 = CARTESIAN_POINT('',(11.953235918175,-23.63690392976,
    -3.258126720183));
#923 = CARTESIAN_POINT('',(12.248662262486,-23.56753765947,
    -3.363131916731));
#924 = CARTESIAN_POINT('',(12.511235821176,-23.44336632825,
    -3.500331330787));
#925 = CARTESIAN_POINT('',(12.728802201358,-23.27376200579,
    -3.660750474387));
#926 = CARTESIAN_POINT('',(12.895400473607,-23.06937927531,
    -3.835560621099));
#927 = CARTESIAN_POINT('',(13.005419329109,-22.84092654023,
    -4.017795552436));
#928 = CARTESIAN_POINT('',(13.056652580847,-22.6,-4.2));
#929 = B_SPLINE_SURFACE_WITH_KNOTS('',7,8,(
    (#930,#931,#932,#933,#934,#935,#936,#937,#938)
    ,(#939,#940,#941,#942,#943,#944,#945,#946,#947)
    ,(#948,#949,#950,#951,#952,#953,#954,#955,#956)
    ,(#957,#958,#959,#960,#961,#962,#963,#964,#965)
    ,(#966,#967,#968,#969,#970,#971,#972,#973,#974)
    ,(#975,#976,#977,#978,#979,#980,#981,#982,#983)
    ,(#984,#985,#986,#987,#988,#989,#990,#991,#992)
    ,(#993,#994,#995,#996,#997,#998,#999,#1000,#1001
  )),.UNSPECIFIED.,.F.,.F.,.F.,(8,8),(9,9),(0.,1.),(0.,1.),
  .PIECEWISE_BEZIER_KNOTS.);
#930 = CARTESIAN_POINT('',(11.339076174084,-22.6,-2.2));
#931 = CARTESIAN_POINT('',(11.699622598846,-22.6,-2.2));
#932 = CARTESIAN_POINT('',(12.060534081908,-22.6,-2.335110364526));
#933 = CARTESIAN_POINT('',(12.356619668843,-22.6,-2.573842192394));
#934 = CARTESIAN_POINT('',(12.609849162736,-22.6,-2.830903022597));
#935 = CARTESIAN_POINT('',(12.816107761513,-22.6,-3.144947458263));
#936 = CARTESIAN_POINT('',(12.971413720514,-22.6,-3.478556694869));
#937 = CARTESIAN_POINT('',(13.056652580847,-22.6,-3.839519778393));
#938 = CARTESIAN_POINT('',(13.056652580847,-22.6,-4.2));
#939 = CARTESIAN_POINT('',(11.339076174084,-22.6,-2.424399475256));
#940 = CARTESIAN_POINT('',(11.691403666089,-22.6,-2.414206683706));
#941 = CARTESIAN_POINT('',(12.045205772803,-22.6,-2.528126593205));
#942 = CARTESIAN_POINT('',(12.341197182221,-22.6,-2.737561825049));
#943 = CARTESIAN_POINT('',(12.595761542513,-22.6,-2.967306804252));
#944 = CARTESIAN_POINT('',(12.803635538634,-22.6,-3.249211978074));
#945 = CARTESIAN_POINT('',(12.960554685242,-22.6,-3.549942838859));
#946 = CARTESIAN_POINT('',(13.049333544885,-22.6,-3.875180537663));
#947 = CARTESIAN_POINT('',(13.056652580847,-22.6,-4.2));
#948 = CARTESIAN_POINT('',(11.339076174084,-22.65874888655,
    -2.648797864983));
#949 = CARTESIAN_POINT('',(11.683184733333,-22.65349076007,
    -2.632835364084));
#950 = CARTESIAN_POINT('',(12.028550571487,-22.68768919981,
    -2.747681955827));
#951 = CARTESIAN_POINT('',(12.329787561851,-22.6979366055,
    -2.925163990733));
#952 = CARTESIAN_POINT('',(12.588330244521,-22.69524436552,
    -3.132160652425));
#953 = CARTESIAN_POINT('',(12.793181683982,-22.68253294105,
    -3.378130028583));
#954 = CARTESIAN_POINT('',(12.945265350259,-22.66242303695,
    -3.639433957918));
#955 = CARTESIAN_POINT('',(13.03538671681,-22.65411285842,-3.93546645124
    ));
#956 = CARTESIAN_POINT('',(13.056652580847,-22.6,-4.2));
#957 = CARTESIAN_POINT('',(11.339076174084,-22.77623727779,
    -2.854746940823));
#958 = CARTESIAN_POINT('',(11.674965800577,-22.77181242352,
    -2.843065828523));
#959 = CARTESIAN_POINT('',(12.018538566477,-22.79114810989,
    -2.923502077455));
#960 = CARTESIAN_POINT('',(12.327345396211,-22.79703107358,
    -3.072767708249));
#961 = CARTESIAN_POINT('',(12.592950583852,-22.78034374481,
    -3.257897207039));
#962 = CARTESIAN_POINT('',(12.796738289871,-22.74848920603,
    -3.474221233145));
#963 = CARTESIAN_POINT('',(12.945225432934,-22.70782133535,
    -3.702766098667));
#964 = CARTESIAN_POINT('',(13.033426843816,-22.66791832129,
    -3.952627932788));
#965 = CARTESIAN_POINT('',(13.056652580847,-22.6,-4.2));
#966 = CARTESIAN_POINT('',(11.339076174084,-22.94525305917,
    -3.023762722202));
#967 = CARTESIAN_POINT('',(11.66674686782,-22.95998184024,
    -3.018378673241));
#968 = CARTESIAN_POINT('',(12.00879193991,-22.96196169754,
    -3.064633059415));
#969 = CARTESIAN_POINT('',(12.324100657318,-22.95670016242,
    -3.190830295227));
#970 = CARTESIAN_POINT('',(12.596239658736,-22.9144858731,
    -3.358132049204));
#971 = CARTESIAN_POINT('',(12.799891222113,-22.84926000105,
    -3.550691075128));
#972 = CARTESIAN_POINT('',(12.946071575551,-22.77329830314,
    -3.75290763067));
#973 = CARTESIAN_POINT('',(13.032792529244,-22.68466844335,
    -3.960787266855));
#974 = CARTESIAN_POINT('',(13.056652580847,-22.6,-4.2));
#975 = CARTESIAN_POINT('',(11.339076174084,-23.15120213501,
    -3.141251113448));
#976 = CARTESIAN_POINT('',(11.658527935064,-23.18883407495,
    -3.130310638654));
#977 = CARTESIAN_POINT('',(11.996519850516,-23.17598046868,
    -3.149987879196));
#978 = CARTESIAN_POINT('',(12.313964471311,-23.15360124082,
    -3.26043637146));
#979 = CARTESIAN_POINT('',(12.589509121621,-23.08074580257,
    -3.417554526228));
#980 = CARTESIAN_POINT('',(12.79482790315,-22.97618215282,-3.59792207051
    ));
#981 = CARTESIAN_POINT('',(12.941951189166,-22.85692961656,
    -3.786846336485));
#982 = CARTESIAN_POINT('',(13.030141412399,-22.71319720215,
    -3.968598770268));
#983 = CARTESIAN_POINT('',(13.056652580847,-22.6,-4.2));
#984 = CARTESIAN_POINT('',(11.339076174084,-23.37560052474,-3.2));
#985 = CARTESIAN_POINT('',(11.650309002307,-23.42390300143,
    -3.185345806292));
#986 = CARTESIAN_POINT('',(11.975344480432,-23.43603390526,
    -3.228111708068));
#987 = CARTESIAN_POINT('',(12.287166810208,-23.39980456486,
    -3.330133341267));
#988 = CARTESIAN_POINT('',(12.559376070737,-23.30043406678,
    -3.480252288573));
#989 = CARTESIAN_POINT('',(12.767134198794,-23.15626912476,
    -3.64886923763));
#990 = CARTESIAN_POINT('',(12.918500916061,-22.98494039986,
    -3.826577586265));
#991 = CARTESIAN_POINT('',(13.014812096623,-22.79675665244,
    -4.010184727573));
#992 = CARTESIAN_POINT('',(13.056652580847,-22.6,-4.2));
#993 = CARTESIAN_POINT('',(11.339076174084,-23.6,-3.2));
#994 = CARTESIAN_POINT('',(11.642090069551,-23.64446129932,-3.2));
#995 = CARTESIAN_POINT('',(11.953235918175,-23.63690392976,
    -3.258126720183));
#996 = CARTESIAN_POINT('',(12.248662262486,-23.56753765947,
    -3.363131916731));
#997 = CARTESIAN_POINT('',(12.511235821176,-23.44336632825,
    -3.500331330787));
#998 = CARTESIAN_POINT('',(12.728802201358,-23.27376200579,
    -3.660750474387));
#999 = CARTESIAN_POINT('',(12.895400473607,-23.06937927531,
    -3.835560621099));
#1000 = CARTESIAN_POINT('',(13.005419329109,-22.84092654023,
    -4.017795552436));
#1001 = CARTESIAN_POINT('',(13.056652580847,-22.6,-4.2));
#1002 = ADVANCED_FACE('',(#1003),#1026,.T.);
#1003 = FACE_BOUND('',#1004,.T.);
#1004 = EDGE_LOOP('',(#1005,#1006,#1007,#1015));
#1005 = ORIENTED_EDGE('',*,*,#137,.F.);
#1006 = ORIENTED_EDGE('',*,*,#905,.T.);
#1007 = ORIENTED_EDGE('',*,*,#1008,.T.);
#1008 = EDGE_CURVE('',#906,#1009,#1011,.T.);
#1009 = VERTEX_POINT('',#1010);
#1010 = CARTESIAN_POINT('',(8.660923825916,-23.6,-3.2));
#1011 = LINE('',#1012,#1013);
#1012 = CARTESIAN_POINT('',(13.056652580847,-23.6,-3.2));
#1013 = VECTOR('',#1014,1.);
#1014 = DIRECTION('',(-1.,0.,0.));
#1015 = ORIENTED_EDGE('',*,*,#1016,.F.);
#1016 = EDGE_CURVE('',#124,#1009,#1017,.T.);
#1017 = B_SPLINE_CURVE_WITH_KNOTS('',7,(#1018,#1019,#1020,#1021,#1022,
    #1023,#1024,#1025),.UNSPECIFIED.,.F.,.F.,(8,8),(0.,1.),
  .PIECEWISE_BEZIER_KNOTS.);
#1018 = CARTESIAN_POINT('',(8.660923825916,-22.6,-2.2));
#1019 = CARTESIAN_POINT('',(8.660923825916,-22.6,-2.424399475256));
#1020 = CARTESIAN_POINT('',(8.660923825916,-22.65874888655,
    -2.648797864983));
#1021 = CARTESIAN_POINT('',(8.660923825916,-22.77623727779,
    -2.854746940823));
#1022 = CARTESIAN_POINT('',(8.660923825916,-22.94525305917,
    -3.023762722202));
#1023 = CARTESIAN_POINT('',(8.660923825916,-23.15120213501,
    -3.141251113448));
#1024 = CARTESIAN_POINT('',(8.660923825916,-23.37560052474,-3.2));
#1025 = CARTESIAN_POINT('',(8.660923825916,-23.6,-3.2));
#1026 = CYLINDRICAL_SURFACE('',#1027,1.);
#1027 = AXIS2_PLACEMENT_3D('',#1028,#1029,#1030);
#1028 = CARTESIAN_POINT('',(13.056652580847,-23.6,-2.2));
#1029 = DIRECTION('',(-1.,0.,0.));
#1030 = DIRECTION('',(0.,1.,0.));
#1031 = ADVANCED_FACE('',(#1032),#1048,.T.);
#1032 = FACE_BOUND('',#1033,.T.);
#1033 = EDGE_LOOP('',(#1034,#1035,#1036));
#1034 = ORIENTED_EDGE('',*,*,#123,.F.);
#1035 = ORIENTED_EDGE('',*,*,#1016,.T.);
#1036 = ORIENTED_EDGE('',*,*,#1037,.T.);
#1037 = EDGE_CURVE('',#1009,#116,#1038,.T.);
#1038 = B_SPLINE_CURVE_WITH_KNOTS('',8,(#1039,#1040,#1041,#1042,#1043,
    #1044,#1045,#1046,#1047),.UNSPECIFIED.,.F.,.F.,(9,9),(0.,1.),
  .PIECEWISE_BEZIER_KNOTS.);
#1039 = CARTESIAN_POINT('',(8.660923825916,-23.6,-3.2));
#1040 = CARTESIAN_POINT('',(8.357909930449,-23.64446129932,-3.2));
#1041 = CARTESIAN_POINT('',(8.046764081825,-23.63690392976,
    -3.258126720183));
#1042 = CARTESIAN_POINT('',(7.751337737514,-23.56753765947,
    -3.36313191673));
#1043 = CARTESIAN_POINT('',(7.488764178824,-23.44336632825,
    -3.500331330787));
#1044 = CARTESIAN_POINT('',(7.271197798642,-23.27376200579,
    -3.660750474387));
#1045 = CARTESIAN_POINT('',(7.104599526393,-23.06937927531,
    -3.835560621099));
#1046 = CARTESIAN_POINT('',(6.994580670891,-22.84092654023,
    -4.017795552436));
#1047 = CARTESIAN_POINT('',(6.943347419153,-22.6,-4.2));
#1048 = B_SPLINE_SURFACE_WITH_KNOTS('',7,8,(
    (#1049,#1050,#1051,#1052,#1053,#1054,#1055,#1056,#1057)
    ,(#1058,#1059,#1060,#1061,#1062,#1063,#1064,#1065,#1066)
    ,(#1067,#1068,#1069,#1070,#1071,#1072,#1073,#1074,#1075)
    ,(#1076,#1077,#1078,#1079,#1080,#1081,#1082,#1083,#1084)
    ,(#1085,#1086,#1087,#1088,#1089,#1090,#1091,#1092,#1093)
    ,(#1094,#1095,#1096,#1097,#1098,#1099,#1100,#1101,#1102)
    ,(#1103,#1104,#1105,#1106,#1107,#1108,#1109,#1110,#1111)
    ,(#1112,#1113,#1114,#1115,#1116,#1117,#1118,#1119,#1120
  )),.UNSPECIFIED.,.F.,.F.,.F.,(8,8),(9,9),(0.,1.),(0.,1.),
  .PIECEWISE_BEZIER_KNOTS.);
#1049 = CARTESIAN_POINT('',(8.660923825916,-22.6,-2.2));
#1050 = CARTESIAN_POINT('',(8.300377401154,-22.6,-2.2));
#1051 = CARTESIAN_POINT('',(7.939465918092,-22.6,-2.335110364526));
#1052 = CARTESIAN_POINT('',(7.643380331158,-22.6,-2.573842192394));
#1053 = CARTESIAN_POINT('',(7.390150837262,-22.6,-2.830903022597));
#1054 = CARTESIAN_POINT('',(7.183892238488,-22.6,-3.144947458263));
#1055 = CARTESIAN_POINT('',(7.028586279485,-22.6,-3.478556694869));
#1056 = CARTESIAN_POINT('',(6.943347419153,-22.6,-3.839519778393));
#1057 = CARTESIAN_POINT('',(6.943347419153,-22.6,-4.2));
#1058 = CARTESIAN_POINT('',(8.660923825916,-22.6,-2.424399475256));
#1059 = CARTESIAN_POINT('',(8.308596333911,-22.6,-2.414206683706));
#1060 = CARTESIAN_POINT('',(7.954794227196,-22.6,-2.528126593205));
#1061 = CARTESIAN_POINT('',(7.65880281778,-22.6,-2.737561825049));
#1062 = CARTESIAN_POINT('',(7.404238457486,-22.6,-2.967306804252));
#1063 = CARTESIAN_POINT('',(7.196364461367,-22.6,-3.249211978074));
#1064 = CARTESIAN_POINT('',(7.039445314758,-22.6,-3.549942838858));
#1065 = CARTESIAN_POINT('',(6.950666455115,-22.6,-3.875180537663));
#1066 = CARTESIAN_POINT('',(6.943347419153,-22.6,-4.2));
#1067 = CARTESIAN_POINT('',(8.660923825916,-22.65874888655,
    -2.648797864983));
#1068 = CARTESIAN_POINT('',(8.316815266667,-22.65349076007,
    -2.632835364084));
#1069 = CARTESIAN_POINT('',(7.971449428513,-22.68768919981,
    -2.747681955827));
#1070 = CARTESIAN_POINT('',(7.670212438149,-22.6979366055,
    -2.925163990733));
#1071 = CARTESIAN_POINT('',(7.411669755478,-22.69524436552,
    -3.132160652425));
#1072 = CARTESIAN_POINT('',(7.206818316019,-22.68253294105,
    -3.378130028583));
#1073 = CARTESIAN_POINT('',(7.05473464974,-22.66242303695,
    -3.639433957918));
#1074 = CARTESIAN_POINT('',(6.96461328319,-22.65411285842,-3.93546645124
    ));
#1075 = CARTESIAN_POINT('',(6.943347419153,-22.6,-4.2));
#1076 = CARTESIAN_POINT('',(8.660923825916,-22.77623727779,
    -2.854746940823));
#1077 = CARTESIAN_POINT('',(8.325034199424,-22.77181242352,
    -2.843065828523));
#1078 = CARTESIAN_POINT('',(7.981461433522,-22.79114810989,
    -2.923502077455));
#1079 = CARTESIAN_POINT('',(7.67265460379,-22.79703107358,
    -3.072767708249));
#1080 = CARTESIAN_POINT('',(7.407049416148,-22.78034374481,
    -3.257897207039));
#1081 = CARTESIAN_POINT('',(7.20326171013,-22.74848920603,
    -3.474221233145));
#1082 = CARTESIAN_POINT('',(7.054774567065,-22.70782133535,
    -3.702766098667));
#1083 = CARTESIAN_POINT('',(6.966573156184,-22.66791832129,
    -3.952627932788));
#1084 = CARTESIAN_POINT('',(6.943347419153,-22.6,-4.2));
#1085 = CARTESIAN_POINT('',(8.660923825916,-22.94525305917,
    -3.023762722202));
#1086 = CARTESIAN_POINT('',(8.33325313218,-22.95998184024,
    -3.018378673241));
#1087 = CARTESIAN_POINT('',(7.99120806009,-22.96196169754,
    -3.064633059416));
#1088 = CARTESIAN_POINT('',(7.675899342682,-22.95670016242,
    -3.190830295227));
#1089 = CARTESIAN_POINT('',(7.403760341263,-22.9144858731,
    -3.358132049204));
#1090 = CARTESIAN_POINT('',(7.200108777887,-22.84926000105,
    -3.550691075128));
#1091 = CARTESIAN_POINT('',(7.053928424448,-22.77329830314,
    -3.75290763067));
#1092 = CARTESIAN_POINT('',(6.967207470756,-22.68466844335,
    -3.960787266855));
#1093 = CARTESIAN_POINT('',(6.943347419153,-22.6,-4.2));
#1094 = CARTESIAN_POINT('',(8.660923825916,-23.15120213501,
    -3.141251113448));
#1095 = CARTESIAN_POINT('',(8.341472064936,-23.18883407495,
    -3.130310638654));
#1096 = CARTESIAN_POINT('',(8.003480149484,-23.17598046868,
    -3.149987879197));
#1097 = CARTESIAN_POINT('',(7.68603552869,-23.15360124082,-3.26043637146
    ));
#1098 = CARTESIAN_POINT('',(7.410490878378,-23.08074580257,
    -3.417554526228));
#1099 = CARTESIAN_POINT('',(7.205172096851,-22.97618215282,
    -3.59792207051));
#1100 = CARTESIAN_POINT('',(7.058048810834,-22.85692961656,
    -3.786846336485));
#1101 = CARTESIAN_POINT('',(6.969858587601,-22.71319720215,
    -3.968598770268));
#1102 = CARTESIAN_POINT('',(6.943347419153,-22.6,-4.2));
#1103 = CARTESIAN_POINT('',(8.660923825916,-23.37560052474,-3.2));
#1104 = CARTESIAN_POINT('',(8.349690997693,-23.42390300143,
    -3.185345806292));
#1105 = CARTESIAN_POINT('',(8.024655519568,-23.43603390526,
    -3.228111708068));
#1106 = CARTESIAN_POINT('',(7.712833189792,-23.39980456486,
    -3.330133341267));
#1107 = CARTESIAN_POINT('',(7.440623929263,-23.30043406678,
    -3.480252288573));
#1108 = CARTESIAN_POINT('',(7.232865801207,-23.15626912476,
    -3.64886923763));
#1109 = CARTESIAN_POINT('',(7.081499083938,-22.98494039986,
    -3.826577586265));
#1110 = CARTESIAN_POINT('',(6.985187903377,-22.79675665244,
    -4.010184727573));
#1111 = CARTESIAN_POINT('',(6.943347419153,-22.6,-4.2));
#1112 = CARTESIAN_POINT('',(8.660923825916,-23.6,-3.2));
#1113 = CARTESIAN_POINT('',(8.357909930449,-23.64446129932,-3.2));
#1114 = CARTESIAN_POINT('',(8.046764081825,-23.63690392976,
    -3.258126720183));
#1115 = CARTESIAN_POINT('',(7.751337737514,-23.56753765947,
    -3.36313191673));
#1116 = CARTESIAN_POINT('',(7.488764178824,-23.44336632825,
    -3.500331330787));
#1117 = CARTESIAN_POINT('',(7.271197798642,-23.27376200579,
    -3.660750474387));
#1118 = CARTESIAN_POINT('',(7.104599526393,-23.06937927531,
    -3.835560621099));
#1119 = CARTESIAN_POINT('',(6.994580670891,-22.84092654023,
    -4.017795552436));
#1120 = CARTESIAN_POINT('',(6.943347419153,-22.6,-4.2));
#1121 = ADVANCED_FACE('',(#1122),#1141,.F.);
#1122 = FACE_BOUND('',#1123,.T.);
#1123 = EDGE_LOOP('',(#1124,#1133,#1139,#1140));
#1124 = ORIENTED_EDGE('',*,*,#1125,.T.);
#1125 = EDGE_CURVE('',#1126,#1126,#1128,.T.);
#1126 = VERTEX_POINT('',#1127);
#1127 = CARTESIAN_POINT('',(-2.35,-30.9,11.));
#1128 = CIRCLE('',#1129,2.35);
#1129 = AXIS2_PLACEMENT_3D('',#1130,#1131,#1132);
#1130 = CARTESIAN_POINT('',(0.,-30.9,11.));
#1131 = DIRECTION('',(0.,-1.,2.22044604925E-16));
#1132 = DIRECTION('',(-1.,0.,0.));
#1133 = ORIENTED_EDGE('',*,*,#1134,.T.);
#1134 = EDGE_CURVE('',#1126,#208,#1135,.T.);
#1135 = LINE('',#1136,#1137);
#1136 = CARTESIAN_POINT('',(-2.35,-30.9,11.));
#1137 = VECTOR('',#1138,1.);
#1138 = DIRECTION('',(7.401486830834E-17,1.,-2.22044604925E-16));
#1139 = ORIENTED_EDGE('',*,*,#207,.T.);
#1140 = ORIENTED_EDGE('',*,*,#1134,.F.);
#1141 = CYLINDRICAL_SURFACE('',#1142,2.35);
#1142 = AXIS2_PLACEMENT_3D('',#1143,#1144,#1145);
#1143 = CARTESIAN_POINT('',(0.,-30.9,11.));
#1144 = DIRECTION('',(0.,1.,-2.22044604925E-16));
#1145 = DIRECTION('',(-1.,0.,0.));
#1146 = ADVANCED_FACE('',(#1147),#1166,.F.);
#1147 = FACE_BOUND('',#1148,.T.);
#1148 = EDGE_LOOP('',(#1149,#1158,#1164,#1165));
#1149 = ORIENTED_EDGE('',*,*,#1150,.T.);
#1150 = EDGE_CURVE('',#1151,#1151,#1153,.T.);
#1151 = VERTEX_POINT('',#1152);
#1152 = CARTESIAN_POINT('',(5.65,-30.9,3.));
#1153 = CIRCLE('',#1154,2.35);
#1154 = AXIS2_PLACEMENT_3D('',#1155,#1156,#1157);
#1155 = CARTESIAN_POINT('',(8.,-30.9,3.));
#1156 = DIRECTION('',(0.,-1.,2.22044604925E-16));
#1157 = DIRECTION('',(-1.,0.,0.));
#1158 = ORIENTED_EDGE('',*,*,#1159,.T.);
#1159 = EDGE_CURVE('',#1151,#219,#1160,.T.);
#1160 = LINE('',#1161,#1162);
#1161 = CARTESIAN_POINT('',(5.65,-30.9,3.));
#1162 = VECTOR('',#1163,1.);
#1163 = DIRECTION('',(7.401486830834E-17,1.,-2.22044604925E-16));
#1164 = ORIENTED_EDGE('',*,*,#218,.T.);
#1165 = ORIENTED_EDGE('',*,*,#1159,.F.);
#1166 = CYLINDRICAL_SURFACE('',#1167,2.35);
#1167 = AXIS2_PLACEMENT_3D('',#1168,#1169,#1170);
#1168 = CARTESIAN_POINT('',(8.,-30.9,3.));
#1169 = DIRECTION('',(0.,1.,-2.22044604925E-16));
#1170 = DIRECTION('',(-1.,0.,0.));
#1171 = ADVANCED_FACE('',(#1172),#1191,.F.);
#1172 = FACE_BOUND('',#1173,.F.);
#1173 = EDGE_LOOP('',(#1174,#1175,#1183,#1190));
#1174 = ORIENTED_EDGE('',*,*,#229,.T.);
#1175 = ORIENTED_EDGE('',*,*,#1176,.F.);
#1176 = EDGE_CURVE('',#1177,#230,#1179,.T.);
#1177 = VERTEX_POINT('',#1178);
#1178 = CARTESIAN_POINT('',(4.5,-30.9,3.));
#1179 = LINE('',#1180,#1181);
#1180 = CARTESIAN_POINT('',(4.5,-30.9,3.));
#1181 = VECTOR('',#1182,1.);
#1182 = DIRECTION('',(0.,1.,-2.22044604925E-16));
#1183 = ORIENTED_EDGE('',*,*,#1184,.F.);
#1184 = EDGE_CURVE('',#1177,#1177,#1185,.T.);
#1185 = CIRCLE('',#1186,4.5);
#1186 = AXIS2_PLACEMENT_3D('',#1187,#1188,#1189);
#1187 = CARTESIAN_POINT('',(0.,-30.9,3.));
#1188 = DIRECTION('',(0.,-1.,2.22044604925E-16));
#1189 = DIRECTION('',(1.,0.,0.));
#1190 = ORIENTED_EDGE('',*,*,#1176,.T.);
#1191 = CYLINDRICAL_SURFACE('',#1192,4.5);
#1192 = AXIS2_PLACEMENT_3D('',#1193,#1194,#1195);
#1193 = CARTESIAN_POINT('',(0.,-30.9,3.));
#1194 = DIRECTION('',(0.,-1.,2.22044604925E-16));
#1195 = DIRECTION('',(1.,0.,0.));
#1196 = ADVANCED_FACE('',(#1197),#1216,.F.);
#1197 = FACE_BOUND('',#1198,.T.);
#1198 = EDGE_LOOP('',(#1199,#1208,#1214,#1215));
#1199 = ORIENTED_EDGE('',*,*,#1200,.T.);
#1200 = EDGE_CURVE('',#1201,#1201,#1203,.T.);
#1201 = VERTEX_POINT('',#1202);
#1202 = CARTESIAN_POINT('',(-10.35,-30.9,3.));
#1203 = CIRCLE('',#1204,2.35);
#1204 = AXIS2_PLACEMENT_3D('',#1205,#1206,#1207);
#1205 = CARTESIAN_POINT('',(-8.,-30.9,3.));
#1206 = DIRECTION('',(0.,-1.,2.22044604925E-16));
#1207 = DIRECTION('',(-1.,0.,0.));
#1208 = ORIENTED_EDGE('',*,*,#1209,.T.);
#1209 = EDGE_CURVE('',#1201,#241,#1210,.T.);
#1210 = LINE('',#1211,#1212);
#1211 = CARTESIAN_POINT('',(-10.35,-30.9,3.));
#1212 = VECTOR('',#1213,1.);
#1213 = DIRECTION('',(7.401486830834E-17,1.,-2.22044604925E-16));
#1214 = ORIENTED_EDGE('',*,*,#240,.T.);
#1215 = ORIENTED_EDGE('',*,*,#1209,.F.);
#1216 = CYLINDRICAL_SURFACE('',#1217,2.35);
#1217 = AXIS2_PLACEMENT_3D('',#1218,#1219,#1220);
#1218 = CARTESIAN_POINT('',(-8.,-30.9,3.));
#1219 = DIRECTION('',(0.,1.,-2.22044604925E-16));
#1220 = DIRECTION('',(-1.,0.,0.));
#1221 = ADVANCED_FACE('',(#1222),#1234,.F.);
#1222 = FACE_BOUND('',#1223,.F.);
#1223 = EDGE_LOOP('',(#1224,#1225,#1226,#1227));
#1224 = ORIENTED_EDGE('',*,*,#319,.T.);
#1225 = ORIENTED_EDGE('',*,*,#258,.T.);
#1226 = ORIENTED_EDGE('',*,*,#666,.F.);
#1227 = ORIENTED_EDGE('',*,*,#1228,.F.);
#1228 = EDGE_CURVE('',#307,#582,#1229,.T.);
#1229 = CIRCLE('',#1230,2.125);
#1230 = AXIS2_PLACEMENT_3D('',#1231,#1232,#1233);
#1231 = CARTESIAN_POINT('',(-10.,-21.95,-3.2));
#1232 = DIRECTION('',(0.,0.,1.));
#1233 = DIRECTION('',(-0.978128825871,-0.208,0.));
#1234 = TOROIDAL_SURFACE('',#1235,2.125,1.);
#1235 = AXIS2_PLACEMENT_3D('',#1236,#1237,#1238);
#1236 = CARTESIAN_POINT('',(-10.,-21.95,-4.2));
#1237 = DIRECTION('',(0.,0.,1.));
#1238 = DIRECTION('',(-0.978128825871,-0.208,0.));
#1239 = ADVANCED_FACE('',(#1240,#1243),#1254,.T.);
#1240 = FACE_BOUND('',#1241,.T.);
#1241 = EDGE_LOOP('',(#1242));
#1242 = ORIENTED_EDGE('',*,*,#282,.T.);
#1243 = FACE_BOUND('',#1244,.T.);
#1244 = EDGE_LOOP('',(#1245));
#1245 = ORIENTED_EDGE('',*,*,#1246,.T.);
#1246 = EDGE_CURVE('',#1247,#1247,#1249,.T.);
#1247 = VERTEX_POINT('',#1248);
#1248 = CARTESIAN_POINT('',(-8.3,-21.95,-8.2));
#1249 = CIRCLE('',#1250,1.7);
#1250 = AXIS2_PLACEMENT_3D('',#1251,#1252,#1253);
#1251 = CARTESIAN_POINT('',(-10.,-21.95,-8.2));
#1252 = DIRECTION('',(0.,0.,-1.));
#1253 = DIRECTION('',(1.,0.,0.));
#1254 = PLANE('',#1255);
#1255 = AXIS2_PLACEMENT_3D('',#1256,#1257,#1258);
#1256 = CARTESIAN_POINT('',(0.,-14.45,-8.2));
#1257 = DIRECTION('',(0.,0.,1.));
#1258 = DIRECTION('',(1.,0.,0.));
#1259 = ADVANCED_FACE('',(#1260),#1285,.F.);
#1260 = FACE_BOUND('',#1261,.F.);
#1261 = EDGE_LOOP('',(#1262,#1263,#1271,#1279));
#1262 = ORIENTED_EDGE('',*,*,#526,.F.);
#1263 = ORIENTED_EDGE('',*,*,#1264,.T.);
#1264 = EDGE_CURVE('',#527,#1265,#1267,.T.);
#1265 = VERTEX_POINT('',#1266);
#1266 = CARTESIAN_POINT('',(-6.,1.35,-9.));
#1267 = LINE('',#1268,#1269);
#1268 = CARTESIAN_POINT('',(-6.,1.35,-7.));
#1269 = VECTOR('',#1270,1.);
#1270 = DIRECTION('',(-0.,-0.,-1.));
#1271 = ORIENTED_EDGE('',*,*,#1272,.F.);
#1272 = EDGE_CURVE('',#1273,#1265,#1275,.T.);
#1273 = VERTEX_POINT('',#1274);
#1274 = CARTESIAN_POINT('',(-6.,-3.15,-9.));
#1275 = LINE('',#1276,#1277);
#1276 = CARTESIAN_POINT('',(-6.,-5.05,-9.));
#1277 = VECTOR('',#1278,1.);
#1278 = DIRECTION('',(0.,1.,-0.));
#1279 = ORIENTED_EDGE('',*,*,#1280,.F.);
#1280 = EDGE_CURVE('',#519,#1273,#1281,.T.);
#1281 = LINE('',#1282,#1283);
#1282 = CARTESIAN_POINT('',(-6.,-3.15,-7.));
#1283 = VECTOR('',#1284,1.);
#1284 = DIRECTION('',(-0.,-0.,-1.));
#1285 = PLANE('',#1286);
#1286 = AXIS2_PLACEMENT_3D('',#1287,#1288,#1289);
#1287 = CARTESIAN_POINT('',(-6.,1.35,-7.));
#1288 = DIRECTION('',(-1.,0.,0.));
#1289 = DIRECTION('',(0.,-1.,0.));
#1290 = ADVANCED_FACE('',(#1291),#1309,.F.);
#1291 = FACE_BOUND('',#1292,.F.);
#1292 = EDGE_LOOP('',(#1293,#1294,#1295,#1303));
#1293 = ORIENTED_EDGE('',*,*,#518,.F.);
#1294 = ORIENTED_EDGE('',*,*,#1280,.T.);
#1295 = ORIENTED_EDGE('',*,*,#1296,.F.);
#1296 = EDGE_CURVE('',#1297,#1273,#1299,.T.);
#1297 = VERTEX_POINT('',#1298);
#1298 = CARTESIAN_POINT('',(6.,-3.15,-9.));
#1299 = LINE('',#1300,#1301);
#1300 = CARTESIAN_POINT('',(-3.,-3.15,-9.));
#1301 = VECTOR('',#1302,1.);
#1302 = DIRECTION('',(-1.,0.,0.));
#1303 = ORIENTED_EDGE('',*,*,#1304,.F.);
#1304 = EDGE_CURVE('',#511,#1297,#1305,.T.);
#1305 = LINE('',#1306,#1307);
#1306 = CARTESIAN_POINT('',(6.,-3.15,-7.));
#1307 = VECTOR('',#1308,1.);
#1308 = DIRECTION('',(-0.,-0.,-1.));
#1309 = PLANE('',#1310);
#1310 = AXIS2_PLACEMENT_3D('',#1311,#1312,#1313);
#1311 = CARTESIAN_POINT('',(-6.,-3.15,-7.));
#1312 = DIRECTION('',(0.,-1.,0.));
#1313 = DIRECTION('',(1.,0.,0.));
#1314 = ADVANCED_FACE('',(#1315),#1333,.F.);
#1315 = FACE_BOUND('',#1316,.F.);
#1316 = EDGE_LOOP('',(#1317,#1318,#1319,#1327));
#1317 = ORIENTED_EDGE('',*,*,#510,.F.);
#1318 = ORIENTED_EDGE('',*,*,#1304,.T.);
#1319 = ORIENTED_EDGE('',*,*,#1320,.F.);
#1320 = EDGE_CURVE('',#1321,#1297,#1323,.T.);
#1321 = VERTEX_POINT('',#1322);
#1322 = CARTESIAN_POINT('',(6.,1.35,-9.));
#1323 = LINE('',#1324,#1325);
#1324 = CARTESIAN_POINT('',(6.,-7.3,-9.));
#1325 = VECTOR('',#1326,1.);
#1326 = DIRECTION('',(0.,-1.,0.));
#1327 = ORIENTED_EDGE('',*,*,#1328,.F.);
#1328 = EDGE_CURVE('',#503,#1321,#1329,.T.);
#1329 = LINE('',#1330,#1331);
#1330 = CARTESIAN_POINT('',(6.,1.35,-7.));
#1331 = VECTOR('',#1332,1.);
#1332 = DIRECTION('',(-0.,-0.,-1.));
#1333 = PLANE('',#1334);
#1334 = AXIS2_PLACEMENT_3D('',#1335,#1336,#1337);
#1335 = CARTESIAN_POINT('',(6.,-3.15,-7.));
#1336 = DIRECTION('',(1.,0.,0.));
#1337 = DIRECTION('',(-0.,1.,0.));
#1338 = ADVANCED_FACE('',(#1339),#1343,.F.);
#1339 = FACE_BOUND('',#1340,.T.);
#1340 = EDGE_LOOP('',(#1341,#1342));
#1341 = ORIENTED_EDGE('',*,*,#461,.F.);
#1342 = ORIENTED_EDGE('',*,*,#852,.T.);
#1343 = CONICAL_SURFACE('',#1344,2.35,1.029744258677);
#1344 = AXIS2_PLACEMENT_3D('',#1345,#1346,#1347);
#1345 = CARTESIAN_POINT('',(0.,-18.9,-5.));
#1346 = DIRECTION('',(0.,-1.,2.22044604925E-16));
#1347 = DIRECTION('',(-1.,0.,0.));
#1348 = ADVANCED_FACE('',(#1349),#1368,.F.);
#1349 = FACE_BOUND('',#1350,.F.);
#1350 = EDGE_LOOP('',(#1351,#1359,#1366,#1367));
#1351 = ORIENTED_EDGE('',*,*,#1352,.T.);
#1352 = EDGE_CURVE('',#554,#1353,#1355,.T.);
#1353 = VERTEX_POINT('',#1354);
#1354 = CARTESIAN_POINT('',(-6.875,-6.95,-8.2));
#1355 = LINE('',#1356,#1357);
#1356 = CARTESIAN_POINT('',(-6.875,-6.95,-7.));
#1357 = VECTOR('',#1358,1.);
#1358 = DIRECTION('',(-0.,-0.,-1.));
#1359 = ORIENTED_EDGE('',*,*,#1360,.T.);
#1360 = EDGE_CURVE('',#1353,#1353,#1361,.T.);
#1361 = CIRCLE('',#1362,3.125);
#1362 = AXIS2_PLACEMENT_3D('',#1363,#1364,#1365);
#1363 = CARTESIAN_POINT('',(-10.,-6.95,-8.2));
#1364 = DIRECTION('',(0.,0.,1.));
#1365 = DIRECTION('',(1.,0.,0.));
#1366 = ORIENTED_EDGE('',*,*,#1352,.F.);
#1367 = ORIENTED_EDGE('',*,*,#553,.F.);
#1368 = CYLINDRICAL_SURFACE('',#1369,3.125);
#1369 = AXIS2_PLACEMENT_3D('',#1370,#1371,#1372);
#1370 = CARTESIAN_POINT('',(-10.,-6.95,-7.));
#1371 = DIRECTION('',(0.,0.,1.));
#1372 = DIRECTION('',(1.,0.,0.));
#1373 = ADVANCED_FACE('',(#1374),#1393,.F.);
#1374 = FACE_BOUND('',#1375,.F.);
#1375 = EDGE_LOOP('',(#1376,#1384,#1391,#1392));
#1376 = ORIENTED_EDGE('',*,*,#1377,.T.);
#1377 = EDGE_CURVE('',#565,#1378,#1380,.T.);
#1378 = VERTEX_POINT('',#1379);
#1379 = CARTESIAN_POINT('',(13.125,-6.95,-8.2));
#1380 = LINE('',#1381,#1382);
#1381 = CARTESIAN_POINT('',(13.125,-6.95,-7.));
#1382 = VECTOR('',#1383,1.);
#1383 = DIRECTION('',(-0.,-0.,-1.));
#1384 = ORIENTED_EDGE('',*,*,#1385,.T.);
#1385 = EDGE_CURVE('',#1378,#1378,#1386,.T.);
#1386 = CIRCLE('',#1387,3.125);
#1387 = AXIS2_PLACEMENT_3D('',#1388,#1389,#1390);
#1388 = CARTESIAN_POINT('',(10.,-6.95,-8.2));
#1389 = DIRECTION('',(0.,0.,1.));
#1390 = DIRECTION('',(1.,0.,0.));
#1391 = ORIENTED_EDGE('',*,*,#1377,.F.);
#1392 = ORIENTED_EDGE('',*,*,#564,.F.);
#1393 = CYLINDRICAL_SURFACE('',#1394,3.125);
#1394 = AXIS2_PLACEMENT_3D('',#1395,#1396,#1397);
#1395 = CARTESIAN_POINT('',(10.,-6.95,-7.));
#1396 = DIRECTION('',(0.,0.,1.));
#1397 = DIRECTION('',(1.,0.,0.));
#1398 = ADVANCED_FACE('',(#1399),#1403,.F.);
#1399 = FACE_BOUND('',#1400,.F.);
#1400 = EDGE_LOOP('',(#1401,#1402));
#1401 = ORIENTED_EDGE('',*,*,#593,.T.);
#1402 = ORIENTED_EDGE('',*,*,#1228,.T.);
#1403 = PLANE('',#1404);
#1404 = AXIS2_PLACEMENT_3D('',#1405,#1406,#1407);
#1405 = CARTESIAN_POINT('',(0.,-21.95,-3.2));
#1406 = DIRECTION('',(0.,0.,1.));
#1407 = DIRECTION('',(1.,0.,0.));
#1408 = ADVANCED_FACE('',(#1409,#1425,#1436,#1447,#1458,#1469),#1480,.T.
  );
#1409 = FACE_BOUND('',#1410,.T.);
#1410 = EDGE_LOOP('',(#1411,#1417,#1418,#1424));
#1411 = ORIENTED_EDGE('',*,*,#1412,.T.);
#1412 = EDGE_CURVE('',#612,#787,#1413,.T.);
#1413 = LINE('',#1414,#1415);
#1414 = CARTESIAN_POINT('',(-13.5,8.,-9.));
#1415 = VECTOR('',#1416,1.);
#1416 = DIRECTION('',(1.,0.,0.));
#1417 = ORIENTED_EDGE('',*,*,#786,.T.);
#1418 = ORIENTED_EDGE('',*,*,#1419,.T.);
#1419 = EDGE_CURVE('',#789,#610,#1420,.T.);
#1420 = LINE('',#1421,#1422);
#1421 = CARTESIAN_POINT('',(13.5,-30.9,-9.));
#1422 = VECTOR('',#1423,1.);
#1423 = DIRECTION('',(-1.,0.,0.));
#1424 = ORIENTED_EDGE('',*,*,#609,.T.);
#1425 = FACE_BOUND('',#1426,.T.);
#1426 = EDGE_LOOP('',(#1427));
#1427 = ORIENTED_EDGE('',*,*,#1428,.F.);
#1428 = EDGE_CURVE('',#1429,#1429,#1431,.T.);
#1429 = VERTEX_POINT('',#1430);
#1430 = CARTESIAN_POINT('',(11.7,-21.95,-9.));
#1431 = CIRCLE('',#1432,1.7);
#1432 = AXIS2_PLACEMENT_3D('',#1433,#1434,#1435);
#1433 = CARTESIAN_POINT('',(10.,-21.95,-9.));
#1434 = DIRECTION('',(0.,0.,-1.));
#1435 = DIRECTION('',(1.,0.,0.));
#1436 = FACE_BOUND('',#1437,.T.);
#1437 = EDGE_LOOP('',(#1438));
#1438 = ORIENTED_EDGE('',*,*,#1439,.F.);
#1439 = EDGE_CURVE('',#1440,#1440,#1442,.T.);
#1440 = VERTEX_POINT('',#1441);
#1441 = CARTESIAN_POINT('',(-8.3,-21.95,-9.));
#1442 = CIRCLE('',#1443,1.7);
#1443 = AXIS2_PLACEMENT_3D('',#1444,#1445,#1446);
#1444 = CARTESIAN_POINT('',(-10.,-21.95,-9.));
#1445 = DIRECTION('',(0.,0.,-1.));
#1446 = DIRECTION('',(1.,0.,0.));
#1447 = FACE_BOUND('',#1448,.T.);
#1448 = EDGE_LOOP('',(#1449));
#1449 = ORIENTED_EDGE('',*,*,#1450,.F.);
#1450 = EDGE_CURVE('',#1451,#1451,#1453,.T.);
#1451 = VERTEX_POINT('',#1452);
#1452 = CARTESIAN_POINT('',(11.7,-6.95,-9.));
#1453 = CIRCLE('',#1454,1.7);
#1454 = AXIS2_PLACEMENT_3D('',#1455,#1456,#1457);
#1455 = CARTESIAN_POINT('',(10.,-6.95,-9.));
#1456 = DIRECTION('',(0.,0.,-1.));
#1457 = DIRECTION('',(1.,0.,0.));
#1458 = FACE_BOUND('',#1459,.T.);
#1459 = EDGE_LOOP('',(#1460));
#1460 = ORIENTED_EDGE('',*,*,#1461,.F.);
#1461 = EDGE_CURVE('',#1462,#1462,#1464,.T.);
#1462 = VERTEX_POINT('',#1463);
#1463 = CARTESIAN_POINT('',(-8.3,-6.95,-9.));
#1464 = CIRCLE('',#1465,1.7);
#1465 = AXIS2_PLACEMENT_3D('',#1466,#1467,#1468);
#1466 = CARTESIAN_POINT('',(-10.,-6.95,-9.));
#1467 = DIRECTION('',(0.,0.,-1.));
#1468 = DIRECTION('',(1.,0.,0.));
#1469 = FACE_BOUND('',#1470,.T.);
#1470 = EDGE_LOOP('',(#1471,#1472,#1473,#1474));
#1471 = ORIENTED_EDGE('',*,*,#1272,.F.);
#1472 = ORIENTED_EDGE('',*,*,#1296,.F.);
#1473 = ORIENTED_EDGE('',*,*,#1320,.F.);
#1474 = ORIENTED_EDGE('',*,*,#1475,.F.);
#1475 = EDGE_CURVE('',#1265,#1321,#1476,.T.);
#1476 = LINE('',#1477,#1478);
#1477 = CARTESIAN_POINT('',(3.,1.35,-9.));
#1478 = VECTOR('',#1479,1.);
#1479 = DIRECTION('',(1.,-0.,0.));
#1480 = PLANE('',#1481);
#1481 = AXIS2_PLACEMENT_3D('',#1482,#1483,#1484);
#1482 = CARTESIAN_POINT('',(-1.72514169532E-15,-11.45,-9.));
#1483 = DIRECTION('',(-0.,-0.,-1.));
#1484 = DIRECTION('',(-1.,0.,0.));
#1485 = ADVANCED_FACE('',(#1486,#1497,#1508,#1519,#1530,#1550),#1561,.T.
  );
#1486 = FACE_BOUND('',#1487,.T.);
#1487 = EDGE_LOOP('',(#1488,#1489,#1495,#1496));
#1488 = ORIENTED_EDGE('',*,*,#651,.T.);
#1489 = ORIENTED_EDGE('',*,*,#1490,.F.);
#1490 = EDGE_CURVE('',#797,#644,#1491,.T.);
#1491 = LINE('',#1492,#1493);
#1492 = CARTESIAN_POINT('',(13.5,8.,18.));
#1493 = VECTOR('',#1494,1.);
#1494 = DIRECTION('',(-1.,0.,0.));
#1495 = ORIENTED_EDGE('',*,*,#796,.F.);
#1496 = ORIENTED_EDGE('',*,*,#1412,.F.);
#1497 = FACE_BOUND('',#1498,.T.);
#1498 = EDGE_LOOP('',(#1499));
#1499 = ORIENTED_EDGE('',*,*,#1500,.F.);
#1500 = EDGE_CURVE('',#1501,#1501,#1503,.T.);
#1501 = VERTEX_POINT('',#1502);
#1502 = CARTESIAN_POINT('',(-5.,8.,3.));
#1503 = CIRCLE('',#1504,3.);
#1504 = AXIS2_PLACEMENT_3D('',#1505,#1506,#1507);
#1505 = CARTESIAN_POINT('',(-8.,8.,3.));
#1506 = DIRECTION('',(0.,1.,-2.22044604925E-16));
#1507 = DIRECTION('',(1.,0.,0.));
#1508 = FACE_BOUND('',#1509,.T.);
#1509 = EDGE_LOOP('',(#1510));
#1510 = ORIENTED_EDGE('',*,*,#1511,.F.);
#1511 = EDGE_CURVE('',#1512,#1512,#1514,.T.);
#1512 = VERTEX_POINT('',#1513);
#1513 = CARTESIAN_POINT('',(3.,8.,-4.999999999997));
#1514 = CIRCLE('',#1515,3.);
#1515 = AXIS2_PLACEMENT_3D('',#1516,#1517,#1518);
#1516 = CARTESIAN_POINT('',(0.,8.,-4.999999999997));
#1517 = DIRECTION('',(0.,1.,-2.22044604925E-16));
#1518 = DIRECTION('',(1.,0.,0.));
#1519 = FACE_BOUND('',#1520,.T.);
#1520 = EDGE_LOOP('',(#1521));
#1521 = ORIENTED_EDGE('',*,*,#1522,.F.);
#1522 = EDGE_CURVE('',#1523,#1523,#1525,.T.);
#1523 = VERTEX_POINT('',#1524);
#1524 = CARTESIAN_POINT('',(11.,8.,3.));
#1525 = CIRCLE('',#1526,3.);
#1526 = AXIS2_PLACEMENT_3D('',#1527,#1528,#1529);
#1527 = CARTESIAN_POINT('',(8.,8.,3.));
#1528 = DIRECTION('',(0.,1.,-2.22044604925E-16));
#1529 = DIRECTION('',(1.,0.,0.));
#1530 = FACE_BOUND('',#1531,.T.);
#1531 = EDGE_LOOP('',(#1532,#1543));
#1532 = ORIENTED_EDGE('',*,*,#1533,.F.);
#1533 = EDGE_CURVE('',#1534,#1536,#1538,.T.);
#1534 = VERTEX_POINT('',#1535);
#1535 = CARTESIAN_POINT('',(-4.5,8.,3.));
#1536 = VERTEX_POINT('',#1537);
#1537 = CARTESIAN_POINT('',(4.5,8.,3.));
#1538 = CIRCLE('',#1539,4.5);
#1539 = AXIS2_PLACEMENT_3D('',#1540,#1541,#1542);
#1540 = CARTESIAN_POINT('',(0.,8.,3.));
#1541 = DIRECTION('',(0.,1.,-0.));
#1542 = DIRECTION('',(-1.,0.,0.));
#1543 = ORIENTED_EDGE('',*,*,#1544,.F.);
#1544 = EDGE_CURVE('',#1536,#1534,#1545,.T.);
#1545 = CIRCLE('',#1546,4.5);
#1546 = AXIS2_PLACEMENT_3D('',#1547,#1548,#1549);
#1547 = CARTESIAN_POINT('',(0.,8.,3.));
#1548 = DIRECTION('',(0.,1.,-0.));
#1549 = DIRECTION('',(-1.,0.,0.));
#1550 = FACE_BOUND('',#1551,.T.);
#1551 = EDGE_LOOP('',(#1552));
#1552 = ORIENTED_EDGE('',*,*,#1553,.F.);
#1553 = EDGE_CURVE('',#1554,#1554,#1556,.T.);
#1554 = VERTEX_POINT('',#1555);
#1555 = CARTESIAN_POINT('',(3.,8.,10.999999999997));
#1556 = CIRCLE('',#1557,3.);
#1557 = AXIS2_PLACEMENT_3D('',#1558,#1559,#1560);
#1558 = CARTESIAN_POINT('',(0.,8.,10.999999999997));
#1559 = DIRECTION('',(0.,1.,-2.22044604925E-16));
#1560 = DIRECTION('',(1.,0.,0.));
#1561 = PLANE('',#1562);
#1562 = AXIS2_PLACEMENT_3D('',#1563,#1564,#1565);
#1563 = CARTESIAN_POINT('',(-5.3E-16,8.,4.5));
#1564 = DIRECTION('',(0.,1.,0.));
#1565 = DIRECTION('',(0.,0.,1.));
#1566 = ADVANCED_FACE('',(#1567),#1610,.T.);
#1567 = FACE_BOUND('',#1568,.T.);
#1568 = EDGE_LOOP('',(#1569,#1570,#1571,#1572,#1580,#1588,#1596,#1604));
#1569 = ORIENTED_EDGE('',*,*,#804,.T.);
#1570 = ORIENTED_EDGE('',*,*,#1490,.T.);
#1571 = ORIENTED_EDGE('',*,*,#643,.T.);
#1572 = ORIENTED_EDGE('',*,*,#1573,.T.);
#1573 = EDGE_CURVE('',#636,#1574,#1576,.T.);
#1574 = VERTEX_POINT('',#1575);
#1575 = CARTESIAN_POINT('',(-5.25,1.35,18.));
#1576 = LINE('',#1577,#1578);
#1577 = CARTESIAN_POINT('',(-13.5,1.35,18.));
#1578 = VECTOR('',#1579,1.);
#1579 = DIRECTION('',(1.,0.,0.));
#1580 = ORIENTED_EDGE('',*,*,#1581,.F.);
#1581 = EDGE_CURVE('',#1582,#1574,#1584,.T.);
#1582 = VERTEX_POINT('',#1583);
#1583 = CARTESIAN_POINT('',(-5.25,4.35,18.));
#1584 = LINE('',#1585,#1586);
#1585 = CARTESIAN_POINT('',(-5.25,4.35,18.));
#1586 = VECTOR('',#1587,1.);
#1587 = DIRECTION('',(0.,-1.,0.));
#1588 = ORIENTED_EDGE('',*,*,#1589,.F.);
#1589 = EDGE_CURVE('',#1590,#1582,#1592,.T.);
#1590 = VERTEX_POINT('',#1591);
#1591 = CARTESIAN_POINT('',(5.25,4.35,18.));
#1592 = LINE('',#1593,#1594);
#1593 = CARTESIAN_POINT('',(5.25,4.35,18.));
#1594 = VECTOR('',#1595,1.);
#1595 = DIRECTION('',(-1.,0.,0.));
#1596 = ORIENTED_EDGE('',*,*,#1597,.F.);
#1597 = EDGE_CURVE('',#1598,#1590,#1600,.T.);
#1598 = VERTEX_POINT('',#1599);
#1599 = CARTESIAN_POINT('',(5.25,1.35,18.));
#1600 = LINE('',#1601,#1602);
#1601 = CARTESIAN_POINT('',(5.25,1.35,18.));
#1602 = VECTOR('',#1603,1.);
#1603 = DIRECTION('',(0.,1.,0.));
#1604 = ORIENTED_EDGE('',*,*,#1605,.T.);
#1605 = EDGE_CURVE('',#1598,#805,#1606,.T.);
#1606 = LINE('',#1607,#1608);
#1607 = CARTESIAN_POINT('',(-13.5,1.35,18.));
#1608 = VECTOR('',#1609,1.);
#1609 = DIRECTION('',(1.,0.,0.));
#1610 = PLANE('',#1611);
#1611 = AXIS2_PLACEMENT_3D('',#1612,#1613,#1614);
#1612 = CARTESIAN_POINT('',(0.,-14.28025615435,18.));
#1613 = DIRECTION('',(0.,0.,1.));
#1614 = DIRECTION('',(1.,0.,0.));
#1615 = ADVANCED_FACE('',(#1616,#1622,#1625,#1628,#1631,#1634),#1637,.T.
  );
#1616 = FACE_BOUND('',#1617,.T.);
#1617 = EDGE_LOOP('',(#1618,#1619,#1620,#1621));
#1618 = ORIENTED_EDGE('',*,*,#821,.T.);
#1619 = ORIENTED_EDGE('',*,*,#763,.F.);
#1620 = ORIENTED_EDGE('',*,*,#619,.F.);
#1621 = ORIENTED_EDGE('',*,*,#1419,.F.);
#1622 = FACE_BOUND('',#1623,.T.);
#1623 = EDGE_LOOP('',(#1624));
#1624 = ORIENTED_EDGE('',*,*,#1200,.F.);
#1625 = FACE_BOUND('',#1626,.T.);
#1626 = EDGE_LOOP('',(#1627));
#1627 = ORIENTED_EDGE('',*,*,#1125,.F.);
#1628 = FACE_BOUND('',#1629,.T.);
#1629 = EDGE_LOOP('',(#1630));
#1630 = ORIENTED_EDGE('',*,*,#1184,.F.);
#1631 = FACE_BOUND('',#1632,.T.);
#1632 = EDGE_LOOP('',(#1633));
#1633 = ORIENTED_EDGE('',*,*,#835,.F.);
#1634 = FACE_BOUND('',#1635,.T.);
#1635 = EDGE_LOOP('',(#1636));
#1636 = ORIENTED_EDGE('',*,*,#1150,.F.);
#1637 = PLANE('',#1638);
#1638 = AXIS2_PLACEMENT_3D('',#1639,#1640,#1641);
#1639 = CARTESIAN_POINT('',(-5.3E-16,-30.9,4.5));
#1640 = DIRECTION('',(-0.,-1.,-0.));
#1641 = DIRECTION('',(0.,0.,-1.));
#1642 = ADVANCED_FACE('',(#1643),#1655,.F.);
#1643 = FACE_BOUND('',#1644,.T.);
#1644 = EDGE_LOOP('',(#1645,#1646,#1653,#1654));
#1645 = ORIENTED_EDGE('',*,*,#1037,.F.);
#1646 = ORIENTED_EDGE('',*,*,#1647,.T.);
#1647 = EDGE_CURVE('',#1009,#906,#1648,.T.);
#1648 = CIRCLE('',#1649,2.125);
#1649 = AXIS2_PLACEMENT_3D('',#1650,#1651,#1652);
#1650 = CARTESIAN_POINT('',(10.,-21.95,-3.2));
#1651 = DIRECTION('',(0.,0.,1.));
#1652 = DIRECTION('',(-0.978128825871,-0.208,0.));
#1653 = ORIENTED_EDGE('',*,*,#918,.T.);
#1654 = ORIENTED_EDGE('',*,*,#871,.F.);
#1655 = TOROIDAL_SURFACE('',#1656,2.125,1.);
#1656 = AXIS2_PLACEMENT_3D('',#1657,#1658,#1659);
#1657 = CARTESIAN_POINT('',(10.,-21.95,-4.2));
#1658 = DIRECTION('',(-0.,-0.,-1.));
#1659 = DIRECTION('',(-0.978128825871,-0.208,0.));
#1660 = ADVANCED_FACE('',(#1661,#1664),#1675,.T.);
#1661 = FACE_BOUND('',#1662,.T.);
#1662 = EDGE_LOOP('',(#1663));
#1663 = ORIENTED_EDGE('',*,*,#887,.T.);
#1664 = FACE_BOUND('',#1665,.T.);
#1665 = EDGE_LOOP('',(#1666));
#1666 = ORIENTED_EDGE('',*,*,#1667,.T.);
#1667 = EDGE_CURVE('',#1668,#1668,#1670,.T.);
#1668 = VERTEX_POINT('',#1669);
#1669 = CARTESIAN_POINT('',(11.7,-21.95,-8.2));
#1670 = CIRCLE('',#1671,1.7);
#1671 = AXIS2_PLACEMENT_3D('',#1672,#1673,#1674);
#1672 = CARTESIAN_POINT('',(10.,-21.95,-8.2));
#1673 = DIRECTION('',(0.,0.,-1.));
#1674 = DIRECTION('',(1.,0.,0.));
#1675 = PLANE('',#1676);
#1676 = AXIS2_PLACEMENT_3D('',#1677,#1678,#1679);
#1677 = CARTESIAN_POINT('',(0.,-14.45,-8.2));
#1678 = DIRECTION('',(0.,0.,1.));
#1679 = DIRECTION('',(1.,0.,0.));
#1680 = ADVANCED_FACE('',(#1681),#1685,.F.);
#1681 = FACE_BOUND('',#1682,.F.);
#1682 = EDGE_LOOP('',(#1683,#1684));
#1683 = ORIENTED_EDGE('',*,*,#1008,.T.);
#1684 = ORIENTED_EDGE('',*,*,#1647,.T.);
#1685 = PLANE('',#1686);
#1686 = AXIS2_PLACEMENT_3D('',#1687,#1688,#1689);
#1687 = CARTESIAN_POINT('',(0.,-21.95,-3.2));
#1688 = DIRECTION('',(0.,0.,1.));
#1689 = DIRECTION('',(1.,0.,0.));
#1690 = ADVANCED_FACE('',(#1691),#1701,.F.);
#1691 = FACE_BOUND('',#1692,.T.);
#1692 = EDGE_LOOP('',(#1693,#1698,#1699,#1700));
#1693 = ORIENTED_EDGE('',*,*,#1694,.T.);
#1694 = EDGE_CURVE('',#1247,#1440,#1695,.T.);
#1695 = B_SPLINE_CURVE_WITH_KNOTS('',1,(#1696,#1697),.UNSPECIFIED.,.F.,
  .F.,(2,2),(-1.65,0.35),.PIECEWISE_BEZIER_KNOTS.);
#1696 = CARTESIAN_POINT('',(-8.3,-21.95,-7.));
#1697 = CARTESIAN_POINT('',(-8.3,-21.95,-9.));
#1698 = ORIENTED_EDGE('',*,*,#1439,.T.);
#1699 = ORIENTED_EDGE('',*,*,#1694,.F.);
#1700 = ORIENTED_EDGE('',*,*,#1246,.F.);
#1701 = CYLINDRICAL_SURFACE('',#1702,1.7);
#1702 = AXIS2_PLACEMENT_3D('',#1703,#1704,#1705);
#1703 = CARTESIAN_POINT('',(-10.,-21.95,-8.65));
#1704 = DIRECTION('',(-0.,-0.,-1.));
#1705 = DIRECTION('',(1.,0.,0.));
#1706 = ADVANCED_FACE('',(#1707),#1732,.F.);
#1707 = FACE_BOUND('',#1708,.F.);
#1708 = EDGE_LOOP('',(#1709,#1710,#1718,#1726));
#1709 = ORIENTED_EDGE('',*,*,#1581,.F.);
#1710 = ORIENTED_EDGE('',*,*,#1711,.T.);
#1711 = EDGE_CURVE('',#1582,#1712,#1714,.T.);
#1712 = VERTEX_POINT('',#1713);
#1713 = CARTESIAN_POINT('',(-5.25,4.35,-3.));
#1714 = LINE('',#1715,#1716);
#1715 = CARTESIAN_POINT('',(-5.25,4.35,18.));
#1716 = VECTOR('',#1717,1.);
#1717 = DIRECTION('',(-0.,-0.,-1.));
#1718 = ORIENTED_EDGE('',*,*,#1719,.F.);
#1719 = EDGE_CURVE('',#1720,#1712,#1722,.T.);
#1720 = VERTEX_POINT('',#1721);
#1721 = CARTESIAN_POINT('',(-5.25,1.35,-3.));
#1722 = LINE('',#1723,#1724);
#1723 = CARTESIAN_POINT('',(-5.25,-5.05,-3.));
#1724 = VECTOR('',#1725,1.);
#1725 = DIRECTION('',(0.,1.,0.));
#1726 = ORIENTED_EDGE('',*,*,#1727,.F.);
#1727 = EDGE_CURVE('',#1574,#1720,#1728,.T.);
#1728 = LINE('',#1729,#1730);
#1729 = CARTESIAN_POINT('',(-5.25,1.35,18.));
#1730 = VECTOR('',#1731,1.);
#1731 = DIRECTION('',(-0.,-0.,-1.));
#1732 = PLANE('',#1733);
#1733 = AXIS2_PLACEMENT_3D('',#1734,#1735,#1736);
#1734 = CARTESIAN_POINT('',(-5.25,4.35,18.));
#1735 = DIRECTION('',(-1.,0.,0.));
#1736 = DIRECTION('',(0.,-1.,0.));
#1737 = ADVANCED_FACE('',(#1738),#1763,.F.);
#1738 = FACE_BOUND('',#1739,.F.);
#1739 = EDGE_LOOP('',(#1740,#1741,#1749,#1757));
#1740 = ORIENTED_EDGE('',*,*,#1597,.F.);
#1741 = ORIENTED_EDGE('',*,*,#1742,.T.);
#1742 = EDGE_CURVE('',#1598,#1743,#1745,.T.);
#1743 = VERTEX_POINT('',#1744);
#1744 = CARTESIAN_POINT('',(5.25,1.35,-3.));
#1745 = LINE('',#1746,#1747);
#1746 = CARTESIAN_POINT('',(5.25,1.35,18.));
#1747 = VECTOR('',#1748,1.);
#1748 = DIRECTION('',(-0.,-0.,-1.));
#1749 = ORIENTED_EDGE('',*,*,#1750,.F.);
#1750 = EDGE_CURVE('',#1751,#1743,#1753,.T.);
#1751 = VERTEX_POINT('',#1752);
#1752 = CARTESIAN_POINT('',(5.25,4.35,-3.));
#1753 = LINE('',#1754,#1755);
#1754 = CARTESIAN_POINT('',(5.25,-6.55,-3.));
#1755 = VECTOR('',#1756,1.);
#1756 = DIRECTION('',(0.,-1.,0.));
#1757 = ORIENTED_EDGE('',*,*,#1758,.F.);
#1758 = EDGE_CURVE('',#1590,#1751,#1759,.T.);
#1759 = LINE('',#1760,#1761);
#1760 = CARTESIAN_POINT('',(5.25,4.35,18.));
#1761 = VECTOR('',#1762,1.);
#1762 = DIRECTION('',(-0.,-0.,-1.));
#1763 = PLANE('',#1764);
#1764 = AXIS2_PLACEMENT_3D('',#1765,#1766,#1767);
#1765 = CARTESIAN_POINT('',(5.25,1.35,18.));
#1766 = DIRECTION('',(1.,0.,0.));
#1767 = DIRECTION('',(0.,1.,0.));
#1768 = ADVANCED_FACE('',(#1769),#1785,.T.);
#1769 = FACE_BOUND('',#1770,.T.);
#1770 = EDGE_LOOP('',(#1771,#1777,#1778,#1784));
#1771 = ORIENTED_EDGE('',*,*,#1772,.F.);
#1772 = EDGE_CURVE('',#1743,#1720,#1773,.T.);
#1773 = LINE('',#1774,#1775);
#1774 = CARTESIAN_POINT('',(-2.625,1.35,-3.));
#1775 = VECTOR('',#1776,1.);
#1776 = DIRECTION('',(-1.,0.,0.));
#1777 = ORIENTED_EDGE('',*,*,#1750,.F.);
#1778 = ORIENTED_EDGE('',*,*,#1779,.F.);
#1779 = EDGE_CURVE('',#1712,#1751,#1780,.T.);
#1780 = LINE('',#1781,#1782);
#1781 = CARTESIAN_POINT('',(2.625,4.35,-3.));
#1782 = VECTOR('',#1783,1.);
#1783 = DIRECTION('',(1.,0.,0.));
#1784 = ORIENTED_EDGE('',*,*,#1719,.F.);
#1785 = PLANE('',#1786);
#1786 = AXIS2_PLACEMENT_3D('',#1787,#1788,#1789);
#1787 = CARTESIAN_POINT('',(-2.37E-15,-14.45,-3.));
#1788 = DIRECTION('',(0.,0.,1.));
#1789 = DIRECTION('',(1.,0.,0.));
#1790 = ADVANCED_FACE('',(#1791,#1794),#1805,.T.);
#1791 = FACE_BOUND('',#1792,.T.);
#1792 = EDGE_LOOP('',(#1793));
#1793 = ORIENTED_EDGE('',*,*,#1360,.T.);
#1794 = FACE_BOUND('',#1795,.T.);
#1795 = EDGE_LOOP('',(#1796));
#1796 = ORIENTED_EDGE('',*,*,#1797,.T.);
#1797 = EDGE_CURVE('',#1798,#1798,#1800,.T.);
#1798 = VERTEX_POINT('',#1799);
#1799 = CARTESIAN_POINT('',(-8.3,-6.95,-8.2));
#1800 = CIRCLE('',#1801,1.7);
#1801 = AXIS2_PLACEMENT_3D('',#1802,#1803,#1804);
#1802 = CARTESIAN_POINT('',(-10.,-6.95,-8.2));
#1803 = DIRECTION('',(0.,0.,-1.));
#1804 = DIRECTION('',(1.,0.,0.));
#1805 = PLANE('',#1806);
#1806 = AXIS2_PLACEMENT_3D('',#1807,#1808,#1809);
#1807 = CARTESIAN_POINT('',(0.,-14.45,-8.2));
#1808 = DIRECTION('',(0.,0.,1.));
#1809 = DIRECTION('',(1.,0.,0.));
#1810 = ADVANCED_FACE('',(#1811,#1814),#1825,.T.);
#1811 = FACE_BOUND('',#1812,.T.);
#1812 = EDGE_LOOP('',(#1813));
#1813 = ORIENTED_EDGE('',*,*,#1385,.T.);
#1814 = FACE_BOUND('',#1815,.T.);
#1815 = EDGE_LOOP('',(#1816));
#1816 = ORIENTED_EDGE('',*,*,#1817,.T.);
#1817 = EDGE_CURVE('',#1818,#1818,#1820,.T.);
#1818 = VERTEX_POINT('',#1819);
#1819 = CARTESIAN_POINT('',(11.7,-6.95,-8.2));
#1820 = CIRCLE('',#1821,1.7);
#1821 = AXIS2_PLACEMENT_3D('',#1822,#1823,#1824);
#1822 = CARTESIAN_POINT('',(10.,-6.95,-8.2));
#1823 = DIRECTION('',(0.,0.,-1.));
#1824 = DIRECTION('',(1.,0.,0.));
#1825 = PLANE('',#1826);
#1826 = AXIS2_PLACEMENT_3D('',#1827,#1828,#1829);
#1827 = CARTESIAN_POINT('',(0.,-14.45,-8.2));
#1828 = DIRECTION('',(0.,0.,1.));
#1829 = DIRECTION('',(1.,0.,0.));
#1830 = ADVANCED_FACE('',(#1831),#1841,.F.);
#1831 = FACE_BOUND('',#1832,.T.);
#1832 = EDGE_LOOP('',(#1833,#1838,#1839,#1840));
#1833 = ORIENTED_EDGE('',*,*,#1834,.F.);
#1834 = EDGE_CURVE('',#1668,#1429,#1835,.T.);
#1835 = B_SPLINE_CURVE_WITH_KNOTS('',1,(#1836,#1837),.UNSPECIFIED.,.F.,
  .F.,(2,2),(-1.65,0.35),.PIECEWISE_BEZIER_KNOTS.);
#1836 = CARTESIAN_POINT('',(11.7,-21.95,-7.));
#1837 = CARTESIAN_POINT('',(11.7,-21.95,-9.));
#1838 = ORIENTED_EDGE('',*,*,#1667,.F.);
#1839 = ORIENTED_EDGE('',*,*,#1834,.T.);
#1840 = ORIENTED_EDGE('',*,*,#1428,.T.);
#1841 = CYLINDRICAL_SURFACE('',#1842,1.7);
#1842 = AXIS2_PLACEMENT_3D('',#1843,#1844,#1845);
#1843 = CARTESIAN_POINT('',(10.,-21.95,-8.65));
#1844 = DIRECTION('',(-0.,-0.,-1.));
#1845 = DIRECTION('',(1.,0.,0.));
#1846 = ADVANCED_FACE('',(#1847),#1857,.F.);
#1847 = FACE_BOUND('',#1848,.T.);
#1848 = EDGE_LOOP('',(#1849,#1854,#1855,#1856));
#1849 = ORIENTED_EDGE('',*,*,#1850,.T.);
#1850 = EDGE_CURVE('',#1818,#1451,#1851,.T.);
#1851 = B_SPLINE_CURVE_WITH_KNOTS('',1,(#1852,#1853),.UNSPECIFIED.,.F.,
  .F.,(2,2),(-1.65,0.35),.PIECEWISE_BEZIER_KNOTS.);
#1852 = CARTESIAN_POINT('',(11.7,-6.95,-7.));
#1853 = CARTESIAN_POINT('',(11.7,-6.95,-9.));
#1854 = ORIENTED_EDGE('',*,*,#1450,.T.);
#1855 = ORIENTED_EDGE('',*,*,#1850,.F.);
#1856 = ORIENTED_EDGE('',*,*,#1817,.F.);
#1857 = CYLINDRICAL_SURFACE('',#1858,1.7);
#1858 = AXIS2_PLACEMENT_3D('',#1859,#1860,#1861);
#1859 = CARTESIAN_POINT('',(10.,-6.95,-8.65));
#1860 = DIRECTION('',(-0.,-0.,-1.));
#1861 = DIRECTION('',(1.,0.,0.));
#1862 = ADVANCED_FACE('',(#1863),#1873,.F.);
#1863 = FACE_BOUND('',#1864,.T.);
#1864 = EDGE_LOOP('',(#1865,#1870,#1871,#1872));
#1865 = ORIENTED_EDGE('',*,*,#1866,.T.);
#1866 = EDGE_CURVE('',#1798,#1462,#1867,.T.);
#1867 = B_SPLINE_CURVE_WITH_KNOTS('',1,(#1868,#1869),.UNSPECIFIED.,.F.,
  .F.,(2,2),(-1.65,0.35),.PIECEWISE_BEZIER_KNOTS.);
#1868 = CARTESIAN_POINT('',(-8.3,-6.95,-7.));
#1869 = CARTESIAN_POINT('',(-8.3,-6.95,-9.));
#1870 = ORIENTED_EDGE('',*,*,#1461,.T.);
#1871 = ORIENTED_EDGE('',*,*,#1866,.F.);
#1872 = ORIENTED_EDGE('',*,*,#1797,.F.);
#1873 = CYLINDRICAL_SURFACE('',#1874,1.7);
#1874 = AXIS2_PLACEMENT_3D('',#1875,#1876,#1877);
#1875 = CARTESIAN_POINT('',(-10.,-6.95,-8.65));
#1876 = DIRECTION('',(-0.,-0.,-1.));
#1877 = DIRECTION('',(1.,0.,0.));
#1878 = ADVANCED_FACE('',(#1879),#1898,.F.);
#1879 = FACE_BOUND('',#1880,.T.);
#1880 = EDGE_LOOP('',(#1881,#1889,#1890,#1891));
#1881 = ORIENTED_EDGE('',*,*,#1882,.F.);
#1882 = EDGE_CURVE('',#1501,#1883,#1885,.T.);
#1883 = VERTEX_POINT('',#1884);
#1884 = CARTESIAN_POINT('',(-5.,4.6,3.));
#1885 = LINE('',#1886,#1887);
#1886 = CARTESIAN_POINT('',(-5.,8.,3.));
#1887 = VECTOR('',#1888,1.);
#1888 = DIRECTION('',(0.,-1.,2.22044604925E-16));
#1889 = ORIENTED_EDGE('',*,*,#1500,.T.);
#1890 = ORIENTED_EDGE('',*,*,#1882,.T.);
#1891 = ORIENTED_EDGE('',*,*,#1892,.F.);
#1892 = EDGE_CURVE('',#1883,#1883,#1893,.T.);
#1893 = CIRCLE('',#1894,3.);
#1894 = AXIS2_PLACEMENT_3D('',#1895,#1896,#1897);
#1895 = CARTESIAN_POINT('',(-8.,4.6,3.));
#1896 = DIRECTION('',(0.,1.,-2.22044604925E-16));
#1897 = DIRECTION('',(1.,0.,0.));
#1898 = CYLINDRICAL_SURFACE('',#1899,3.);
#1899 = AXIS2_PLACEMENT_3D('',#1900,#1901,#1902);
#1900 = CARTESIAN_POINT('',(-8.,8.,3.));
#1901 = DIRECTION('',(0.,-1.,2.22044604925E-16));
#1902 = DIRECTION('',(1.,0.,0.));
#1903 = ADVANCED_FACE('',(#1904),#1923,.F.);
#1904 = FACE_BOUND('',#1905,.T.);
#1905 = EDGE_LOOP('',(#1906,#1914,#1915,#1916));
#1906 = ORIENTED_EDGE('',*,*,#1907,.F.);
#1907 = EDGE_CURVE('',#1512,#1908,#1910,.T.);
#1908 = VERTEX_POINT('',#1909);
#1909 = CARTESIAN_POINT('',(3.,4.6,-4.999999999997));
#1910 = LINE('',#1911,#1912);
#1911 = CARTESIAN_POINT('',(3.,8.,-4.999999999997));
#1912 = VECTOR('',#1913,1.);
#1913 = DIRECTION('',(0.,-1.,2.22044604925E-16));
#1914 = ORIENTED_EDGE('',*,*,#1511,.T.);
#1915 = ORIENTED_EDGE('',*,*,#1907,.T.);
#1916 = ORIENTED_EDGE('',*,*,#1917,.F.);
#1917 = EDGE_CURVE('',#1908,#1908,#1918,.T.);
#1918 = CIRCLE('',#1919,3.);
#1919 = AXIS2_PLACEMENT_3D('',#1920,#1921,#1922);
#1920 = CARTESIAN_POINT('',(0.,4.6,-4.999999999997));
#1921 = DIRECTION('',(0.,1.,-2.22044604925E-16));
#1922 = DIRECTION('',(1.,0.,0.));
#1923 = CYLINDRICAL_SURFACE('',#1924,3.);
#1924 = AXIS2_PLACEMENT_3D('',#1925,#1926,#1927);
#1925 = CARTESIAN_POINT('',(0.,8.,-4.999999999997));
#1926 = DIRECTION('',(0.,-1.,2.22044604925E-16));
#1927 = DIRECTION('',(1.,0.,0.));
#1928 = ADVANCED_FACE('',(#1929),#1948,.F.);
#1929 = FACE_BOUND('',#1930,.T.);
#1930 = EDGE_LOOP('',(#1931,#1939,#1940,#1941));
#1931 = ORIENTED_EDGE('',*,*,#1932,.F.);
#1932 = EDGE_CURVE('',#1523,#1933,#1935,.T.);
#1933 = VERTEX_POINT('',#1934);
#1934 = CARTESIAN_POINT('',(11.,4.6,3.));
#1935 = LINE('',#1936,#1937);
#1936 = CARTESIAN_POINT('',(11.,8.,3.));
#1937 = VECTOR('',#1938,1.);
#1938 = DIRECTION('',(0.,-1.,2.22044604925E-16));
#1939 = ORIENTED_EDGE('',*,*,#1522,.T.);
#1940 = ORIENTED_EDGE('',*,*,#1932,.T.);
#1941 = ORIENTED_EDGE('',*,*,#1942,.F.);
#1942 = EDGE_CURVE('',#1933,#1933,#1943,.T.);
#1943 = CIRCLE('',#1944,3.);
#1944 = AXIS2_PLACEMENT_3D('',#1945,#1946,#1947);
#1945 = CARTESIAN_POINT('',(8.,4.6,3.));
#1946 = DIRECTION('',(0.,1.,-2.22044604925E-16));
#1947 = DIRECTION('',(1.,0.,0.));
#1948 = CYLINDRICAL_SURFACE('',#1949,3.);
#1949 = AXIS2_PLACEMENT_3D('',#1950,#1951,#1952);
#1950 = CARTESIAN_POINT('',(8.,8.,3.));
#1951 = DIRECTION('',(0.,-1.,2.22044604925E-16));
#1952 = DIRECTION('',(1.,0.,0.));
#1953 = ADVANCED_FACE('',(#1954),#1982,.F.);
#1954 = FACE_BOUND('',#1955,.F.);
#1955 = EDGE_LOOP('',(#1956,#1967,#1974,#1979,#1980,#1981));
#1956 = ORIENTED_EDGE('',*,*,#1957,.T.);
#1957 = EDGE_CURVE('',#1958,#1960,#1962,.T.);
#1958 = VERTEX_POINT('',#1959);
#1959 = CARTESIAN_POINT('',(-4.5,4.35,3.));
#1960 = VERTEX_POINT('',#1961);
#1961 = CARTESIAN_POINT('',(4.5,4.35,3.));
#1962 = CIRCLE('',#1963,4.5);
#1963 = AXIS2_PLACEMENT_3D('',#1964,#1965,#1966);
#1964 = CARTESIAN_POINT('',(0.,4.35,3.));
#1965 = DIRECTION('',(0.,1.,-2.2E-16));
#1966 = DIRECTION('',(-1.,0.,0.));
#1967 = ORIENTED_EDGE('',*,*,#1968,.T.);
#1968 = EDGE_CURVE('',#1960,#1958,#1969,.T.);
#1969 = CIRCLE('',#1970,4.5);
#1970 = AXIS2_PLACEMENT_3D('',#1971,#1972,#1973);
#1971 = CARTESIAN_POINT('',(0.,4.35,3.));
#1972 = DIRECTION('',(0.,1.,-2.2E-16));
#1973 = DIRECTION('',(-1.,0.,0.));
#1974 = ORIENTED_EDGE('',*,*,#1975,.T.);
#1975 = EDGE_CURVE('',#1958,#1534,#1976,.T.);
#1976 = B_SPLINE_CURVE_WITH_KNOTS('',1,(#1977,#1978),.UNSPECIFIED.,.F.,
  .F.,(2,2),(-3.65,0.),.PIECEWISE_BEZIER_KNOTS.);
#1977 = CARTESIAN_POINT('',(-4.5,4.35,3.));
#1978 = CARTESIAN_POINT('',(-4.5,8.,3.));
#1979 = ORIENTED_EDGE('',*,*,#1544,.F.);
#1980 = ORIENTED_EDGE('',*,*,#1533,.F.);
#1981 = ORIENTED_EDGE('',*,*,#1975,.F.);
#1982 = CYLINDRICAL_SURFACE('',#1983,4.5);
#1983 = AXIS2_PLACEMENT_3D('',#1984,#1985,#1986);
#1984 = CARTESIAN_POINT('',(0.,8.,3.));
#1985 = DIRECTION('',(0.,1.,-2.2E-16));
#1986 = DIRECTION('',(-1.,0.,0.));
#1987 = ADVANCED_FACE('',(#1988),#2007,.F.);
#1988 = FACE_BOUND('',#1989,.T.);
#1989 = EDGE_LOOP('',(#1990,#1998,#1999,#2000));
#1990 = ORIENTED_EDGE('',*,*,#1991,.F.);
#1991 = EDGE_CURVE('',#1554,#1992,#1994,.T.);
#1992 = VERTEX_POINT('',#1993);
#1993 = CARTESIAN_POINT('',(3.,4.6,10.999999999997));
#1994 = LINE('',#1995,#1996);
#1995 = CARTESIAN_POINT('',(3.,8.,10.999999999997));
#1996 = VECTOR('',#1997,1.);
#1997 = DIRECTION('',(0.,-1.,2.22044604925E-16));
#1998 = ORIENTED_EDGE('',*,*,#1553,.T.);
#1999 = ORIENTED_EDGE('',*,*,#1991,.T.);
#2000 = ORIENTED_EDGE('',*,*,#2001,.F.);
#2001 = EDGE_CURVE('',#1992,#1992,#2002,.T.);
#2002 = CIRCLE('',#2003,3.);
#2003 = AXIS2_PLACEMENT_3D('',#2004,#2005,#2006);
#2004 = CARTESIAN_POINT('',(0.,4.6,10.999999999997));
#2005 = DIRECTION('',(0.,1.,-2.22044604925E-16));
#2006 = DIRECTION('',(1.,0.,0.));
#2007 = CYLINDRICAL_SURFACE('',#2008,3.);
#2008 = AXIS2_PLACEMENT_3D('',#2009,#2010,#2011);
#2009 = CARTESIAN_POINT('',(0.,8.,10.999999999997));
#2010 = DIRECTION('',(0.,-1.,2.22044604925E-16));
#2011 = DIRECTION('',(1.,0.,0.));
#2012 = ADVANCED_FACE('',(#2013,#2019,#2023),#2034,.F.);
#2013 = FACE_BOUND('',#2014,.F.);
#2014 = EDGE_LOOP('',(#2015,#2016,#2017,#2018));
#2015 = ORIENTED_EDGE('',*,*,#1589,.F.);
#2016 = ORIENTED_EDGE('',*,*,#1758,.T.);
#2017 = ORIENTED_EDGE('',*,*,#1779,.F.);
#2018 = ORIENTED_EDGE('',*,*,#1711,.F.);
#2019 = FACE_BOUND('',#2020,.F.);
#2020 = EDGE_LOOP('',(#2021,#2022));
#2021 = ORIENTED_EDGE('',*,*,#1957,.F.);
#2022 = ORIENTED_EDGE('',*,*,#1968,.F.);
#2023 = FACE_BOUND('',#2024,.F.);
#2024 = EDGE_LOOP('',(#2025));
#2025 = ORIENTED_EDGE('',*,*,#2026,.T.);
#2026 = EDGE_CURVE('',#2027,#2027,#2029,.T.);
#2027 = VERTEX_POINT('',#2028);
#2028 = CARTESIAN_POINT('',(1.7,4.35,10.999999999997));
#2029 = CIRCLE('',#2030,1.7);
#2030 = AXIS2_PLACEMENT_3D('',#2031,#2032,#2033);
#2031 = CARTESIAN_POINT('',(0.,4.35,10.999999999997));
#2032 = DIRECTION('',(0.,-1.,2.22044604925E-16));
#2033 = DIRECTION('',(1.,0.,0.));
#2034 = PLANE('',#2035);
#2035 = AXIS2_PLACEMENT_3D('',#2036,#2037,#2038);
#2036 = CARTESIAN_POINT('',(5.25,4.35,18.));
#2037 = DIRECTION('',(0.,1.,0.));
#2038 = DIRECTION('',(-1.,0.,0.));
#2039 = ADVANCED_FACE('',(#2040,#2043),#2054,.T.);
#2040 = FACE_BOUND('',#2041,.T.);
#2041 = EDGE_LOOP('',(#2042));
#2042 = ORIENTED_EDGE('',*,*,#1892,.T.);
#2043 = FACE_BOUND('',#2044,.T.);
#2044 = EDGE_LOOP('',(#2045));
#2045 = ORIENTED_EDGE('',*,*,#2046,.F.);
#2046 = EDGE_CURVE('',#2047,#2047,#2049,.T.);
#2047 = VERTEX_POINT('',#2048);
#2048 = CARTESIAN_POINT('',(-6.3,4.6,3.));
#2049 = CIRCLE('',#2050,1.7);
#2050 = AXIS2_PLACEMENT_3D('',#2051,#2052,#2053);
#2051 = CARTESIAN_POINT('',(-8.,4.6,3.));
#2052 = DIRECTION('',(0.,1.,-2.22044604925E-16));
#2053 = DIRECTION('',(1.,0.,0.));
#2054 = PLANE('',#2055);
#2055 = AXIS2_PLACEMENT_3D('',#2056,#2057,#2058);
#2056 = CARTESIAN_POINT('',(-8.,4.6,3.));
#2057 = DIRECTION('',(0.,1.,-2.22044604925E-16));
#2058 = DIRECTION('',(1.,0.,0.));
#2059 = ADVANCED_FACE('',(#2060),#2079,.F.);
#2060 = FACE_BOUND('',#2061,.T.);
#2061 = EDGE_LOOP('',(#2062,#2070,#2071,#2072));
#2062 = ORIENTED_EDGE('',*,*,#2063,.F.);
#2063 = EDGE_CURVE('',#2047,#2064,#2066,.T.);
#2064 = VERTEX_POINT('',#2065);
#2065 = CARTESIAN_POINT('',(-6.3,1.35,3.));
#2066 = LINE('',#2067,#2068);
#2067 = CARTESIAN_POINT('',(-6.3,4.6,3.));
#2068 = VECTOR('',#2069,1.);
#2069 = DIRECTION('',(-6.034511238339E-17,-1.,2.22044604925E-16));
#2070 = ORIENTED_EDGE('',*,*,#2046,.T.);
#2071 = ORIENTED_EDGE('',*,*,#2063,.T.);
#2072 = ORIENTED_EDGE('',*,*,#2073,.T.);
#2073 = EDGE_CURVE('',#2064,#2064,#2074,.T.);
#2074 = CIRCLE('',#2075,1.7);
#2075 = AXIS2_PLACEMENT_3D('',#2076,#2077,#2078);
#2076 = CARTESIAN_POINT('',(-8.,1.35,3.));
#2077 = DIRECTION('',(0.,-1.,2.22044604925E-16));
#2078 = DIRECTION('',(1.,0.,0.));
#2079 = CYLINDRICAL_SURFACE('',#2080,1.7);
#2080 = AXIS2_PLACEMENT_3D('',#2081,#2082,#2083);
#2081 = CARTESIAN_POINT('',(-8.,4.6,3.));
#2082 = DIRECTION('',(0.,-1.,2.22044604925E-16));
#2083 = DIRECTION('',(1.,0.,0.));
#2084 = ADVANCED_FACE('',(#2085,#2088),#2099,.T.);
#2085 = FACE_BOUND('',#2086,.T.);
#2086 = EDGE_LOOP('',(#2087));
#2087 = ORIENTED_EDGE('',*,*,#1942,.T.);
#2088 = FACE_BOUND('',#2089,.T.);
#2089 = EDGE_LOOP('',(#2090));
#2090 = ORIENTED_EDGE('',*,*,#2091,.F.);
#2091 = EDGE_CURVE('',#2092,#2092,#2094,.T.);
#2092 = VERTEX_POINT('',#2093);
#2093 = CARTESIAN_POINT('',(9.7,4.6,3.));
#2094 = CIRCLE('',#2095,1.7);
#2095 = AXIS2_PLACEMENT_3D('',#2096,#2097,#2098);
#2096 = CARTESIAN_POINT('',(8.,4.6,3.));
#2097 = DIRECTION('',(0.,1.,-2.22044604925E-16));
#2098 = DIRECTION('',(1.,0.,0.));
#2099 = PLANE('',#2100);
#2100 = AXIS2_PLACEMENT_3D('',#2101,#2102,#2103);
#2101 = CARTESIAN_POINT('',(8.,4.6,3.));
#2102 = DIRECTION('',(0.,1.,-2.22044604925E-16));
#2103 = DIRECTION('',(1.,0.,0.));
#2104 = ADVANCED_FACE('',(#2105),#2124,.F.);
#2105 = FACE_BOUND('',#2106,.T.);
#2106 = EDGE_LOOP('',(#2107,#2115,#2116,#2117));
#2107 = ORIENTED_EDGE('',*,*,#2108,.F.);
#2108 = EDGE_CURVE('',#2092,#2109,#2111,.T.);
#2109 = VERTEX_POINT('',#2110);
#2110 = CARTESIAN_POINT('',(9.7,1.35,3.));
#2111 = LINE('',#2112,#2113);
#2112 = CARTESIAN_POINT('',(9.7,4.6,3.));
#2113 = VECTOR('',#2114,1.);
#2114 = DIRECTION('',(-6.034511238339E-17,-1.,2.22044604925E-16));
#2115 = ORIENTED_EDGE('',*,*,#2091,.T.);
#2116 = ORIENTED_EDGE('',*,*,#2108,.T.);
#2117 = ORIENTED_EDGE('',*,*,#2118,.T.);
#2118 = EDGE_CURVE('',#2109,#2109,#2119,.T.);
#2119 = CIRCLE('',#2120,1.7);
#2120 = AXIS2_PLACEMENT_3D('',#2121,#2122,#2123);
#2121 = CARTESIAN_POINT('',(8.,1.35,3.));
#2122 = DIRECTION('',(0.,-1.,2.22044604925E-16));
#2123 = DIRECTION('',(1.,0.,0.));
#2124 = CYLINDRICAL_SURFACE('',#2125,1.7);
#2125 = AXIS2_PLACEMENT_3D('',#2126,#2127,#2128);
#2126 = CARTESIAN_POINT('',(8.,4.6,3.));
#2127 = DIRECTION('',(0.,-1.,2.22044604925E-16));
#2128 = DIRECTION('',(1.,0.,0.));
#2129 = ADVANCED_FACE('',(#2130,#2133),#2144,.T.);
#2130 = FACE_BOUND('',#2131,.T.);
#2131 = EDGE_LOOP('',(#2132));
#2132 = ORIENTED_EDGE('',*,*,#1917,.T.);
#2133 = FACE_BOUND('',#2134,.T.);
#2134 = EDGE_LOOP('',(#2135));
#2135 = ORIENTED_EDGE('',*,*,#2136,.F.);
#2136 = EDGE_CURVE('',#2137,#2137,#2139,.T.);
#2137 = VERTEX_POINT('',#2138);
#2138 = CARTESIAN_POINT('',(1.7,4.6,-4.999999999997));
#2139 = CIRCLE('',#2140,1.7);
#2140 = AXIS2_PLACEMENT_3D('',#2141,#2142,#2143);
#2141 = CARTESIAN_POINT('',(0.,4.6,-4.999999999997));
#2142 = DIRECTION('',(0.,1.,-2.22044604925E-16));
#2143 = DIRECTION('',(1.,0.,0.));
#2144 = PLANE('',#2145);
#2145 = AXIS2_PLACEMENT_3D('',#2146,#2147,#2148);
#2146 = CARTESIAN_POINT('',(0.,4.6,-4.999999999997));
#2147 = DIRECTION('',(0.,1.,-2.22044604925E-16));
#2148 = DIRECTION('',(1.,0.,0.));
#2149 = ADVANCED_FACE('',(#2150),#2169,.F.);
#2150 = FACE_BOUND('',#2151,.T.);
#2151 = EDGE_LOOP('',(#2152,#2160,#2161,#2162));
#2152 = ORIENTED_EDGE('',*,*,#2153,.F.);
#2153 = EDGE_CURVE('',#2137,#2154,#2156,.T.);
#2154 = VERTEX_POINT('',#2155);
#2155 = CARTESIAN_POINT('',(1.7,1.35,-4.999999999997));
#2156 = LINE('',#2157,#2158);
#2157 = CARTESIAN_POINT('',(1.7,4.6,-4.999999999997));
#2158 = VECTOR('',#2159,1.);
#2159 = DIRECTION('',(-6.034511238339E-17,-1.,2.22044604925E-16));
#2160 = ORIENTED_EDGE('',*,*,#2136,.T.);
#2161 = ORIENTED_EDGE('',*,*,#2153,.T.);
#2162 = ORIENTED_EDGE('',*,*,#2163,.T.);
#2163 = EDGE_CURVE('',#2154,#2154,#2164,.T.);
#2164 = CIRCLE('',#2165,1.7);
#2165 = AXIS2_PLACEMENT_3D('',#2166,#2167,#2168);
#2166 = CARTESIAN_POINT('',(0.,1.35,-4.999999999997));
#2167 = DIRECTION('',(0.,-1.,2.22044604925E-16));
#2168 = DIRECTION('',(1.,0.,0.));
#2169 = CYLINDRICAL_SURFACE('',#2170,1.7);
#2170 = AXIS2_PLACEMENT_3D('',#2171,#2172,#2173);
#2171 = CARTESIAN_POINT('',(0.,4.6,-4.999999999997));
#2172 = DIRECTION('',(0.,-1.,2.22044604925E-16));
#2173 = DIRECTION('',(1.,0.,0.));
#2174 = ADVANCED_FACE('',(#2175,#2178),#2189,.T.);
#2175 = FACE_BOUND('',#2176,.T.);
#2176 = EDGE_LOOP('',(#2177));
#2177 = ORIENTED_EDGE('',*,*,#2001,.T.);
#2178 = FACE_BOUND('',#2179,.T.);
#2179 = EDGE_LOOP('',(#2180));
#2180 = ORIENTED_EDGE('',*,*,#2181,.F.);
#2181 = EDGE_CURVE('',#2182,#2182,#2184,.T.);
#2182 = VERTEX_POINT('',#2183);
#2183 = CARTESIAN_POINT('',(1.7,4.6,10.999999999997));
#2184 = CIRCLE('',#2185,1.7);
#2185 = AXIS2_PLACEMENT_3D('',#2186,#2187,#2188);
#2186 = CARTESIAN_POINT('',(0.,4.6,10.999999999997));
#2187 = DIRECTION('',(0.,1.,-2.22044604925E-16));
#2188 = DIRECTION('',(1.,0.,0.));
#2189 = PLANE('',#2190);
#2190 = AXIS2_PLACEMENT_3D('',#2191,#2192,#2193);
#2191 = CARTESIAN_POINT('',(0.,4.6,10.999999999997));
#2192 = DIRECTION('',(0.,1.,-2.22044604925E-16));
#2193 = DIRECTION('',(1.,0.,0.));
#2194 = ADVANCED_FACE('',(#2195),#2206,.F.);
#2195 = FACE_BOUND('',#2196,.T.);
#2196 = EDGE_LOOP('',(#2197,#2203,#2204,#2205));
#2197 = ORIENTED_EDGE('',*,*,#2198,.F.);
#2198 = EDGE_CURVE('',#2182,#2027,#2199,.T.);
#2199 = LINE('',#2200,#2201);
#2200 = CARTESIAN_POINT('',(1.7,4.6,10.999999999997));
#2201 = VECTOR('',#2202,1.);
#2202 = DIRECTION('',(-6.034511238339E-17,-1.,2.22044604925E-16));
#2203 = ORIENTED_EDGE('',*,*,#2181,.T.);
#2204 = ORIENTED_EDGE('',*,*,#2198,.T.);
#2205 = ORIENTED_EDGE('',*,*,#2026,.T.);
#2206 = CYLINDRICAL_SURFACE('',#2207,1.7);
#2207 = AXIS2_PLACEMENT_3D('',#2208,#2209,#2210);
#2208 = CARTESIAN_POINT('',(0.,4.6,10.999999999997));
#2209 = DIRECTION('',(0.,-1.,2.22044604925E-16));
#2210 = DIRECTION('',(1.,0.,0.));
#2211 = ADVANCED_FACE('',(#2212,#2226,#2229,#2232),#2235,.T.);
#2212 = FACE_BOUND('',#2213,.T.);
#2213 = EDGE_LOOP('',(#2214,#2215,#2216,#2217,#2218,#2219,#2220,#2221,
    #2222,#2223,#2224,#2225));
#2214 = ORIENTED_EDGE('',*,*,#534,.T.);
#2215 = ORIENTED_EDGE('',*,*,#1264,.T.);
#2216 = ORIENTED_EDGE('',*,*,#1475,.T.);
#2217 = ORIENTED_EDGE('',*,*,#1328,.F.);
#2218 = ORIENTED_EDGE('',*,*,#502,.T.);
#2219 = ORIENTED_EDGE('',*,*,#812,.T.);
#2220 = ORIENTED_EDGE('',*,*,#1605,.F.);
#2221 = ORIENTED_EDGE('',*,*,#1742,.T.);
#2222 = ORIENTED_EDGE('',*,*,#1772,.T.);
#2223 = ORIENTED_EDGE('',*,*,#1727,.F.);
#2224 = ORIENTED_EDGE('',*,*,#1573,.F.);
#2225 = ORIENTED_EDGE('',*,*,#635,.F.);
#2226 = FACE_BOUND('',#2227,.T.);
#2227 = EDGE_LOOP('',(#2228));
#2228 = ORIENTED_EDGE('',*,*,#2073,.F.);
#2229 = FACE_BOUND('',#2230,.T.);
#2230 = EDGE_LOOP('',(#2231));
#2231 = ORIENTED_EDGE('',*,*,#2163,.F.);
#2232 = FACE_BOUND('',#2233,.T.);
#2233 = EDGE_LOOP('',(#2234));
#2234 = ORIENTED_EDGE('',*,*,#2118,.F.);
#2235 = PLANE('',#2236);
#2236 = AXIS2_PLACEMENT_3D('',#2237,#2238,#2239);
#2237 = CARTESIAN_POINT('',(0.,1.35,4.07));
#2238 = DIRECTION('',(-0.,-1.,-0.));
#2239 = DIRECTION('',(0.,0.,-1.));
#2240 = ( GEOMETRIC_REPRESENTATION_CONTEXT(3) 
GLOBAL_UNCERTAINTY_ASSIGNED_CONTEXT((#2244)) 
GLOBAL_UNIT_ASSIGNED_CONTEXT((#2241,#2242,#2243)) REPRESENTATION_CONTEXT
('Context #1','3D Context with UNIT and UNCERTAINTY') );
#2241 = ( LENGTH_UNIT() NAMED_UNIT(*) SI_UNIT(.MILLI.,.METRE.) );
#2242 = ( NAMED_UNIT(*) PLANE_ANGLE_UNIT() SI_UNIT($,.RADIAN.) );
#2243 = ( NAMED_UNIT(*) SI_UNIT($,.STERADIAN.) SOLID_ANGLE_UNIT() );
#2244 = UNCERTAINTY_MEASURE_WITH_UNIT(LENGTH_MEASURE(5.E-04),#2241,
  'distance_accuracy_value','confusion accuracy');
#2245 = PRODUCT_RELATED_PRODUCT_CATEGORY('part',$,(#7));
#2246 = MECHANICAL_DESIGN_GEOMETRIC_PRESENTATION_REPRESENTATION('',(
    #2247),#2240);
#2247 = STYLED_ITEM('color',(#2248),#15);
#2248 = PRESENTATION_STYLE_ASSIGNMENT((#2249,#2255));
#2249 = SURFACE_STYLE_USAGE(.BOTH.,#2250);
#2250 = SURFACE_SIDE_STYLE('',(#2251));
#2251 = SURFACE_STYLE_FILL_AREA(#2252);
#2252 = FILL_AREA_STYLE('',(#2253));
#2253 = FILL_AREA_STYLE_COLOUR('',#2254);
#2254 = DRAUGHTING_PRE_DEFINED_COLOUR('blue');
#2255 = CURVE_STYLE('',#2256,POSITIVE_LENGTH_MEASURE(0.1),#2257);
#2256 = DRAUGHTING_PRE_DEFINED_CURVE_FONT('continuous');
#2257 = COLOUR_RGB('',9.803921802644E-02,9.803921802644E-02,
  9.803921802644E-02);
ENDSEC;
END-ISO-10303-21;
