ISO-10303-21;
HEADER;
FILE_DESCRIPTION(('FreeCAD Model'),'2;1');
FILE_NAME('Open CASCADE Shape Model','2025-12-05T18:53:00',(''),(''),
  'Open CASCADE STEP processor 7.9','FreeCAD','Unknown');
FILE_SCHEMA(('AUTOMOTIVE_DESIGN { 1 0 10303 214 1 1 1 1 }'));
ENDSEC;
DATA;
#1 = APPLICATION_PROTOCOL_DEFINITION('international standard',
  'automotive_design',2000,#2);
#2 = APPLICATION_CONTEXT(
  'core data for automotive mechanical design processes');
#3 = SHAPE_DEFINITION_REPRESENTATION(#4,#10);
#4 = PRODUCT_DEFINITION_SHAPE('','',#5);
#5 = PRODUCT_DEFINITION('design','',#6,#9);
#6 = PRODUCT_DEFINITION_FORMATION('','',#7);
#7 = PRODUCT('ToolheadCase','ToolheadCase','',(#8));
#8 = PRODUCT_CONTEXT('',#2,'mechanical');
#9 = PRODUCT_DEFINITION_CONTEXT('part definition',#2,'design');
#10 = ADVANCED_BREP_SHAPE_REPRESENTATION('',(#11,#15),#5592);
#11 = AXIS2_PLACEMENT_3D('',#12,#13,#14);
#12 = CARTESIAN_POINT('',(0.,0.,0.));
#13 = DIRECTION('',(0.,0.,1.));
#14 = DIRECTION('',(1.,0.,-0.));
#15 = MANIFOLD_SOLID_BREP('',#16);
#16 = CLOSED_SHELL('',(#17,#34,#58,#112,#247,#271,#295,#416,#440,#814,
    #838,#862,#886,#903,#927,#951,#1054,#1094,#1118,#1142,#1180,#1192,
    #1216,#1240,#1264,#1281,#1305,#1322,#1346,#1363,#1372,#1457,#1481,
    #1505,#1529,#1607,#1686,#1721,#1745,#1773,#1829,#1853,#1909,#1981,
    #2016,#2040,#2068,#2107,#2131,#2163,#2180,#2219,#2243,#2275,#2292,
    #2324,#2356,#2373,#2391,#2409,#2434,#2459,#2477,#2495,#2547,#2578,
    #2600,#2622,#2644,#2713,#2738,#2815,#2859,#3054,#3083,#3107,#3186,
    #3211,#3236,#3247,#3258,#3275,#3297,#3322,#3347,#3382,#3406,#3434,
    #3446,#3463,#3486,#3647,#3721,#3733,#3749,#3761,#3796,#3820,#3848,
    #3860,#3877,#3894,#3911,#3923,#3940,#3952,#3979,#4006,#4031,#4048,
    #4059,#4070,#4115,#4132,#4150,#4178,#4196,#4213,#4230,#4242,#4254,
    #4282,#4310,#4322,#4339,#4356,#4365,#4374,#4383,#4392,#4409,#4431,
    #4453,#4530,#4555,#4666,#4736,#4771,#4882,#4917,#4945,#4963,#4990,
    #5008,#5035,#5052,#5064,#5089,#5190,#5215,#5240,#5265,#5284,#5306,
    #5323,#5348,#5365,#5380,#5390,#5407,#5432,#5444,#5469,#5491,#5503,
    #5513,#5525,#5550,#5559,#5568,#5580));
#17 = ADVANCED_FACE('',(#18),#29,.F.);
#18 = FACE_BOUND('',#19,.T.);
#19 = EDGE_LOOP('',(#20));
#20 = ORIENTED_EDGE('',*,*,#21,.F.);
#21 = EDGE_CURVE('',#22,#22,#24,.T.);
#22 = VERTEX_POINT('',#23);
#23 = CARTESIAN_POINT('',(-21.87,11.860000000001,2.9));
#24 = CIRCLE('',#25,2.35);
#25 = AXIS2_PLACEMENT_3D('',#26,#27,#28);
#26 = CARTESIAN_POINT('',(-21.87,11.860000000001,5.25));
#27 = DIRECTION('',(1.,-5.882044604925E-15,8.861338147751E-16));
#28 = DIRECTION('',(8.861338147751E-16,-3.32044604925E-16,-1.));
#29 = PLANE('',#30);
#30 = AXIS2_PLACEMENT_3D('',#31,#32,#33);
#31 = CARTESIAN_POINT('',(-21.87,11.860000000001,5.25));
#32 = DIRECTION('',(1.,-6.4381784197E-15,5.237539020438E-30));
#33 = DIRECTION('',(6.661338147751E-16,-2.22044604925E-16,-1.));
#34 = ADVANCED_FACE('',(#35),#53,.F.);
#35 = FACE_BOUND('',#36,.T.);
#36 = EDGE_LOOP('',(#37,#38,#45,#52));
#37 = ORIENTED_EDGE('',*,*,#21,.T.);
#38 = ORIENTED_EDGE('',*,*,#39,.T.);
#39 = EDGE_CURVE('',#22,#40,#42,.T.);
#40 = VERTEX_POINT('',#41);
#41 = CARTESIAN_POINT('',(-26.87,11.860000000001,2.9));
#42 = B_SPLINE_CURVE_WITH_KNOTS('',1,(#43,#44),.UNSPECIFIED.,.F.,.F.,(2,
    2),(-3.5,1.5),.PIECEWISE_BEZIER_KNOTS.);
#43 = CARTESIAN_POINT('',(-21.87,11.860000000001,2.9));
#44 = CARTESIAN_POINT('',(-26.87,11.860000000001,2.9));
#45 = ORIENTED_EDGE('',*,*,#46,.T.);
#46 = EDGE_CURVE('',#40,#40,#47,.T.);
#47 = CIRCLE('',#48,2.35);
#48 = AXIS2_PLACEMENT_3D('',#49,#50,#51);
#49 = CARTESIAN_POINT('',(-26.87,11.860000000001,5.25));
#50 = DIRECTION('',(-1.,5.882044604925E-15,-8.861338147751E-16));
#51 = DIRECTION('',(8.861338147751E-16,-3.32044604925E-16,-1.));
#52 = ORIENTED_EDGE('',*,*,#39,.F.);
#53 = CYLINDRICAL_SURFACE('',#54,2.35);
#54 = AXIS2_PLACEMENT_3D('',#55,#56,#57);
#55 = CARTESIAN_POINT('',(-25.37,11.860000000001,5.25));
#56 = DIRECTION('',(-1.,6.7681784197E-15,-5.530637898939E-30));
#57 = DIRECTION('',(6.661338147751E-16,-3.32044604925E-16,-1.));
#58 = ADVANCED_FACE('',(#59,#93,#104),#107,.T.);
#59 = FACE_BOUND('',#60,.T.);
#60 = EDGE_LOOP('',(#61,#71,#79,#87));
#61 = ORIENTED_EDGE('',*,*,#62,.F.);
#62 = EDGE_CURVE('',#63,#65,#67,.T.);
#63 = VERTEX_POINT('',#64);
#64 = CARTESIAN_POINT('',(-26.87,16.6,8.625));
#65 = VERTEX_POINT('',#66);
#66 = CARTESIAN_POINT('',(-26.87,4.25,8.625));
#67 = LINE('',#68,#69);
#68 = CARTESIAN_POINT('',(-26.87,14.4375,8.625));
#69 = VECTOR('',#70,1.);
#70 = DIRECTION('',(-5.552044604925E-15,-1.,1.1081784197E-15));
#71 = ORIENTED_EDGE('',*,*,#72,.F.);
#72 = EDGE_CURVE('',#73,#63,#75,.T.);
#73 = VERTEX_POINT('',#74);
#74 = CARTESIAN_POINT('',(-26.87,16.6,-8.625));
#75 = LINE('',#76,#77);
#76 = CARTESIAN_POINT('',(-26.87,16.6,-4.3125));
#77 = VECTOR('',#78,1.);
#78 = DIRECTION('',(-1.196133814775E-15,2.22044604925E-16,1.));
#79 = ORIENTED_EDGE('',*,*,#80,.F.);
#80 = EDGE_CURVE('',#81,#73,#83,.T.);
#81 = VERTEX_POINT('',#82);
#82 = CARTESIAN_POINT('',(-26.87,4.25,-8.625));
#83 = LINE('',#84,#85);
#84 = CARTESIAN_POINT('',(-26.87,14.4375,-8.625));
#85 = VECTOR('',#86,1.);
#86 = DIRECTION('',(5.552044604925E-15,1.,-1.1081784197E-15));
#87 = ORIENTED_EDGE('',*,*,#88,.F.);
#88 = EDGE_CURVE('',#65,#81,#89,.T.);
#89 = LINE('',#90,#91);
#90 = CARTESIAN_POINT('',(-26.87,4.25,4.3125));
#91 = VECTOR('',#92,1.);
#92 = DIRECTION('',(1.196133814775E-15,-2.22044604925E-16,-1.));
#93 = FACE_BOUND('',#94,.T.);
#94 = EDGE_LOOP('',(#95));
#95 = ORIENTED_EDGE('',*,*,#96,.F.);
#96 = EDGE_CURVE('',#97,#97,#99,.T.);
#97 = VERTEX_POINT('',#98);
#98 = CARTESIAN_POINT('',(-26.87,11.860000000001,-7.6));
#99 = CIRCLE('',#100,2.35);
#100 = AXIS2_PLACEMENT_3D('',#101,#102,#103);
#101 = CARTESIAN_POINT('',(-26.87,11.860000000001,-5.25));
#102 = DIRECTION('',(-1.,5.882044604925E-15,-8.861338147751E-16));
#103 = DIRECTION('',(8.861338147751E-16,-3.32044604925E-16,-1.));
#104 = FACE_BOUND('',#105,.T.);
#105 = EDGE_LOOP('',(#106));
#106 = ORIENTED_EDGE('',*,*,#46,.F.);
#107 = PLANE('',#108);
#108 = AXIS2_PLACEMENT_3D('',#109,#110,#111);
#109 = CARTESIAN_POINT('',(-26.87,19.625,1.384949851338E-14));
#110 = DIRECTION('',(-1.,6.2181784197E-15,-5.3E-16));
#111 = DIRECTION('',(1.196133814775E-15,-2.002044604925E-15,-1.));
#112 = ADVANCED_FACE('',(#113),#242,.T.);
#113 = FACE_BOUND('',#114,.T.);
#114 = EDGE_LOOP('',(#115,#125,#133,#141,#149,#157,#165,#171,#172,#180,
    #188,#196,#204,#212,#220,#228,#236));
#115 = ORIENTED_EDGE('',*,*,#116,.F.);
#116 = EDGE_CURVE('',#117,#119,#121,.T.);
#117 = VERTEX_POINT('',#118);
#118 = CARTESIAN_POINT('',(-21.37,16.6,8.625));
#119 = VERTEX_POINT('',#120);
#120 = CARTESIAN_POINT('',(-21.37,15.249999999929,8.625));
#121 = LINE('',#122,#123);
#122 = CARTESIAN_POINT('',(-21.37,16.6,8.625));
#123 = VECTOR('',#124,1.);
#124 = DIRECTION('',(-2.662044604925E-15,-1.,1.1081784197E-15));
#125 = ORIENTED_EDGE('',*,*,#126,.T.);
#126 = EDGE_CURVE('',#117,#127,#129,.T.);
#127 = VERTEX_POINT('',#128);
#128 = CARTESIAN_POINT('',(-22.01999999996,16.6,8.625));
#129 = LINE('',#130,#131);
#130 = CARTESIAN_POINT('',(-21.37,16.6,8.625));
#131 = VECTOR('',#132,1.);
#132 = DIRECTION('',(-1.,3.5481784197E-15,-2.89E-15));
#133 = ORIENTED_EDGE('',*,*,#134,.T.);
#134 = EDGE_CURVE('',#127,#135,#137,.T.);
#135 = VERTEX_POINT('',#136);
#136 = CARTESIAN_POINT('',(-23.37,15.25,8.625));
#137 = LINE('',#138,#139);
#138 = CARTESIAN_POINT('',(-24.76375,13.856250000028,8.625));
#139 = VECTOR('',#140,1.);
#140 = DIRECTION('',(-0.707106781195,-0.707106781178,-1.361963016534E-15
    ));
#141 = ORIENTED_EDGE('',*,*,#142,.T.);
#142 = EDGE_CURVE('',#135,#143,#145,.T.);
#143 = VERTEX_POINT('',#144);
#144 = CARTESIAN_POINT('',(-24.37,15.25,8.625));
#145 = LINE('',#146,#147);
#146 = CARTESIAN_POINT('',(-24.245,15.25,8.625));
#147 = VECTOR('',#148,1.);
#148 = DIRECTION('',(-1.,9.981784197001E-16,-2.82E-15));
#149 = ORIENTED_EDGE('',*,*,#150,.T.);
#150 = EDGE_CURVE('',#143,#151,#153,.T.);
#151 = VERTEX_POINT('',#152);
#152 = CARTESIAN_POINT('',(-24.37,16.25,8.625));
#153 = LINE('',#154,#155);
#154 = CARTESIAN_POINT('',(-24.37,13.3375,8.625));
#155 = VECTOR('',#156,1.);
#156 = DIRECTION('',(-2.997955395075E-15,1.,-8.881784197001E-16));
#157 = ORIENTED_EDGE('',*,*,#158,.T.);
#158 = EDGE_CURVE('',#151,#159,#161,.T.);
#159 = VERTEX_POINT('',#160);
#160 = CARTESIAN_POINT('',(-24.01999999999,16.6,8.625));
#161 = LINE('',#162,#163);
#162 = CARTESIAN_POINT('',(-24.26374999999,16.356249999999,8.625));
#163 = VECTOR('',#164,1.);
#164 = DIRECTION('',(0.707106781195,0.707106781178,1.361963016534E-15));
#165 = ORIENTED_EDGE('',*,*,#166,.T.);
#166 = EDGE_CURVE('',#159,#63,#167,.T.);
#167 = LINE('',#168,#169);
#168 = CARTESIAN_POINT('',(-21.37,16.6,8.625));
#169 = VECTOR('',#170,1.);
#170 = DIRECTION('',(-1.,3.5481784197E-15,-2.89E-15));
#171 = ORIENTED_EDGE('',*,*,#62,.T.);
#172 = ORIENTED_EDGE('',*,*,#173,.F.);
#173 = EDGE_CURVE('',#174,#65,#176,.T.);
#174 = VERTEX_POINT('',#175);
#175 = CARTESIAN_POINT('',(-25.37,4.25,8.625));
#176 = LINE('',#177,#178);
#177 = CARTESIAN_POINT('',(-21.37,4.25,8.625));
#178 = VECTOR('',#179,1.);
#179 = DIRECTION('',(-1.,3.5481784197E-15,-2.89E-15));
#180 = ORIENTED_EDGE('',*,*,#181,.T.);
#181 = EDGE_CURVE('',#174,#182,#184,.T.);
#182 = VERTEX_POINT('',#183);
#183 = CARTESIAN_POINT('',(-25.37,9.25,8.625));
#184 = LINE('',#185,#186);
#185 = CARTESIAN_POINT('',(-25.37,15.025,8.625));
#186 = VECTOR('',#187,1.);
#187 = DIRECTION('',(5.552044604925E-15,1.,-8.881784197001E-16));
#188 = ORIENTED_EDGE('',*,*,#189,.T.);
#189 = EDGE_CURVE('',#182,#190,#192,.T.);
#190 = VERTEX_POINT('',#191);
#191 = CARTESIAN_POINT('',(-24.37,10.25,8.625));
#192 = LINE('',#193,#194);
#193 = CARTESIAN_POINT('',(-24.51375,10.10625,8.625));
#194 = VECTOR('',#195,1.);
#195 = DIRECTION('',(0.707106781187,0.707106781187,1.361963016526E-15));
#196 = ORIENTED_EDGE('',*,*,#197,.T.);
#197 = EDGE_CURVE('',#190,#198,#200,.T.);
#198 = VERTEX_POINT('',#199);
#199 = CARTESIAN_POINT('',(-21.37,10.25,8.625));
#200 = LINE('',#201,#202);
#201 = CARTESIAN_POINT('',(-23.495,10.25,8.625));
#202 = VECTOR('',#203,1.);
#203 = DIRECTION('',(1.,-3.18581784197E-14,2.82E-15));
#204 = ORIENTED_EDGE('',*,*,#205,.F.);
#205 = EDGE_CURVE('',#206,#198,#208,.T.);
#206 = VERTEX_POINT('',#207);
#207 = CARTESIAN_POINT('',(-21.37,13.249999999953,8.625));
#208 = LINE('',#209,#210);
#209 = CARTESIAN_POINT('',(-21.37,16.6,8.625));
#210 = VECTOR('',#211,1.);
#211 = DIRECTION('',(-2.662044604925E-15,-1.,1.1081784197E-15));
#212 = ORIENTED_EDGE('',*,*,#213,.T.);
#213 = EDGE_CURVE('',#206,#214,#216,.T.);
#214 = VERTEX_POINT('',#215);
#215 = CARTESIAN_POINT('',(-23.37,11.25,8.625));
#216 = LINE('',#217,#218);
#217 = CARTESIAN_POINT('',(-23.76375,10.856250000005,8.625));
#218 = VECTOR('',#219,1.);
#219 = DIRECTION('',(-0.707106781195,-0.707106781178,-1.361963016534E-15
    ));
#220 = ORIENTED_EDGE('',*,*,#221,.T.);
#221 = EDGE_CURVE('',#214,#222,#224,.T.);
#222 = VERTEX_POINT('',#223);
#223 = CARTESIAN_POINT('',(-24.37,11.25,8.625));
#224 = LINE('',#225,#226);
#225 = CARTESIAN_POINT('',(-24.245,11.25,8.625));
#226 = VECTOR('',#227,1.);
#227 = DIRECTION('',(-1.,1.2181784197E-15,-2.82E-15));
#228 = ORIENTED_EDGE('',*,*,#229,.T.);
#229 = EDGE_CURVE('',#222,#230,#232,.T.);
#230 = VERTEX_POINT('',#231);
#231 = CARTESIAN_POINT('',(-24.37,12.25,8.625));
#232 = LINE('',#233,#234);
#233 = CARTESIAN_POINT('',(-24.37,11.3375,8.625));
#234 = VECTOR('',#235,1.);
#235 = DIRECTION('',(-2.997955395075E-15,1.,-8.881784197001E-16));
#236 = ORIENTED_EDGE('',*,*,#237,.T.);
#237 = EDGE_CURVE('',#230,#119,#238,.T.);
#238 = LINE('',#239,#240);
#239 = CARTESIAN_POINT('',(-23.26374999999,13.356249999975,8.625));
#240 = VECTOR('',#241,1.);
#241 = DIRECTION('',(0.707106781195,0.707106781178,1.361963016534E-15));
#242 = PLANE('',#243);
#243 = AXIS2_PLACEMENT_3D('',#244,#245,#246);
#244 = CARTESIAN_POINT('',(-24.12,10.425,8.625));
#245 = DIRECTION('',(-3.486133814775E-15,2.22044604925E-16,1.));
#246 = DIRECTION('',(1.,-8.881784197001E-16,2.82E-15));
#247 = ADVANCED_FACE('',(#248),#266,.T.);
#248 = FACE_BOUND('',#249,.T.);
#249 = EDGE_LOOP('',(#250,#258,#264,#265));
#250 = ORIENTED_EDGE('',*,*,#251,.T.);
#251 = EDGE_CURVE('',#159,#252,#254,.T.);
#252 = VERTEX_POINT('',#253);
#253 = CARTESIAN_POINT('',(-24.01999999999,16.6,-8.625));
#254 = LINE('',#255,#256);
#255 = CARTESIAN_POINT('',(-24.01999999999,16.6,1.6875));
#256 = VECTOR('',#257,1.);
#257 = DIRECTION('',(1.176613381478E-14,-2.22044604925E-16,-1.));
#258 = ORIENTED_EDGE('',*,*,#259,.T.);
#259 = EDGE_CURVE('',#252,#73,#260,.T.);
#260 = LINE('',#261,#262);
#261 = CARTESIAN_POINT('',(-21.37,16.6,-8.625));
#262 = VECTOR('',#263,1.);
#263 = DIRECTION('',(-1.,3.5481784197E-15,-2.89E-15));
#264 = ORIENTED_EDGE('',*,*,#72,.T.);
#265 = ORIENTED_EDGE('',*,*,#166,.F.);
#266 = PLANE('',#267);
#267 = AXIS2_PLACEMENT_3D('',#268,#269,#270);
#268 = CARTESIAN_POINT('',(-21.37,16.6,-8.625));
#269 = DIRECTION('',(2.882044604925E-15,1.,-8.881784197001E-16));
#270 = DIRECTION('',(-3.776133814775E-15,2.22044604925E-16,1.));
#271 = ADVANCED_FACE('',(#272),#290,.T.);
#272 = FACE_BOUND('',#273,.T.);
#273 = EDGE_LOOP('',(#274,#282,#283,#284));
#274 = ORIENTED_EDGE('',*,*,#275,.T.);
#275 = EDGE_CURVE('',#276,#174,#278,.T.);
#276 = VERTEX_POINT('',#277);
#277 = CARTESIAN_POINT('',(-25.37,4.25,-8.625));
#278 = LINE('',#279,#280);
#279 = CARTESIAN_POINT('',(-25.37,4.25,4.3125));
#280 = VECTOR('',#281,1.);
#281 = DIRECTION('',(-1.196133814775E-15,2.22044604925E-16,1.));
#282 = ORIENTED_EDGE('',*,*,#173,.T.);
#283 = ORIENTED_EDGE('',*,*,#88,.T.);
#284 = ORIENTED_EDGE('',*,*,#285,.F.);
#285 = EDGE_CURVE('',#276,#81,#286,.T.);
#286 = LINE('',#287,#288);
#287 = CARTESIAN_POINT('',(-21.37,4.25,-8.625));
#288 = VECTOR('',#289,1.);
#289 = DIRECTION('',(-1.,3.5481784197E-15,-2.89E-15));
#290 = PLANE('',#291);
#291 = AXIS2_PLACEMENT_3D('',#292,#293,#294);
#292 = CARTESIAN_POINT('',(-21.37,4.25,8.625));
#293 = DIRECTION('',(-2.882044604925E-15,-1.,8.881784197001E-16));
#294 = DIRECTION('',(3.776133814775E-15,-2.22044604925E-16,-1.));
#295 = ADVANCED_FACE('',(#296),#411,.T.);
#296 = FACE_BOUND('',#297,.T.);
#297 = EDGE_LOOP('',(#298,#308,#316,#324,#330,#331,#332,#333,#341,#349,
    #357,#365,#373,#381,#389,#397,#405));
#298 = ORIENTED_EDGE('',*,*,#299,.F.);
#299 = EDGE_CURVE('',#300,#302,#304,.T.);
#300 = VERTEX_POINT('',#301);
#301 = CARTESIAN_POINT('',(-21.37,10.25,-8.625));
#302 = VERTEX_POINT('',#303);
#303 = CARTESIAN_POINT('',(-21.37,13.249999999953,-8.625));
#304 = LINE('',#305,#306);
#305 = CARTESIAN_POINT('',(-21.37,4.25,-8.625));
#306 = VECTOR('',#307,1.);
#307 = DIRECTION('',(2.662044604925E-15,1.,-1.1081784197E-15));
#308 = ORIENTED_EDGE('',*,*,#309,.T.);
#309 = EDGE_CURVE('',#300,#310,#312,.T.);
#310 = VERTEX_POINT('',#311);
#311 = CARTESIAN_POINT('',(-24.37,10.25,-8.625));
#312 = LINE('',#313,#314);
#313 = CARTESIAN_POINT('',(-23.495,10.25,-8.625));
#314 = VECTOR('',#315,1.);
#315 = DIRECTION('',(-1.,3.18581784197E-14,-2.82E-15));
#316 = ORIENTED_EDGE('',*,*,#317,.T.);
#317 = EDGE_CURVE('',#310,#318,#320,.T.);
#318 = VERTEX_POINT('',#319);
#319 = CARTESIAN_POINT('',(-25.37,9.25,-8.625));
#320 = LINE('',#321,#322);
#321 = CARTESIAN_POINT('',(-24.51375,10.10625,-8.625));
#322 = VECTOR('',#323,1.);
#323 = DIRECTION('',(-0.707106781187,-0.707106781187,-1.361963016526E-15
    ));
#324 = ORIENTED_EDGE('',*,*,#325,.T.);
#325 = EDGE_CURVE('',#318,#276,#326,.T.);
#326 = LINE('',#327,#328);
#327 = CARTESIAN_POINT('',(-25.37,15.025,-8.625));
#328 = VECTOR('',#329,1.);
#329 = DIRECTION('',(-5.552044604925E-15,-1.,8.881784197001E-16));
#330 = ORIENTED_EDGE('',*,*,#285,.T.);
#331 = ORIENTED_EDGE('',*,*,#80,.T.);
#332 = ORIENTED_EDGE('',*,*,#259,.F.);
#333 = ORIENTED_EDGE('',*,*,#334,.T.);
#334 = EDGE_CURVE('',#252,#335,#337,.T.);
#335 = VERTEX_POINT('',#336);
#336 = CARTESIAN_POINT('',(-24.37,16.25,-8.625));
#337 = LINE('',#338,#339);
#338 = CARTESIAN_POINT('',(-24.26374999999,16.356249999999,-8.625));
#339 = VECTOR('',#340,1.);
#340 = DIRECTION('',(-0.707106781195,-0.707106781178,-1.361963016534E-15
    ));
#341 = ORIENTED_EDGE('',*,*,#342,.T.);
#342 = EDGE_CURVE('',#335,#343,#345,.T.);
#343 = VERTEX_POINT('',#344);
#344 = CARTESIAN_POINT('',(-24.37,15.25,-8.625));
#345 = LINE('',#346,#347);
#346 = CARTESIAN_POINT('',(-24.37,13.3375,-8.625));
#347 = VECTOR('',#348,1.);
#348 = DIRECTION('',(2.997955395075E-15,-1.,8.881784197001E-16));
#349 = ORIENTED_EDGE('',*,*,#350,.T.);
#350 = EDGE_CURVE('',#343,#351,#353,.T.);
#351 = VERTEX_POINT('',#352);
#352 = CARTESIAN_POINT('',(-23.37,15.25,-8.625));
#353 = LINE('',#354,#355);
#354 = CARTESIAN_POINT('',(-24.245,15.25,-8.625));
#355 = VECTOR('',#356,1.);
#356 = DIRECTION('',(1.,-9.981784197001E-16,2.82E-15));
#357 = ORIENTED_EDGE('',*,*,#358,.T.);
#358 = EDGE_CURVE('',#351,#359,#361,.T.);
#359 = VERTEX_POINT('',#360);
#360 = CARTESIAN_POINT('',(-22.01999999996,16.6,-8.625));
#361 = LINE('',#362,#363);
#362 = CARTESIAN_POINT('',(-24.76375,13.856250000028,-8.625));
#363 = VECTOR('',#364,1.);
#364 = DIRECTION('',(0.707106781195,0.707106781178,1.361963016534E-15));
#365 = ORIENTED_EDGE('',*,*,#366,.F.);
#366 = EDGE_CURVE('',#367,#359,#369,.T.);
#367 = VERTEX_POINT('',#368);
#368 = CARTESIAN_POINT('',(-21.37,16.6,-8.625));
#369 = LINE('',#370,#371);
#370 = CARTESIAN_POINT('',(-21.37,16.6,-8.625));
#371 = VECTOR('',#372,1.);
#372 = DIRECTION('',(-1.,3.5481784197E-15,-2.89E-15));
#373 = ORIENTED_EDGE('',*,*,#374,.F.);
#374 = EDGE_CURVE('',#375,#367,#377,.T.);
#375 = VERTEX_POINT('',#376);
#376 = CARTESIAN_POINT('',(-21.37,15.249999999929,-8.625));
#377 = LINE('',#378,#379);
#378 = CARTESIAN_POINT('',(-21.37,4.25,-8.625));
#379 = VECTOR('',#380,1.);
#380 = DIRECTION('',(2.662044604925E-15,1.,-1.1081784197E-15));
#381 = ORIENTED_EDGE('',*,*,#382,.T.);
#382 = EDGE_CURVE('',#375,#383,#385,.T.);
#383 = VERTEX_POINT('',#384);
#384 = CARTESIAN_POINT('',(-24.37,12.25,-8.625));
#385 = LINE('',#386,#387);
#386 = CARTESIAN_POINT('',(-23.26374999999,13.356249999975,-8.625));
#387 = VECTOR('',#388,1.);
#388 = DIRECTION('',(-0.707106781195,-0.707106781178,-1.361963016534E-15
    ));
#389 = ORIENTED_EDGE('',*,*,#390,.T.);
#390 = EDGE_CURVE('',#383,#391,#393,.T.);
#391 = VERTEX_POINT('',#392);
#392 = CARTESIAN_POINT('',(-24.37,11.25,-8.625));
#393 = LINE('',#394,#395);
#394 = CARTESIAN_POINT('',(-24.37,11.3375,-8.625));
#395 = VECTOR('',#396,1.);
#396 = DIRECTION('',(2.997955395075E-15,-1.,8.881784197001E-16));
#397 = ORIENTED_EDGE('',*,*,#398,.T.);
#398 = EDGE_CURVE('',#391,#399,#401,.T.);
#399 = VERTEX_POINT('',#400);
#400 = CARTESIAN_POINT('',(-23.37,11.25,-8.625));
#401 = LINE('',#402,#403);
#402 = CARTESIAN_POINT('',(-24.245,11.25,-8.625));
#403 = VECTOR('',#404,1.);
#404 = DIRECTION('',(1.,-1.2181784197E-15,2.82E-15));
#405 = ORIENTED_EDGE('',*,*,#406,.T.);
#406 = EDGE_CURVE('',#399,#302,#407,.T.);
#407 = LINE('',#408,#409);
#408 = CARTESIAN_POINT('',(-23.76375,10.856250000005,-8.625));
#409 = VECTOR('',#410,1.);
#410 = DIRECTION('',(0.707106781195,0.707106781178,1.361963016534E-15));
#411 = PLANE('',#412);
#412 = AXIS2_PLACEMENT_3D('',#413,#414,#415);
#413 = CARTESIAN_POINT('',(-24.12,10.425,-8.625));
#414 = DIRECTION('',(3.486133814775E-15,-2.22044604925E-16,-1.));
#415 = DIRECTION('',(-1.,8.881784197001E-16,-2.82E-15));
#416 = ADVANCED_FACE('',(#417),#435,.F.);
#417 = FACE_BOUND('',#418,.T.);
#418 = EDGE_LOOP('',(#419,#428,#433,#434));
#419 = ORIENTED_EDGE('',*,*,#420,.T.);
#420 = EDGE_CURVE('',#421,#421,#423,.T.);
#421 = VERTEX_POINT('',#422);
#422 = CARTESIAN_POINT('',(-21.87,11.860000000001,-7.6));
#423 = CIRCLE('',#424,2.35);
#424 = AXIS2_PLACEMENT_3D('',#425,#426,#427);
#425 = CARTESIAN_POINT('',(-21.87,11.860000000001,-5.25));
#426 = DIRECTION('',(1.,-5.882044604925E-15,8.861338147751E-16));
#427 = DIRECTION('',(8.861338147751E-16,-3.32044604925E-16,-1.));
#428 = ORIENTED_EDGE('',*,*,#429,.T.);
#429 = EDGE_CURVE('',#421,#97,#430,.T.);
#430 = B_SPLINE_CURVE_WITH_KNOTS('',1,(#431,#432),.UNSPECIFIED.,.F.,.F.,
  (2,2),(-3.5,1.5),.PIECEWISE_BEZIER_KNOTS.);
#431 = CARTESIAN_POINT('',(-21.87,11.860000000001,-7.6));
#432 = CARTESIAN_POINT('',(-26.87,11.860000000001,-7.6));
#433 = ORIENTED_EDGE('',*,*,#96,.T.);
#434 = ORIENTED_EDGE('',*,*,#429,.F.);
#435 = CYLINDRICAL_SURFACE('',#436,2.35);
#436 = AXIS2_PLACEMENT_3D('',#437,#438,#439);
#437 = CARTESIAN_POINT('',(-25.37,11.860000000001,-5.25));
#438 = DIRECTION('',(-1.,6.7681784197E-15,-5.530637898939E-30));
#439 = DIRECTION('',(6.661338147751E-16,-3.32044604925E-16,-1.));
#440 = ADVANCED_FACE('',(#441,#587,#621,#655,#689,#737,#748,#759,#784),
  #809,.T.);
#441 = FACE_BOUND('',#442,.T.);
#442 = EDGE_LOOP('',(#443,#453,#461,#469,#477,#485,#493,#501,#509,#517,
    #525,#533,#541,#549,#557,#565,#573,#581));
#443 = ORIENTED_EDGE('',*,*,#444,.T.);
#444 = EDGE_CURVE('',#445,#447,#449,.T.);
#445 = VERTEX_POINT('',#446);
#446 = CARTESIAN_POINT('',(-21.37,11.25,27.5));
#447 = VERTEX_POINT('',#448);
#448 = CARTESIAN_POINT('',(-21.37,-7.25,27.5));
#449 = LINE('',#450,#451);
#450 = CARTESIAN_POINT('',(-21.37,37.25,27.5));
#451 = VECTOR('',#452,1.);
#452 = DIRECTION('',(-1.552044604925E-15,-1.,5.1081784197E-15));
#453 = ORIENTED_EDGE('',*,*,#454,.F.);
#454 = EDGE_CURVE('',#455,#447,#457,.T.);
#455 = VERTEX_POINT('',#456);
#456 = CARTESIAN_POINT('',(-21.37,-10.25,24.5));
#457 = LINE('',#458,#459);
#458 = CARTESIAN_POINT('',(-21.37,-10.34668367346,24.403316326531));
#459 = VECTOR('',#460,1.);
#460 = DIRECTION('',(-5.040184917368E-16,0.707106781187,0.707106781187)
  );
#461 = ORIENTED_EDGE('',*,*,#462,.F.);
#462 = EDGE_CURVE('',#463,#455,#465,.T.);
#463 = VERTEX_POINT('',#464);
#464 = CARTESIAN_POINT('',(-21.37,-10.25,-24.5));
#465 = LINE('',#466,#467);
#466 = CARTESIAN_POINT('',(-21.37,-10.25,-27.5));
#467 = VECTOR('',#468,1.);
#468 = DIRECTION('',(-8.861338147751E-16,2.22044604925E-16,1.));
#469 = ORIENTED_EDGE('',*,*,#470,.T.);
#470 = EDGE_CURVE('',#463,#471,#473,.T.);
#471 = VERTEX_POINT('',#472);
#472 = CARTESIAN_POINT('',(-21.37,-7.25,-27.5));
#473 = LINE('',#474,#475);
#474 = CARTESIAN_POINT('',(-21.37,-10.34668367346,-24.40331632653));
#475 = VECTOR('',#476,1.);
#476 = DIRECTION('',(3.218036983474E-15,0.707106781187,-0.707106781187)
  );
#477 = ORIENTED_EDGE('',*,*,#478,.T.);
#478 = EDGE_CURVE('',#471,#479,#481,.T.);
#479 = VERTEX_POINT('',#480);
#480 = CARTESIAN_POINT('',(-21.37,11.25,-27.5));
#481 = LINE('',#482,#483);
#482 = CARTESIAN_POINT('',(-21.37,1.25,-27.5));
#483 = VECTOR('',#484,1.);
#484 = DIRECTION('',(1.312044604925E-15,1.,2.5918215803E-15));
#485 = ORIENTED_EDGE('',*,*,#486,.F.);
#486 = EDGE_CURVE('',#487,#479,#489,.T.);
#487 = VERTEX_POINT('',#488);
#488 = CARTESIAN_POINT('',(-21.37,11.25,-26.5));
#489 = LINE('',#490,#491);
#490 = CARTESIAN_POINT('',(-21.37,11.25,-26.5));
#491 = VECTOR('',#492,1.);
#492 = DIRECTION('',(1.106133814775E-15,2.967955395075E-15,-1.));
#493 = ORIENTED_EDGE('',*,*,#494,.F.);
#494 = EDGE_CURVE('',#495,#487,#497,.T.);
#495 = VERTEX_POINT('',#496);
#496 = CARTESIAN_POINT('',(-21.37,1.25,-26.5));
#497 = LINE('',#498,#499);
#498 = CARTESIAN_POINT('',(-21.37,1.25,-26.5));
#499 = VECTOR('',#500,1.);
#500 = DIRECTION('',(1.542044604925E-15,1.,2.4818215803E-15));
#501 = ORIENTED_EDGE('',*,*,#502,.F.);
#502 = EDGE_CURVE('',#503,#495,#505,.T.);
#503 = VERTEX_POINT('',#504);
#504 = CARTESIAN_POINT('',(-21.37,1.25,-23.));
#505 = LINE('',#506,#507);
#506 = CARTESIAN_POINT('',(-21.37,1.25,-22.));
#507 = VECTOR('',#508,1.);
#508 = DIRECTION('',(6.661338147751E-16,-3.222044604925E-15,-1.));
#509 = ORIENTED_EDGE('',*,*,#510,.T.);
#510 = EDGE_CURVE('',#503,#511,#513,.T.);
#511 = VERTEX_POINT('',#512);
#512 = CARTESIAN_POINT('',(-21.37,11.25,-23.));
#513 = LINE('',#514,#515);
#514 = CARTESIAN_POINT('',(-21.37,1.25,-23.));
#515 = VECTOR('',#516,1.);
#516 = DIRECTION('',(1.542044604925E-15,1.,2.4818215803E-15));
#517 = ORIENTED_EDGE('',*,*,#518,.T.);
#518 = EDGE_CURVE('',#511,#519,#521,.T.);
#519 = VERTEX_POINT('',#520);
#520 = CARTESIAN_POINT('',(-21.37,11.25,-22.));
#521 = LINE('',#522,#523);
#522 = CARTESIAN_POINT('',(-21.37,11.25,-23.));
#523 = VECTOR('',#524,1.);
#524 = DIRECTION('',(-1.106133814775E-15,-2.967955395075E-15,1.));
#525 = ORIENTED_EDGE('',*,*,#526,.F.);
#526 = EDGE_CURVE('',#527,#519,#529,.T.);
#527 = VERTEX_POINT('',#528);
#528 = CARTESIAN_POINT('',(-21.37,37.25,-22.));
#529 = LINE('',#530,#531);
#530 = CARTESIAN_POINT('',(-21.37,37.25,-22.));
#531 = VECTOR('',#532,1.);
#532 = DIRECTION('',(-1.552044604925E-15,-1.,4.2181784197E-15));
#533 = ORIENTED_EDGE('',*,*,#534,.T.);
#534 = EDGE_CURVE('',#527,#535,#537,.T.);
#535 = VERTEX_POINT('',#536);
#536 = CARTESIAN_POINT('',(-21.37,37.25,22.));
#537 = LINE('',#538,#539);
#538 = CARTESIAN_POINT('',(-21.37,37.25,-27.5));
#539 = VECTOR('',#540,1.);
#540 = DIRECTION('',(-8.861338147751E-16,2.22044604925E-16,1.));
#541 = ORIENTED_EDGE('',*,*,#542,.T.);
#542 = EDGE_CURVE('',#535,#543,#545,.T.);
#543 = VERTEX_POINT('',#544);
#544 = CARTESIAN_POINT('',(-21.37,11.25,22.));
#545 = LINE('',#546,#547);
#546 = CARTESIAN_POINT('',(-21.37,37.25,22.));
#547 = VECTOR('',#548,1.);
#548 = DIRECTION('',(-1.552044604925E-15,-1.,4.2181784197E-15));
#549 = ORIENTED_EDGE('',*,*,#550,.F.);
#550 = EDGE_CURVE('',#551,#543,#553,.T.);
#551 = VERTEX_POINT('',#552);
#552 = CARTESIAN_POINT('',(-21.37,11.25,23.));
#553 = LINE('',#554,#555);
#554 = CARTESIAN_POINT('',(-21.37,11.25,23.));
#555 = VECTOR('',#556,1.);
#556 = DIRECTION('',(6.661338147751E-16,-4.222044604925E-15,-1.));
#557 = ORIENTED_EDGE('',*,*,#558,.F.);
#558 = EDGE_CURVE('',#559,#551,#561,.T.);
#559 = VERTEX_POINT('',#560);
#560 = CARTESIAN_POINT('',(-21.37,1.25,23.));
#561 = LINE('',#562,#563);
#562 = CARTESIAN_POINT('',(-21.37,1.25,23.));
#563 = VECTOR('',#564,1.);
#564 = DIRECTION('',(1.762044604925E-15,1.,-4.9281784197E-15));
#565 = ORIENTED_EDGE('',*,*,#566,.F.);
#566 = EDGE_CURVE('',#567,#559,#569,.T.);
#567 = VERTEX_POINT('',#568);
#568 = CARTESIAN_POINT('',(-21.37,1.25,26.5));
#569 = LINE('',#570,#571);
#570 = CARTESIAN_POINT('',(-21.37,1.25,27.5));
#571 = VECTOR('',#572,1.);
#572 = DIRECTION('',(6.661338147751E-16,-3.222044604925E-15,-1.));
#573 = ORIENTED_EDGE('',*,*,#574,.T.);
#574 = EDGE_CURVE('',#567,#575,#577,.T.);
#575 = VERTEX_POINT('',#576);
#576 = CARTESIAN_POINT('',(-21.37,11.25,26.5));
#577 = LINE('',#578,#579);
#578 = CARTESIAN_POINT('',(-21.37,1.25,26.5));
#579 = VECTOR('',#580,1.);
#580 = DIRECTION('',(1.762044604925E-15,1.,-4.9281784197E-15));
#581 = ORIENTED_EDGE('',*,*,#582,.T.);
#582 = EDGE_CURVE('',#575,#445,#583,.T.);
#583 = LINE('',#584,#585);
#584 = CARTESIAN_POINT('',(-21.37,11.25,26.5));
#585 = VECTOR('',#586,1.);
#586 = DIRECTION('',(-6.661338147751E-16,4.222044604925E-15,1.));
#587 = FACE_BOUND('',#588,.T.);
#588 = EDGE_LOOP('',(#589,#599,#607,#615));
#589 = ORIENTED_EDGE('',*,*,#590,.T.);
#590 = EDGE_CURVE('',#591,#593,#595,.T.);
#591 = VERTEX_POINT('',#592);
#592 = CARTESIAN_POINT('',(-21.37,29.249999999953,-12.));
#593 = VERTEX_POINT('',#594);
#594 = CARTESIAN_POINT('',(-21.37,27.249999999929,-12.));
#595 = LINE('',#596,#597);
#596 = CARTESIAN_POINT('',(-21.37,31.25,-12.));
#597 = VECTOR('',#598,1.);
#598 = DIRECTION('',(-2.552044604925E-15,-1.,4.6581784197E-15));
#599 = ORIENTED_EDGE('',*,*,#600,.F.);
#600 = EDGE_CURVE('',#601,#593,#603,.T.);
#601 = VERTEX_POINT('',#602);
#602 = CARTESIAN_POINT('',(-21.37,27.249999999929,12.));
#603 = LINE('',#604,#605);
#604 = CARTESIAN_POINT('',(-21.37,27.249999999929,12.));
#605 = VECTOR('',#606,1.);
#606 = DIRECTION('',(7.496133814775E-15,-4.612044604925E-15,-1.));
#607 = ORIENTED_EDGE('',*,*,#608,.F.);
#608 = EDGE_CURVE('',#609,#601,#611,.T.);
#609 = VERTEX_POINT('',#610);
#610 = CARTESIAN_POINT('',(-21.37,29.249999999953,12.));
#611 = LINE('',#612,#613);
#612 = CARTESIAN_POINT('',(-21.37,10.556632653061,12.));
#613 = VECTOR('',#614,1.);
#614 = DIRECTION('',(-3.252044604925E-15,-1.,8.881784197001E-16));
#615 = ORIENTED_EDGE('',*,*,#616,.T.);
#616 = EDGE_CURVE('',#609,#591,#617,.T.);
#617 = LINE('',#618,#619);
#618 = CARTESIAN_POINT('',(-21.37,29.249999999953,12.));
#619 = VECTOR('',#620,1.);
#620 = DIRECTION('',(7.496133814775E-15,-4.612044604925E-15,-1.));
#621 = FACE_BOUND('',#622,.T.);
#622 = EDGE_LOOP('',(#623,#633,#641,#649));
#623 = ORIENTED_EDGE('',*,*,#624,.T.);
#624 = EDGE_CURVE('',#625,#627,#629,.T.);
#625 = VERTEX_POINT('',#626);
#626 = CARTESIAN_POINT('',(-21.37,25.249999999953,-12.));
#627 = VERTEX_POINT('',#628);
#628 = CARTESIAN_POINT('',(-21.37,23.249999999929,-12.));
#629 = LINE('',#630,#631);
#630 = CARTESIAN_POINT('',(-21.37,31.25,-12.));
#631 = VECTOR('',#632,1.);
#632 = DIRECTION('',(-2.552044604925E-15,-1.,4.6581784197E-15));
#633 = ORIENTED_EDGE('',*,*,#634,.F.);
#634 = EDGE_CURVE('',#635,#627,#637,.T.);
#635 = VERTEX_POINT('',#636);
#636 = CARTESIAN_POINT('',(-21.37,23.249999999929,12.));
#637 = LINE('',#638,#639);
#638 = CARTESIAN_POINT('',(-21.37,23.249999999929,12.));
#639 = VECTOR('',#640,1.);
#640 = DIRECTION('',(7.496133814775E-15,-4.612044604925E-15,-1.));
#641 = ORIENTED_EDGE('',*,*,#642,.F.);
#642 = EDGE_CURVE('',#643,#635,#645,.T.);
#643 = VERTEX_POINT('',#644);
#644 = CARTESIAN_POINT('',(-21.37,25.249999999953,12.));
#645 = LINE('',#646,#647);
#646 = CARTESIAN_POINT('',(-21.37,10.556632653061,12.));
#647 = VECTOR('',#648,1.);
#648 = DIRECTION('',(-3.252044604925E-15,-1.,8.881784197001E-16));
#649 = ORIENTED_EDGE('',*,*,#650,.T.);
#650 = EDGE_CURVE('',#643,#625,#651,.T.);
#651 = LINE('',#652,#653);
#652 = CARTESIAN_POINT('',(-21.37,25.249999999953,12.));
#653 = VECTOR('',#654,1.);
#654 = DIRECTION('',(7.496133814775E-15,-4.612044604925E-15,-1.));
#655 = FACE_BOUND('',#656,.T.);
#656 = EDGE_LOOP('',(#657,#667,#675,#683));
#657 = ORIENTED_EDGE('',*,*,#658,.T.);
#658 = EDGE_CURVE('',#659,#661,#663,.T.);
#659 = VERTEX_POINT('',#660);
#660 = CARTESIAN_POINT('',(-21.37,21.249999999953,-12.));
#661 = VERTEX_POINT('',#662);
#662 = CARTESIAN_POINT('',(-21.37,19.249999999929,-12.));
#663 = LINE('',#664,#665);
#664 = CARTESIAN_POINT('',(-21.37,31.25,-12.));
#665 = VECTOR('',#666,1.);
#666 = DIRECTION('',(-2.552044604925E-15,-1.,4.6581784197E-15));
#667 = ORIENTED_EDGE('',*,*,#668,.F.);
#668 = EDGE_CURVE('',#669,#661,#671,.T.);
#669 = VERTEX_POINT('',#670);
#670 = CARTESIAN_POINT('',(-21.37,19.249999999929,12.));
#671 = LINE('',#672,#673);
#672 = CARTESIAN_POINT('',(-21.37,19.249999999929,12.));
#673 = VECTOR('',#674,1.);
#674 = DIRECTION('',(7.496133814775E-15,-4.612044604925E-15,-1.));
#675 = ORIENTED_EDGE('',*,*,#676,.F.);
#676 = EDGE_CURVE('',#677,#669,#679,.T.);
#677 = VERTEX_POINT('',#678);
#678 = CARTESIAN_POINT('',(-21.37,21.249999999953,12.));
#679 = LINE('',#680,#681);
#680 = CARTESIAN_POINT('',(-21.37,10.556632653061,12.));
#681 = VECTOR('',#682,1.);
#682 = DIRECTION('',(-3.252044604925E-15,-1.,8.881784197001E-16));
#683 = ORIENTED_EDGE('',*,*,#684,.T.);
#684 = EDGE_CURVE('',#677,#659,#685,.T.);
#685 = LINE('',#686,#687);
#686 = CARTESIAN_POINT('',(-21.37,21.249999999953,12.));
#687 = VECTOR('',#688,1.);
#688 = DIRECTION('',(7.496133814775E-15,-4.612044604925E-15,-1.));
#689 = FACE_BOUND('',#690,.T.);
#690 = EDGE_LOOP('',(#691,#699,#700,#706,#707,#715,#723,#731));
#691 = ORIENTED_EDGE('',*,*,#692,.F.);
#692 = EDGE_CURVE('',#375,#693,#695,.T.);
#693 = VERTEX_POINT('',#694);
#694 = CARTESIAN_POINT('',(-21.37,15.249999999929,-12.));
#695 = LINE('',#696,#697);
#696 = CARTESIAN_POINT('',(-21.37,15.249999999929,12.));
#697 = VECTOR('',#698,1.);
#698 = DIRECTION('',(7.496133814775E-15,-4.612044604925E-15,-1.));
#699 = ORIENTED_EDGE('',*,*,#374,.T.);
#700 = ORIENTED_EDGE('',*,*,#701,.T.);
#701 = EDGE_CURVE('',#367,#117,#702,.T.);
#702 = LINE('',#703,#704);
#703 = CARTESIAN_POINT('',(-21.37,16.6,-8.625));
#704 = VECTOR('',#705,1.);
#705 = DIRECTION('',(-3.666133814775E-15,2.22044604925E-16,1.));
#706 = ORIENTED_EDGE('',*,*,#116,.T.);
#707 = ORIENTED_EDGE('',*,*,#708,.F.);
#708 = EDGE_CURVE('',#709,#119,#711,.T.);
#709 = VERTEX_POINT('',#710);
#710 = CARTESIAN_POINT('',(-21.37,15.249999999929,12.));
#711 = LINE('',#712,#713);
#712 = CARTESIAN_POINT('',(-21.37,15.249999999929,12.));
#713 = VECTOR('',#714,1.);
#714 = DIRECTION('',(7.496133814775E-15,-4.612044604925E-15,-1.));
#715 = ORIENTED_EDGE('',*,*,#716,.F.);
#716 = EDGE_CURVE('',#717,#709,#719,.T.);
#717 = VERTEX_POINT('',#718);
#718 = CARTESIAN_POINT('',(-21.37,17.249999999953,12.));
#719 = LINE('',#720,#721);
#720 = CARTESIAN_POINT('',(-21.37,10.556632653061,12.));
#721 = VECTOR('',#722,1.);
#722 = DIRECTION('',(-3.252044604925E-15,-1.,8.881784197001E-16));
#723 = ORIENTED_EDGE('',*,*,#724,.T.);
#724 = EDGE_CURVE('',#717,#725,#727,.T.);
#725 = VERTEX_POINT('',#726);
#726 = CARTESIAN_POINT('',(-21.37,17.249999999953,-12.));
#727 = LINE('',#728,#729);
#728 = CARTESIAN_POINT('',(-21.37,17.249999999953,12.));
#729 = VECTOR('',#730,1.);
#730 = DIRECTION('',(7.496133814775E-15,-4.612044604925E-15,-1.));
#731 = ORIENTED_EDGE('',*,*,#732,.T.);
#732 = EDGE_CURVE('',#725,#693,#733,.T.);
#733 = LINE('',#734,#735);
#734 = CARTESIAN_POINT('',(-21.37,31.25,-12.));
#735 = VECTOR('',#736,1.);
#736 = DIRECTION('',(-2.552044604925E-15,-1.,4.6581784197E-15));
#737 = FACE_BOUND('',#738,.T.);
#738 = EDGE_LOOP('',(#739));
#739 = ORIENTED_EDGE('',*,*,#740,.F.);
#740 = EDGE_CURVE('',#741,#741,#743,.T.);
#741 = VERTEX_POINT('',#742);
#742 = CARTESIAN_POINT('',(-21.37,34.,-10.3));
#743 = CIRCLE('',#744,1.7);
#744 = AXIS2_PLACEMENT_3D('',#745,#746,#747);
#745 = CARTESIAN_POINT('',(-21.37,34.,-12.));
#746 = DIRECTION('',(1.,-2.222044604925E-15,6.661338147751E-16));
#747 = DIRECTION('',(-6.661338147751E-16,2.22044604925E-16,1.));
#748 = FACE_BOUND('',#749,.T.);
#749 = EDGE_LOOP('',(#750));
#750 = ORIENTED_EDGE('',*,*,#751,.F.);
#751 = EDGE_CURVE('',#752,#752,#754,.T.);
#752 = VERTEX_POINT('',#753);
#753 = CARTESIAN_POINT('',(-21.37,34.,13.7));
#754 = CIRCLE('',#755,1.7);
#755 = AXIS2_PLACEMENT_3D('',#756,#757,#758);
#756 = CARTESIAN_POINT('',(-21.37,34.,12.));
#757 = DIRECTION('',(1.,-2.222044604925E-15,6.661338147751E-16));
#758 = DIRECTION('',(-6.661338147751E-16,2.22044604925E-16,1.));
#759 = FACE_BOUND('',#760,.T.);
#760 = EDGE_LOOP('',(#761,#762,#770,#778));
#761 = ORIENTED_EDGE('',*,*,#205,.T.);
#762 = ORIENTED_EDGE('',*,*,#763,.F.);
#763 = EDGE_CURVE('',#764,#198,#766,.T.);
#764 = VERTEX_POINT('',#765);
#765 = CARTESIAN_POINT('',(-21.37,10.25,12.));
#766 = LINE('',#767,#768);
#767 = CARTESIAN_POINT('',(-21.37,10.25,-6.));
#768 = VECTOR('',#769,1.);
#769 = DIRECTION('',(2.626133814775E-15,-2.044604925033E-18,-1.));
#770 = ORIENTED_EDGE('',*,*,#771,.F.);
#771 = EDGE_CURVE('',#772,#764,#774,.T.);
#772 = VERTEX_POINT('',#773);
#773 = CARTESIAN_POINT('',(-21.37,13.249999999953,12.));
#774 = LINE('',#775,#776);
#775 = CARTESIAN_POINT('',(-21.37,10.556632653061,12.));
#776 = VECTOR('',#777,1.);
#777 = DIRECTION('',(-3.252044604925E-15,-1.,8.881784197001E-16));
#778 = ORIENTED_EDGE('',*,*,#779,.T.);
#779 = EDGE_CURVE('',#772,#206,#780,.T.);
#780 = LINE('',#781,#782);
#781 = CARTESIAN_POINT('',(-21.37,13.249999999953,12.));
#782 = VECTOR('',#783,1.);
#783 = DIRECTION('',(7.496133814775E-15,-4.612044604925E-15,-1.));
#784 = FACE_BOUND('',#785,.T.);
#785 = EDGE_LOOP('',(#786,#787,#795,#803));
#786 = ORIENTED_EDGE('',*,*,#299,.T.);
#787 = ORIENTED_EDGE('',*,*,#788,.T.);
#788 = EDGE_CURVE('',#302,#789,#791,.T.);
#789 = VERTEX_POINT('',#790);
#790 = CARTESIAN_POINT('',(-21.37,13.249999999953,-12.));
#791 = LINE('',#792,#793);
#792 = CARTESIAN_POINT('',(-21.37,13.249999999953,12.));
#793 = VECTOR('',#794,1.);
#794 = DIRECTION('',(7.496133814775E-15,-4.612044604925E-15,-1.));
#795 = ORIENTED_EDGE('',*,*,#796,.T.);
#796 = EDGE_CURVE('',#789,#797,#799,.T.);
#797 = VERTEX_POINT('',#798);
#798 = CARTESIAN_POINT('',(-21.37,10.25,-12.));
#799 = LINE('',#800,#801);
#800 = CARTESIAN_POINT('',(-21.37,31.25,-12.));
#801 = VECTOR('',#802,1.);
#802 = DIRECTION('',(-2.552044604925E-15,-1.,4.6581784197E-15));
#803 = ORIENTED_EDGE('',*,*,#804,.F.);
#804 = EDGE_CURVE('',#300,#797,#805,.T.);
#805 = LINE('',#806,#807);
#806 = CARTESIAN_POINT('',(-21.37,10.25,-6.));
#807 = VECTOR('',#808,1.);
#808 = DIRECTION('',(2.626133814775E-15,-2.044604925033E-18,-1.));
#809 = PLANE('',#810);
#810 = AXIS2_PLACEMENT_3D('',#811,#812,#813);
#811 = CARTESIAN_POINT('',(-21.37,11.185997641774,-6.982516170824E-14));
#812 = DIRECTION('',(1.,-3.2781784197E-15,3.11E-15));
#813 = DIRECTION('',(-3.776133814775E-15,2.22044604925E-16,1.));
#814 = ADVANCED_FACE('',(#815),#833,.T.);
#815 = FACE_BOUND('',#816,.T.);
#816 = EDGE_LOOP('',(#817,#825,#826,#827));
#817 = ORIENTED_EDGE('',*,*,#818,.F.);
#818 = EDGE_CURVE('',#709,#819,#821,.T.);
#819 = VERTEX_POINT('',#820);
#820 = CARTESIAN_POINT('',(-24.37,12.25,12.));
#821 = LINE('',#822,#823);
#822 = CARTESIAN_POINT('',(-21.37,15.249999999929,12.));
#823 = VECTOR('',#824,1.);
#824 = DIRECTION('',(-0.707106781195,-0.707106781178,-1.493283360185E-15
    ));
#825 = ORIENTED_EDGE('',*,*,#708,.T.);
#826 = ORIENTED_EDGE('',*,*,#237,.F.);
#827 = ORIENTED_EDGE('',*,*,#828,.F.);
#828 = EDGE_CURVE('',#819,#230,#829,.T.);
#829 = LINE('',#830,#831);
#830 = CARTESIAN_POINT('',(-24.37,12.25,12.));
#831 = VECTOR('',#832,1.);
#832 = DIRECTION('',(7.496133814775E-15,-4.612044604925E-15,-1.));
#833 = PLANE('',#834);
#834 = AXIS2_PLACEMENT_3D('',#835,#836,#837);
#835 = CARTESIAN_POINT('',(-21.37,15.249999999929,12.));
#836 = DIRECTION('',(-0.707106781178,0.707106781195,-8.558036983481E-15)
  );
#837 = DIRECTION('',(-0.707106781195,-0.707106781178,-7.419630165339E-16
    ));
#838 = ADVANCED_FACE('',(#839),#857,.T.);
#839 = FACE_BOUND('',#840,.T.);
#840 = EDGE_LOOP('',(#841,#849,#850,#851));
#841 = ORIENTED_EDGE('',*,*,#842,.F.);
#842 = EDGE_CURVE('',#819,#843,#845,.T.);
#843 = VERTEX_POINT('',#844);
#844 = CARTESIAN_POINT('',(-24.37,11.25,12.));
#845 = LINE('',#846,#847);
#846 = CARTESIAN_POINT('',(-24.37,31.,12.));
#847 = VECTOR('',#848,1.);
#848 = DIRECTION('',(-2.002044604925E-15,-1.,4.4381784197E-15));
#849 = ORIENTED_EDGE('',*,*,#828,.T.);
#850 = ORIENTED_EDGE('',*,*,#229,.F.);
#851 = ORIENTED_EDGE('',*,*,#852,.F.);
#852 = EDGE_CURVE('',#843,#222,#853,.T.);
#853 = LINE('',#854,#855);
#854 = CARTESIAN_POINT('',(-24.37,11.25,12.));
#855 = VECTOR('',#856,1.);
#856 = DIRECTION('',(7.496133814775E-15,-4.612044604925E-15,-1.));
#857 = PLANE('',#858);
#858 = AXIS2_PLACEMENT_3D('',#859,#860,#861);
#859 = CARTESIAN_POINT('',(-24.37,12.25,12.));
#860 = DIRECTION('',(-1.,-2.6618215803E-15,-6.83E-15));
#861 = DIRECTION('',(3.327955395075E-15,-1.,5.4981784197E-15));
#862 = ADVANCED_FACE('',(#863),#881,.T.);
#863 = FACE_BOUND('',#864,.T.);
#864 = EDGE_LOOP('',(#865,#873,#874,#875));
#865 = ORIENTED_EDGE('',*,*,#866,.F.);
#866 = EDGE_CURVE('',#843,#867,#869,.T.);
#867 = VERTEX_POINT('',#868);
#868 = CARTESIAN_POINT('',(-23.37,11.25,12.));
#869 = LINE('',#870,#871);
#870 = CARTESIAN_POINT('',(-24.37,11.25,12.));
#871 = VECTOR('',#872,1.);
#872 = DIRECTION('',(1.,-8.881784197001E-16,7.E-15));
#873 = ORIENTED_EDGE('',*,*,#852,.T.);
#874 = ORIENTED_EDGE('',*,*,#221,.F.);
#875 = ORIENTED_EDGE('',*,*,#876,.F.);
#876 = EDGE_CURVE('',#867,#214,#877,.T.);
#877 = LINE('',#878,#879);
#878 = CARTESIAN_POINT('',(-23.37,11.25,12.));
#879 = VECTOR('',#880,1.);
#880 = DIRECTION('',(7.496133814775E-15,-4.612044604925E-15,-1.));
#881 = PLANE('',#882);
#882 = AXIS2_PLACEMENT_3D('',#883,#884,#885);
#883 = CARTESIAN_POINT('',(-24.37,11.25,12.));
#884 = DIRECTION('',(-4.42044604925E-16,-1.,5.2781784197E-15));
#885 = DIRECTION('',(1.,-1.1081784197E-15,6.55E-15));
#886 = ADVANCED_FACE('',(#887),#898,.T.);
#887 = FACE_BOUND('',#888,.T.);
#888 = EDGE_LOOP('',(#889,#895,#896,#897));
#889 = ORIENTED_EDGE('',*,*,#890,.F.);
#890 = EDGE_CURVE('',#867,#772,#891,.T.);
#891 = LINE('',#892,#893);
#892 = CARTESIAN_POINT('',(-23.37,11.25,12.));
#893 = VECTOR('',#894,1.);
#894 = DIRECTION('',(0.707106781195,0.707106781178,1.493283360185E-15));
#895 = ORIENTED_EDGE('',*,*,#876,.T.);
#896 = ORIENTED_EDGE('',*,*,#213,.F.);
#897 = ORIENTED_EDGE('',*,*,#779,.F.);
#898 = PLANE('',#899);
#899 = AXIS2_PLACEMENT_3D('',#900,#901,#902);
#900 = CARTESIAN_POINT('',(-23.37,11.25,12.));
#901 = DIRECTION('',(0.707106781178,-0.707106781195,8.558036983481E-15)
  );
#902 = DIRECTION('',(0.707106781195,0.707106781178,7.419630165339E-16));
#903 = ADVANCED_FACE('',(#904),#922,.T.);
#904 = FACE_BOUND('',#905,.T.);
#905 = EDGE_LOOP('',(#906,#907,#915,#921));
#906 = ORIENTED_EDGE('',*,*,#197,.F.);
#907 = ORIENTED_EDGE('',*,*,#908,.T.);
#908 = EDGE_CURVE('',#190,#909,#911,.T.);
#909 = VERTEX_POINT('',#910);
#910 = CARTESIAN_POINT('',(-24.37,10.25,12.));
#911 = LINE('',#912,#913);
#912 = CARTESIAN_POINT('',(-24.37,10.25,-12.));
#913 = VECTOR('',#914,1.);
#914 = DIRECTION('',(-3.556133814775E-15,1.552044604925E-15,1.));
#915 = ORIENTED_EDGE('',*,*,#916,.T.);
#916 = EDGE_CURVE('',#909,#764,#917,.T.);
#917 = LINE('',#918,#919);
#918 = CARTESIAN_POINT('',(-23.37,10.25,12.));
#919 = VECTOR('',#920,1.);
#920 = DIRECTION('',(1.,-6.1081784197E-15,1.1E-16));
#921 = ORIENTED_EDGE('',*,*,#763,.T.);
#922 = PLANE('',#923);
#923 = AXIS2_PLACEMENT_3D('',#924,#925,#926);
#924 = CARTESIAN_POINT('',(-22.87,10.25,-1.015438288019E-13));
#925 = DIRECTION('',(3.097204460493E-14,1.,-1.6281784197E-15));
#926 = DIRECTION('',(1.,-3.16381784197E-14,2.761963519688E-29));
#927 = ADVANCED_FACE('',(#928),#946,.F.);
#928 = FACE_BOUND('',#929,.T.);
#929 = EDGE_LOOP('',(#930,#931,#939,#945));
#930 = ORIENTED_EDGE('',*,*,#189,.F.);
#931 = ORIENTED_EDGE('',*,*,#932,.T.);
#932 = EDGE_CURVE('',#182,#933,#935,.T.);
#933 = VERTEX_POINT('',#934);
#934 = CARTESIAN_POINT('',(-25.37,9.25,13.));
#935 = LINE('',#936,#937);
#936 = CARTESIAN_POINT('',(-25.37,9.25,-12.));
#937 = VECTOR('',#938,1.);
#938 = DIRECTION('',(-3.556133814775E-15,1.552044604925E-15,1.));
#939 = ORIENTED_EDGE('',*,*,#940,.T.);
#940 = EDGE_CURVE('',#933,#909,#941,.T.);
#941 = LINE('',#942,#943);
#942 = CARTESIAN_POINT('',(-17.245,17.375,4.875));
#943 = VECTOR('',#944,1.);
#944 = DIRECTION('',(0.57735026919,0.57735026919,-0.57735026919));
#945 = ORIENTED_EDGE('',*,*,#908,.F.);
#946 = PLANE('',#947);
#947 = AXIS2_PLACEMENT_3D('',#948,#949,#950);
#948 = CARTESIAN_POINT('',(-24.87,9.75,-12.));
#949 = DIRECTION('',(0.707106781187,-0.707106781187,3.878036983474E-15)
  );
#950 = DIRECTION('',(3.744230853631E-15,-1.740141643781E-15,-1.));
#951 = ADVANCED_FACE('',(#952,#986),#1049,.T.);
#952 = FACE_BOUND('',#953,.T.);
#953 = EDGE_LOOP('',(#954,#964,#972,#980));
#954 = ORIENTED_EDGE('',*,*,#955,.F.);
#955 = EDGE_CURVE('',#956,#958,#960,.T.);
#956 = VERTEX_POINT('',#957);
#957 = CARTESIAN_POINT('',(-25.37,46.5,-24.5));
#958 = VERTEX_POINT('',#959);
#959 = CARTESIAN_POINT('',(-25.37,46.5,24.5));
#960 = LINE('',#961,#962);
#961 = CARTESIAN_POINT('',(-25.37,46.5,-27.5));
#962 = VECTOR('',#963,1.);
#963 = DIRECTION('',(-3.556133814775E-15,1.552044604925E-15,1.));
#964 = ORIENTED_EDGE('',*,*,#965,.F.);
#965 = EDGE_CURVE('',#966,#956,#968,.T.);
#966 = VERTEX_POINT('',#967);
#967 = CARTESIAN_POINT('',(-25.37,-7.25,-24.5));
#968 = LINE('',#969,#970);
#969 = CARTESIAN_POINT('',(-25.37,-10.25,-24.5));
#970 = VECTOR('',#971,1.);
#971 = DIRECTION('',(1.552044604925E-15,1.,-5.1081784197E-15));
#972 = ORIENTED_EDGE('',*,*,#973,.T.);
#973 = EDGE_CURVE('',#966,#974,#976,.T.);
#974 = VERTEX_POINT('',#975);
#975 = CARTESIAN_POINT('',(-25.37,-7.25,24.5));
#976 = LINE('',#977,#978);
#977 = CARTESIAN_POINT('',(-25.37,-7.25,-27.5));
#978 = VECTOR('',#979,1.);
#979 = DIRECTION('',(-3.556133814775E-15,1.552044604925E-15,1.));
#980 = ORIENTED_EDGE('',*,*,#981,.T.);
#981 = EDGE_CURVE('',#974,#958,#982,.T.);
#982 = LINE('',#983,#984);
#983 = CARTESIAN_POINT('',(-25.37,-10.25,24.5));
#984 = VECTOR('',#985,1.);
#985 = DIRECTION('',(1.552044604925E-15,1.,-5.1081784197E-15));
#986 = FACE_BOUND('',#987,.T.);
#987 = EDGE_LOOP('',(#988,#999,#1005,#1006,#1007,#1008,#1009,#1017,#1025
    ,#1034,#1042));
#988 = ORIENTED_EDGE('',*,*,#989,.F.);
#989 = EDGE_CURVE('',#990,#992,#994,.T.);
#990 = VERTEX_POINT('',#991);
#991 = CARTESIAN_POINT('',(-25.37,31.171572875254,13.));
#992 = VERTEX_POINT('',#993);
#993 = CARTESIAN_POINT('',(-25.37,34.,15.));
#994 = CIRCLE('',#995,3.);
#995 = AXIS2_PLACEMENT_3D('',#996,#997,#998);
#996 = CARTESIAN_POINT('',(-25.37,34.,12.));
#997 = DIRECTION('',(-1.,2.222044604925E-15,-6.661338147751E-16));
#998 = DIRECTION('',(-6.661338147751E-16,2.22044604925E-16,1.));
#999 = ORIENTED_EDGE('',*,*,#1000,.T.);
#1000 = EDGE_CURVE('',#990,#933,#1001,.T.);
#1001 = LINE('',#1002,#1003);
#1002 = CARTESIAN_POINT('',(-25.37,31.,13.));
#1003 = VECTOR('',#1004,1.);
#1004 = DIRECTION('',(-2.002044604925E-15,-1.,4.4381784197E-15));
#1005 = ORIENTED_EDGE('',*,*,#932,.F.);
#1006 = ORIENTED_EDGE('',*,*,#181,.F.);
#1007 = ORIENTED_EDGE('',*,*,#275,.F.);
#1008 = ORIENTED_EDGE('',*,*,#325,.F.);
#1009 = ORIENTED_EDGE('',*,*,#1010,.F.);
#1010 = EDGE_CURVE('',#1011,#318,#1013,.T.);
#1011 = VERTEX_POINT('',#1012);
#1012 = CARTESIAN_POINT('',(-25.37,9.25,-13.));
#1013 = LINE('',#1014,#1015);
#1014 = CARTESIAN_POINT('',(-25.37,9.25,-12.));
#1015 = VECTOR('',#1016,1.);
#1016 = DIRECTION('',(-3.556133814775E-15,1.552044604925E-15,1.));
#1017 = ORIENTED_EDGE('',*,*,#1018,.T.);
#1018 = EDGE_CURVE('',#1011,#1019,#1021,.T.);
#1019 = VERTEX_POINT('',#1020);
#1020 = CARTESIAN_POINT('',(-25.37,31.171572875254,-13.));
#1021 = LINE('',#1022,#1023);
#1022 = CARTESIAN_POINT('',(-25.37,10.25,-13.));
#1023 = VECTOR('',#1024,1.);
#1024 = DIRECTION('',(2.002044604925E-15,1.,-4.4381784197E-15));
#1025 = ORIENTED_EDGE('',*,*,#1026,.F.);
#1026 = EDGE_CURVE('',#1027,#1019,#1029,.T.);
#1027 = VERTEX_POINT('',#1028);
#1028 = CARTESIAN_POINT('',(-25.37,35.25,-9.272821971341));
#1029 = CIRCLE('',#1030,3.);
#1030 = AXIS2_PLACEMENT_3D('',#1031,#1032,#1033);
#1031 = CARTESIAN_POINT('',(-25.37,34.,-12.));
#1032 = DIRECTION('',(-1.,2.222044604925E-15,-6.661338147751E-16));
#1033 = DIRECTION('',(-6.661338147751E-16,2.22044604925E-16,1.));
#1034 = ORIENTED_EDGE('',*,*,#1035,.T.);
#1035 = EDGE_CURVE('',#1027,#1036,#1038,.T.);
#1036 = VERTEX_POINT('',#1037);
#1037 = CARTESIAN_POINT('',(-25.37,35.25,9.272821971341));
#1038 = LINE('',#1039,#1040);
#1039 = CARTESIAN_POINT('',(-25.37,35.25,-9.010434814225));
#1040 = VECTOR('',#1041,1.);
#1041 = DIRECTION('',(-3.556133814775E-15,1.552044604925E-15,1.));
#1042 = ORIENTED_EDGE('',*,*,#1043,.F.);
#1043 = EDGE_CURVE('',#992,#1036,#1044,.T.);
#1044 = CIRCLE('',#1045,3.);
#1045 = AXIS2_PLACEMENT_3D('',#1046,#1047,#1048);
#1046 = CARTESIAN_POINT('',(-25.37,34.,12.));
#1047 = DIRECTION('',(-1.,2.222044604925E-15,-6.661338147751E-16));
#1048 = DIRECTION('',(-6.661338147751E-16,2.22044604925E-16,1.));
#1049 = PLANE('',#1050);
#1050 = AXIS2_PLACEMENT_3D('',#1051,#1052,#1053);
#1051 = CARTESIAN_POINT('',(-25.37,19.625,1.227594985134E-13));
#1052 = DIRECTION('',(-1.,8.881784197001E-16,-5.3E-16));
#1053 = DIRECTION('',(1.196133814775E-15,-2.22044604925E-16,-1.));
#1054 = ADVANCED_FACE('',(#1055),#1089,.T.);
#1055 = FACE_BOUND('',#1056,.T.);
#1056 = EDGE_LOOP('',(#1057,#1065,#1066,#1074,#1080,#1081,#1082,#1083));
#1057 = ORIENTED_EDGE('',*,*,#1058,.F.);
#1058 = EDGE_CURVE('',#669,#1059,#1061,.T.);
#1059 = VERTEX_POINT('',#1060);
#1060 = CARTESIAN_POINT('',(-24.37,16.25,12.));
#1061 = LINE('',#1062,#1063);
#1062 = CARTESIAN_POINT('',(-21.37,19.249999999929,12.));
#1063 = VECTOR('',#1064,1.);
#1064 = DIRECTION('',(-0.707106781195,-0.707106781178,
    -1.493283360185E-15));
#1065 = ORIENTED_EDGE('',*,*,#668,.T.);
#1066 = ORIENTED_EDGE('',*,*,#1067,.F.);
#1067 = EDGE_CURVE('',#1068,#661,#1070,.T.);
#1068 = VERTEX_POINT('',#1069);
#1069 = CARTESIAN_POINT('',(-24.37,16.25,-12.));
#1070 = LINE('',#1071,#1072);
#1071 = CARTESIAN_POINT('',(-20.36999999999,20.249999999915,-12.));
#1072 = VECTOR('',#1073,1.);
#1073 = DIRECTION('',(0.707106781195,0.707106781178,1.786196301653E-14)
  );
#1074 = ORIENTED_EDGE('',*,*,#1075,.F.);
#1075 = EDGE_CURVE('',#335,#1068,#1076,.T.);
#1076 = LINE('',#1077,#1078);
#1077 = CARTESIAN_POINT('',(-24.37,16.25,12.));
#1078 = VECTOR('',#1079,1.);
#1079 = DIRECTION('',(7.496133814775E-15,-4.612044604925E-15,-1.));
#1080 = ORIENTED_EDGE('',*,*,#334,.F.);
#1081 = ORIENTED_EDGE('',*,*,#251,.F.);
#1082 = ORIENTED_EDGE('',*,*,#158,.F.);
#1083 = ORIENTED_EDGE('',*,*,#1084,.F.);
#1084 = EDGE_CURVE('',#1059,#151,#1085,.T.);
#1085 = LINE('',#1086,#1087);
#1086 = CARTESIAN_POINT('',(-24.37,16.25,12.));
#1087 = VECTOR('',#1088,1.);
#1088 = DIRECTION('',(7.496133814775E-15,-4.612044604925E-15,-1.));
#1089 = PLANE('',#1090);
#1090 = AXIS2_PLACEMENT_3D('',#1091,#1092,#1093);
#1091 = CARTESIAN_POINT('',(-21.37,19.249999999929,12.));
#1092 = DIRECTION('',(-0.707106781178,0.707106781195,-8.558036983481E-15
    ));
#1093 = DIRECTION('',(-0.707106781195,-0.707106781178,
    -7.419630165339E-16));
#1094 = ADVANCED_FACE('',(#1095),#1113,.T.);
#1095 = FACE_BOUND('',#1096,.T.);
#1096 = EDGE_LOOP('',(#1097,#1105,#1106,#1107));
#1097 = ORIENTED_EDGE('',*,*,#1098,.F.);
#1098 = EDGE_CURVE('',#1059,#1099,#1101,.T.);
#1099 = VERTEX_POINT('',#1100);
#1100 = CARTESIAN_POINT('',(-24.37,15.25,12.));
#1101 = LINE('',#1102,#1103);
#1102 = CARTESIAN_POINT('',(-24.37,31.,12.));
#1103 = VECTOR('',#1104,1.);
#1104 = DIRECTION('',(-2.002044604925E-15,-1.,4.4381784197E-15));
#1105 = ORIENTED_EDGE('',*,*,#1084,.T.);
#1106 = ORIENTED_EDGE('',*,*,#150,.F.);
#1107 = ORIENTED_EDGE('',*,*,#1108,.F.);
#1108 = EDGE_CURVE('',#1099,#143,#1109,.T.);
#1109 = LINE('',#1110,#1111);
#1110 = CARTESIAN_POINT('',(-24.37,15.25,12.));
#1111 = VECTOR('',#1112,1.);
#1112 = DIRECTION('',(7.496133814775E-15,-4.612044604925E-15,-1.));
#1113 = PLANE('',#1114);
#1114 = AXIS2_PLACEMENT_3D('',#1115,#1116,#1117);
#1115 = CARTESIAN_POINT('',(-24.37,16.25,12.));
#1116 = DIRECTION('',(-1.,-2.6618215803E-15,-6.83E-15));
#1117 = DIRECTION('',(3.327955395075E-15,-1.,5.4981784197E-15));
#1118 = ADVANCED_FACE('',(#1119),#1137,.T.);
#1119 = FACE_BOUND('',#1120,.T.);
#1120 = EDGE_LOOP('',(#1121,#1129,#1130,#1131));
#1121 = ORIENTED_EDGE('',*,*,#1122,.F.);
#1122 = EDGE_CURVE('',#1099,#1123,#1125,.T.);
#1123 = VERTEX_POINT('',#1124);
#1124 = CARTESIAN_POINT('',(-23.37,15.25,12.));
#1125 = LINE('',#1126,#1127);
#1126 = CARTESIAN_POINT('',(-24.37,15.25,12.));
#1127 = VECTOR('',#1128,1.);
#1128 = DIRECTION('',(1.,-8.881784197001E-16,7.E-15));
#1129 = ORIENTED_EDGE('',*,*,#1108,.T.);
#1130 = ORIENTED_EDGE('',*,*,#142,.F.);
#1131 = ORIENTED_EDGE('',*,*,#1132,.F.);
#1132 = EDGE_CURVE('',#1123,#135,#1133,.T.);
#1133 = LINE('',#1134,#1135);
#1134 = CARTESIAN_POINT('',(-23.37,15.25,12.));
#1135 = VECTOR('',#1136,1.);
#1136 = DIRECTION('',(7.496133814775E-15,-4.612044604925E-15,-1.));
#1137 = PLANE('',#1138);
#1138 = AXIS2_PLACEMENT_3D('',#1139,#1140,#1141);
#1139 = CARTESIAN_POINT('',(-24.37,15.25,12.));
#1140 = DIRECTION('',(-4.42044604925E-16,-1.,5.2781784197E-15));
#1141 = DIRECTION('',(1.,-1.1081784197E-15,6.55E-15));
#1142 = ADVANCED_FACE('',(#1143),#1175,.T.);
#1143 = FACE_BOUND('',#1144,.T.);
#1144 = EDGE_LOOP('',(#1145,#1151,#1152,#1153,#1159,#1160,#1168,#1174));
#1145 = ORIENTED_EDGE('',*,*,#1146,.F.);
#1146 = EDGE_CURVE('',#1123,#717,#1147,.T.);
#1147 = LINE('',#1148,#1149);
#1148 = CARTESIAN_POINT('',(-23.37,15.25,12.));
#1149 = VECTOR('',#1150,1.);
#1150 = DIRECTION('',(0.707106781195,0.707106781178,1.493283360185E-15)
  );
#1151 = ORIENTED_EDGE('',*,*,#1132,.T.);
#1152 = ORIENTED_EDGE('',*,*,#134,.F.);
#1153 = ORIENTED_EDGE('',*,*,#1154,.F.);
#1154 = EDGE_CURVE('',#359,#127,#1155,.T.);
#1155 = LINE('',#1156,#1157);
#1156 = CARTESIAN_POINT('',(-22.01999999996,16.6,1.6875));
#1157 = VECTOR('',#1158,1.);
#1158 = DIRECTION('',(-1.176613381478E-14,2.22044604925E-16,1.));
#1159 = ORIENTED_EDGE('',*,*,#358,.F.);
#1160 = ORIENTED_EDGE('',*,*,#1161,.T.);
#1161 = EDGE_CURVE('',#351,#1162,#1164,.T.);
#1162 = VERTEX_POINT('',#1163);
#1163 = CARTESIAN_POINT('',(-23.37,15.25,-12.));
#1164 = LINE('',#1165,#1166);
#1165 = CARTESIAN_POINT('',(-23.37,15.25,12.));
#1166 = VECTOR('',#1167,1.);
#1167 = DIRECTION('',(7.496133814775E-15,-4.612044604925E-15,-1.));
#1168 = ORIENTED_EDGE('',*,*,#1169,.F.);
#1169 = EDGE_CURVE('',#725,#1162,#1170,.T.);
#1170 = LINE('',#1171,#1172);
#1171 = CARTESIAN_POINT('',(-20.86999999999,17.749999999944,-12.));
#1172 = VECTOR('',#1173,1.);
#1173 = DIRECTION('',(-0.707106781195,-0.707106781178,
    -1.786196301653E-14));
#1174 = ORIENTED_EDGE('',*,*,#724,.F.);
#1175 = PLANE('',#1176);
#1176 = AXIS2_PLACEMENT_3D('',#1177,#1178,#1179);
#1177 = CARTESIAN_POINT('',(-23.37,15.25,12.));
#1178 = DIRECTION('',(0.707106781178,-0.707106781195,8.558036983481E-15)
  );
#1179 = DIRECTION('',(0.707106781195,0.707106781178,7.419630165339E-16)
  );
#1180 = ADVANCED_FACE('',(#1181),#1187,.T.);
#1181 = FACE_BOUND('',#1182,.T.);
#1182 = EDGE_LOOP('',(#1183,#1184,#1185,#1186));
#1183 = ORIENTED_EDGE('',*,*,#701,.F.);
#1184 = ORIENTED_EDGE('',*,*,#366,.T.);
#1185 = ORIENTED_EDGE('',*,*,#1154,.T.);
#1186 = ORIENTED_EDGE('',*,*,#126,.F.);
#1187 = PLANE('',#1188);
#1188 = AXIS2_PLACEMENT_3D('',#1189,#1190,#1191);
#1189 = CARTESIAN_POINT('',(-21.37,16.6,-8.625));
#1190 = DIRECTION('',(2.882044604925E-15,1.,-8.881784197001E-16));
#1191 = DIRECTION('',(-3.776133814775E-15,2.22044604925E-16,1.));
#1192 = ADVANCED_FACE('',(#1193),#1211,.T.);
#1193 = FACE_BOUND('',#1194,.T.);
#1194 = EDGE_LOOP('',(#1195,#1196,#1204,#1210));
#1195 = ORIENTED_EDGE('',*,*,#406,.F.);
#1196 = ORIENTED_EDGE('',*,*,#1197,.T.);
#1197 = EDGE_CURVE('',#399,#1198,#1200,.T.);
#1198 = VERTEX_POINT('',#1199);
#1199 = CARTESIAN_POINT('',(-23.37,11.25,-12.));
#1200 = LINE('',#1201,#1202);
#1201 = CARTESIAN_POINT('',(-23.37,11.25,12.));
#1202 = VECTOR('',#1203,1.);
#1203 = DIRECTION('',(7.496133814775E-15,-4.612044604925E-15,-1.));
#1204 = ORIENTED_EDGE('',*,*,#1205,.F.);
#1205 = EDGE_CURVE('',#789,#1198,#1206,.T.);
#1206 = LINE('',#1207,#1208);
#1207 = CARTESIAN_POINT('',(-20.86999999999,13.749999999944,-12.));
#1208 = VECTOR('',#1209,1.);
#1209 = DIRECTION('',(-0.707106781195,-0.707106781178,
    -1.786196301653E-14));
#1210 = ORIENTED_EDGE('',*,*,#788,.F.);
#1211 = PLANE('',#1212);
#1212 = AXIS2_PLACEMENT_3D('',#1213,#1214,#1215);
#1213 = CARTESIAN_POINT('',(-23.37,11.25,12.));
#1214 = DIRECTION('',(0.707106781178,-0.707106781195,8.558036983481E-15)
  );
#1215 = DIRECTION('',(0.707106781195,0.707106781178,7.419630165339E-16)
  );
#1216 = ADVANCED_FACE('',(#1217),#1235,.T.);
#1217 = FACE_BOUND('',#1218,.T.);
#1218 = EDGE_LOOP('',(#1219,#1220,#1228,#1234));
#1219 = ORIENTED_EDGE('',*,*,#398,.F.);
#1220 = ORIENTED_EDGE('',*,*,#1221,.T.);
#1221 = EDGE_CURVE('',#391,#1222,#1224,.T.);
#1222 = VERTEX_POINT('',#1223);
#1223 = CARTESIAN_POINT('',(-24.37,11.25,-12.));
#1224 = LINE('',#1225,#1226);
#1225 = CARTESIAN_POINT('',(-24.37,11.25,12.));
#1226 = VECTOR('',#1227,1.);
#1227 = DIRECTION('',(7.496133814775E-15,-4.612044604925E-15,-1.));
#1228 = ORIENTED_EDGE('',*,*,#1229,.F.);
#1229 = EDGE_CURVE('',#1198,#1222,#1230,.T.);
#1230 = LINE('',#1231,#1232);
#1231 = CARTESIAN_POINT('',(-23.61375,11.25,-12.));
#1232 = VECTOR('',#1233,1.);
#1233 = DIRECTION('',(-1.,1.1081784197E-15,-3.114E-14));
#1234 = ORIENTED_EDGE('',*,*,#1197,.F.);
#1235 = PLANE('',#1236);
#1236 = AXIS2_PLACEMENT_3D('',#1237,#1238,#1239);
#1237 = CARTESIAN_POINT('',(-24.37,11.25,12.));
#1238 = DIRECTION('',(-4.42044604925E-16,-1.,5.2781784197E-15));
#1239 = DIRECTION('',(1.,-1.1081784197E-15,6.55E-15));
#1240 = ADVANCED_FACE('',(#1241),#1259,.T.);
#1241 = FACE_BOUND('',#1242,.T.);
#1242 = EDGE_LOOP('',(#1243,#1244,#1252,#1258));
#1243 = ORIENTED_EDGE('',*,*,#390,.F.);
#1244 = ORIENTED_EDGE('',*,*,#1245,.T.);
#1245 = EDGE_CURVE('',#383,#1246,#1248,.T.);
#1246 = VERTEX_POINT('',#1247);
#1247 = CARTESIAN_POINT('',(-24.37,12.25,-12.));
#1248 = LINE('',#1249,#1250);
#1249 = CARTESIAN_POINT('',(-24.37,12.25,12.));
#1250 = VECTOR('',#1251,1.);
#1251 = DIRECTION('',(7.496133814775E-15,-4.612044604925E-15,-1.));
#1252 = ORIENTED_EDGE('',*,*,#1253,.F.);
#1253 = EDGE_CURVE('',#1222,#1246,#1254,.T.);
#1254 = LINE('',#1255,#1256);
#1255 = CARTESIAN_POINT('',(-24.37,10.25,-12.));
#1256 = VECTOR('',#1257,1.);
#1257 = DIRECTION('',(2.002044604925E-15,1.,-4.4381784197E-15));
#1258 = ORIENTED_EDGE('',*,*,#1221,.F.);
#1259 = PLANE('',#1260);
#1260 = AXIS2_PLACEMENT_3D('',#1261,#1262,#1263);
#1261 = CARTESIAN_POINT('',(-24.37,12.25,12.));
#1262 = DIRECTION('',(-1.,-2.6618215803E-15,-6.83E-15));
#1263 = DIRECTION('',(3.327955395075E-15,-1.,5.4981784197E-15));
#1264 = ADVANCED_FACE('',(#1265),#1276,.T.);
#1265 = FACE_BOUND('',#1266,.T.);
#1266 = EDGE_LOOP('',(#1267,#1268,#1269,#1275));
#1267 = ORIENTED_EDGE('',*,*,#382,.F.);
#1268 = ORIENTED_EDGE('',*,*,#692,.T.);
#1269 = ORIENTED_EDGE('',*,*,#1270,.F.);
#1270 = EDGE_CURVE('',#1246,#693,#1271,.T.);
#1271 = LINE('',#1272,#1273);
#1272 = CARTESIAN_POINT('',(-20.36999999999,16.249999999915,-12.));
#1273 = VECTOR('',#1274,1.);
#1274 = DIRECTION('',(0.707106781195,0.707106781178,1.786196301653E-14)
  );
#1275 = ORIENTED_EDGE('',*,*,#1245,.F.);
#1276 = PLANE('',#1277);
#1277 = AXIS2_PLACEMENT_3D('',#1278,#1279,#1280);
#1278 = CARTESIAN_POINT('',(-21.37,15.249999999929,12.));
#1279 = DIRECTION('',(-0.707106781178,0.707106781195,-8.558036983481E-15
    ));
#1280 = DIRECTION('',(-0.707106781195,-0.707106781178,
    -7.419630165339E-16));
#1281 = ADVANCED_FACE('',(#1282),#1300,.T.);
#1282 = FACE_BOUND('',#1283,.T.);
#1283 = EDGE_LOOP('',(#1284,#1285,#1293,#1299));
#1284 = ORIENTED_EDGE('',*,*,#350,.F.);
#1285 = ORIENTED_EDGE('',*,*,#1286,.T.);
#1286 = EDGE_CURVE('',#343,#1287,#1289,.T.);
#1287 = VERTEX_POINT('',#1288);
#1288 = CARTESIAN_POINT('',(-24.37,15.25,-12.));
#1289 = LINE('',#1290,#1291);
#1290 = CARTESIAN_POINT('',(-24.37,15.25,12.));
#1291 = VECTOR('',#1292,1.);
#1292 = DIRECTION('',(7.496133814775E-15,-4.612044604925E-15,-1.));
#1293 = ORIENTED_EDGE('',*,*,#1294,.F.);
#1294 = EDGE_CURVE('',#1162,#1287,#1295,.T.);
#1295 = LINE('',#1296,#1297);
#1296 = CARTESIAN_POINT('',(-23.61375,15.25,-12.));
#1297 = VECTOR('',#1298,1.);
#1298 = DIRECTION('',(-1.,1.1081784197E-15,-3.114E-14));
#1299 = ORIENTED_EDGE('',*,*,#1161,.F.);
#1300 = PLANE('',#1301);
#1301 = AXIS2_PLACEMENT_3D('',#1302,#1303,#1304);
#1302 = CARTESIAN_POINT('',(-24.37,15.25,12.));
#1303 = DIRECTION('',(-4.42044604925E-16,-1.,5.2781784197E-15));
#1304 = DIRECTION('',(1.,-1.1081784197E-15,6.55E-15));
#1305 = ADVANCED_FACE('',(#1306),#1317,.T.);
#1306 = FACE_BOUND('',#1307,.T.);
#1307 = EDGE_LOOP('',(#1308,#1309,#1310,#1316));
#1308 = ORIENTED_EDGE('',*,*,#342,.F.);
#1309 = ORIENTED_EDGE('',*,*,#1075,.T.);
#1310 = ORIENTED_EDGE('',*,*,#1311,.F.);
#1311 = EDGE_CURVE('',#1287,#1068,#1312,.T.);
#1312 = LINE('',#1313,#1314);
#1313 = CARTESIAN_POINT('',(-24.37,10.25,-12.));
#1314 = VECTOR('',#1315,1.);
#1315 = DIRECTION('',(2.002044604925E-15,1.,-4.4381784197E-15));
#1316 = ORIENTED_EDGE('',*,*,#1286,.F.);
#1317 = PLANE('',#1318);
#1318 = AXIS2_PLACEMENT_3D('',#1319,#1320,#1321);
#1319 = CARTESIAN_POINT('',(-24.37,16.25,12.));
#1320 = DIRECTION('',(-1.,-2.6618215803E-15,-6.83E-15));
#1321 = DIRECTION('',(3.327955395075E-15,-1.,5.4981784197E-15));
#1322 = ADVANCED_FACE('',(#1323),#1341,.F.);
#1323 = FACE_BOUND('',#1324,.T.);
#1324 = EDGE_LOOP('',(#1325,#1333,#1334,#1335));
#1325 = ORIENTED_EDGE('',*,*,#1326,.F.);
#1326 = EDGE_CURVE('',#1011,#1327,#1329,.T.);
#1327 = VERTEX_POINT('',#1328);
#1328 = CARTESIAN_POINT('',(-24.37,10.25,-12.));
#1329 = LINE('',#1330,#1331);
#1330 = CARTESIAN_POINT('',(-24.70333333333,9.916666666667,
    -12.33333333333));
#1331 = VECTOR('',#1332,1.);
#1332 = DIRECTION('',(0.57735026919,0.57735026919,0.57735026919));
#1333 = ORIENTED_EDGE('',*,*,#1010,.T.);
#1334 = ORIENTED_EDGE('',*,*,#317,.F.);
#1335 = ORIENTED_EDGE('',*,*,#1336,.F.);
#1336 = EDGE_CURVE('',#1327,#310,#1337,.T.);
#1337 = LINE('',#1338,#1339);
#1338 = CARTESIAN_POINT('',(-24.37,10.25,-12.));
#1339 = VECTOR('',#1340,1.);
#1340 = DIRECTION('',(-3.556133814775E-15,1.552044604925E-15,1.));
#1341 = PLANE('',#1342);
#1342 = AXIS2_PLACEMENT_3D('',#1343,#1344,#1345);
#1343 = CARTESIAN_POINT('',(-24.87,9.75,-12.));
#1344 = DIRECTION('',(0.707106781187,-0.707106781187,3.878036983474E-15)
  );
#1345 = DIRECTION('',(3.744230853631E-15,-1.740141643781E-15,-1.));
#1346 = ADVANCED_FACE('',(#1347),#1358,.T.);
#1347 = FACE_BOUND('',#1348,.T.);
#1348 = EDGE_LOOP('',(#1349,#1355,#1356,#1357));
#1349 = ORIENTED_EDGE('',*,*,#1350,.F.);
#1350 = EDGE_CURVE('',#1327,#797,#1351,.T.);
#1351 = LINE('',#1352,#1353);
#1352 = CARTESIAN_POINT('',(-23.37,10.25,-12.));
#1353 = VECTOR('',#1354,1.);
#1354 = DIRECTION('',(1.,-6.1081784197E-15,1.1E-16));
#1355 = ORIENTED_EDGE('',*,*,#1336,.T.);
#1356 = ORIENTED_EDGE('',*,*,#309,.F.);
#1357 = ORIENTED_EDGE('',*,*,#804,.T.);
#1358 = PLANE('',#1359);
#1359 = AXIS2_PLACEMENT_3D('',#1360,#1361,#1362);
#1360 = CARTESIAN_POINT('',(-22.87,10.25,-1.015438288019E-13));
#1361 = DIRECTION('',(3.097204460493E-14,1.,-1.6281784197E-15));
#1362 = DIRECTION('',(1.,-3.16381784197E-14,2.761963519688E-29));
#1363 = ADVANCED_FACE('',(#1364),#1367,.F.);
#1364 = FACE_BOUND('',#1365,.T.);
#1365 = EDGE_LOOP('',(#1366));
#1366 = ORIENTED_EDGE('',*,*,#420,.F.);
#1367 = PLANE('',#1368);
#1368 = AXIS2_PLACEMENT_3D('',#1369,#1370,#1371);
#1369 = CARTESIAN_POINT('',(-21.87,11.860000000001,-5.25));
#1370 = DIRECTION('',(1.,-6.4381784197E-15,5.237539020438E-30));
#1371 = DIRECTION('',(6.661338147751E-16,-2.22044604925E-16,-1.));
#1372 = ADVANCED_FACE('',(#1373,#1430,#1441),#1452,.T.);
#1373 = FACE_BOUND('',#1374,.T.);
#1374 = EDGE_LOOP('',(#1375,#1376,#1384,#1392,#1400,#1408,#1416,#1424));
#1375 = ORIENTED_EDGE('',*,*,#444,.F.);
#1376 = ORIENTED_EDGE('',*,*,#1377,.T.);
#1377 = EDGE_CURVE('',#445,#1378,#1380,.T.);
#1378 = VERTEX_POINT('',#1379);
#1379 = CARTESIAN_POINT('',(21.85,11.25,27.5));
#1380 = LINE('',#1381,#1382);
#1381 = CARTESIAN_POINT('',(-21.37,11.25,27.5));
#1382 = VECTOR('',#1383,1.);
#1383 = DIRECTION('',(1.,-2.8881784197E-15,2.084505630502E-30));
#1384 = ORIENTED_EDGE('',*,*,#1385,.F.);
#1385 = EDGE_CURVE('',#1386,#1378,#1388,.T.);
#1386 = VERTEX_POINT('',#1387);
#1387 = CARTESIAN_POINT('',(21.85,53.5,27.5));
#1388 = LINE('',#1389,#1390);
#1389 = CARTESIAN_POINT('',(21.85,56.5,27.5));
#1390 = VECTOR('',#1391,1.);
#1391 = DIRECTION('',(-1.332044604925E-15,-1.,4.4381784197E-15));
#1392 = ORIENTED_EDGE('',*,*,#1393,.F.);
#1393 = EDGE_CURVE('',#1394,#1386,#1396,.T.);
#1394 = VERTEX_POINT('',#1395);
#1395 = CARTESIAN_POINT('',(17.85,53.5,27.5));
#1396 = LINE('',#1397,#1398);
#1397 = CARTESIAN_POINT('',(17.85,53.5,27.5));
#1398 = VECTOR('',#1399,1.);
#1399 = DIRECTION('',(1.,-5.1081784197E-15,4.056261722236E-30));
#1400 = ORIENTED_EDGE('',*,*,#1401,.F.);
#1401 = EDGE_CURVE('',#1402,#1394,#1404,.T.);
#1402 = VERTEX_POINT('',#1403);
#1403 = CARTESIAN_POINT('',(17.85,46.5,27.5));
#1404 = LINE('',#1405,#1406);
#1405 = CARTESIAN_POINT('',(17.85,49.5,27.5));
#1406 = VECTOR('',#1407,1.);
#1407 = DIRECTION('',(1.772044604925E-15,1.,-5.7681784197E-15));
#1408 = ORIENTED_EDGE('',*,*,#1409,.F.);
#1409 = EDGE_CURVE('',#1410,#1402,#1412,.T.);
#1410 = VERTEX_POINT('',#1411);
#1411 = CARTESIAN_POINT('',(-22.37,46.5,27.5));
#1412 = LINE('',#1413,#1414);
#1413 = CARTESIAN_POINT('',(-25.37,46.5,27.5));
#1414 = VECTOR('',#1415,1.);
#1415 = DIRECTION('',(1.,-5.1081784197E-15,4.056261722236E-30));
#1416 = ORIENTED_EDGE('',*,*,#1417,.F.);
#1417 = EDGE_CURVE('',#1418,#1410,#1420,.T.);
#1418 = VERTEX_POINT('',#1419);
#1419 = CARTESIAN_POINT('',(-22.37,-7.25,27.5));
#1420 = LINE('',#1421,#1422);
#1421 = CARTESIAN_POINT('',(-22.37,-10.25,27.5));
#1422 = VECTOR('',#1423,1.);
#1423 = DIRECTION('',(1.552044604925E-15,1.,-5.1081784197E-15));
#1424 = ORIENTED_EDGE('',*,*,#1425,.F.);
#1425 = EDGE_CURVE('',#447,#1418,#1426,.T.);
#1426 = LINE('',#1427,#1428);
#1427 = CARTESIAN_POINT('',(-21.37,-7.25,27.5));
#1428 = VECTOR('',#1429,1.);
#1429 = DIRECTION('',(-1.,5.1081784197E-15,-4.056261722236E-30));
#1430 = FACE_BOUND('',#1431,.T.);
#1431 = EDGE_LOOP('',(#1432));
#1432 = ORIENTED_EDGE('',*,*,#1433,.T.);
#1433 = EDGE_CURVE('',#1434,#1434,#1436,.T.);
#1434 = VERTEX_POINT('',#1435);
#1435 = CARTESIAN_POINT('',(19.,42.75,27.5));
#1436 = CIRCLE('',#1437,1.5);
#1437 = AXIS2_PLACEMENT_3D('',#1438,#1439,#1440);
#1438 = CARTESIAN_POINT('',(17.5,42.75,27.5));
#1439 = DIRECTION('',(1.33E-15,1.9918215803E-15,-1.));
#1440 = DIRECTION('',(1.,-1.3281784197E-15,1.33E-15));
#1441 = FACE_BOUND('',#1442,.T.);
#1442 = EDGE_LOOP('',(#1443));
#1443 = ORIENTED_EDGE('',*,*,#1444,.T.);
#1444 = EDGE_CURVE('',#1445,#1445,#1447,.T.);
#1445 = VERTEX_POINT('',#1446);
#1446 = CARTESIAN_POINT('',(-16.,42.75,27.5));
#1447 = CIRCLE('',#1448,1.5);
#1448 = AXIS2_PLACEMENT_3D('',#1449,#1450,#1451);
#1449 = CARTESIAN_POINT('',(-17.5,42.75,27.5));
#1450 = DIRECTION('',(1.33E-15,1.9918215803E-15,-1.));
#1451 = DIRECTION('',(1.,-1.3281784197E-15,1.33E-15));
#1452 = PLANE('',#1453);
#1453 = AXIS2_PLACEMENT_3D('',#1454,#1455,#1456);
#1454 = CARTESIAN_POINT('',(-2.613250855488,23.978250855488,27.5));
#1455 = DIRECTION('',(-6.661338147751E-16,3.792044604925E-15,1.));
#1456 = DIRECTION('',(2.22044604925E-16,1.,-4.4581784197E-15));
#1457 = ADVANCED_FACE('',(#1458),#1476,.T.);
#1458 = FACE_BOUND('',#1459,.F.);
#1459 = EDGE_LOOP('',(#1460,#1461,#1469,#1475));
#1460 = ORIENTED_EDGE('',*,*,#454,.F.);
#1461 = ORIENTED_EDGE('',*,*,#1462,.T.);
#1462 = EDGE_CURVE('',#455,#1463,#1465,.T.);
#1463 = VERTEX_POINT('',#1464);
#1464 = CARTESIAN_POINT('',(-22.37,-10.25,24.5));
#1465 = LINE('',#1466,#1467);
#1466 = CARTESIAN_POINT('',(-21.37,-10.25,24.5));
#1467 = VECTOR('',#1468,1.);
#1468 = DIRECTION('',(-1.,5.1081784197E-15,-4.056261722236E-30));
#1469 = ORIENTED_EDGE('',*,*,#1470,.T.);
#1470 = EDGE_CURVE('',#1463,#1418,#1471,.T.);
#1471 = LINE('',#1472,#1473);
#1472 = CARTESIAN_POINT('',(-22.37,-9.5,25.25));
#1473 = VECTOR('',#1474,1.);
#1474 = DIRECTION('',(1.659815082632E-16,0.707106781187,0.707106781187)
  );
#1475 = ORIENTED_EDGE('',*,*,#1425,.F.);
#1476 = PLANE('',#1477);
#1477 = AXIS2_PLACEMENT_3D('',#1478,#1479,#1480);
#1478 = CARTESIAN_POINT('',(-21.37,-8.75,26.));
#1479 = DIRECTION('',(-2.048036983474E-15,-0.707106781187,0.707106781187
    ));
#1480 = DIRECTION('',(1.,-4.002270048985E-15,-1.105908370715E-15));
#1481 = ADVANCED_FACE('',(#1482),#1500,.T.);
#1482 = FACE_BOUND('',#1483,.T.);
#1483 = EDGE_LOOP('',(#1484,#1485,#1486,#1494));
#1484 = ORIENTED_EDGE('',*,*,#462,.T.);
#1485 = ORIENTED_EDGE('',*,*,#1462,.T.);
#1486 = ORIENTED_EDGE('',*,*,#1487,.F.);
#1487 = EDGE_CURVE('',#1488,#1463,#1490,.T.);
#1488 = VERTEX_POINT('',#1489);
#1489 = CARTESIAN_POINT('',(-22.37,-10.25,-24.5));
#1490 = LINE('',#1491,#1492);
#1491 = CARTESIAN_POINT('',(-22.37,-10.25,-27.5));
#1492 = VECTOR('',#1493,1.);
#1493 = DIRECTION('',(-3.556133814775E-15,1.552044604925E-15,1.));
#1494 = ORIENTED_EDGE('',*,*,#1495,.F.);
#1495 = EDGE_CURVE('',#463,#1488,#1496,.T.);
#1496 = LINE('',#1497,#1498);
#1497 = CARTESIAN_POINT('',(-21.37,-10.25,-24.5));
#1498 = VECTOR('',#1499,1.);
#1499 = DIRECTION('',(-1.,5.1081784197E-15,-4.056261722236E-30));
#1500 = PLANE('',#1501);
#1501 = AXIS2_PLACEMENT_3D('',#1502,#1503,#1504);
#1502 = CARTESIAN_POINT('',(-21.37,-10.25,-27.5));
#1503 = DIRECTION('',(-4.42044604925E-16,-1.,8.881784197001E-16));
#1504 = DIRECTION('',(-1.,1.1081784197E-15,-5.03548043436E-31));
#1505 = ADVANCED_FACE('',(#1506),#1524,.T.);
#1506 = FACE_BOUND('',#1507,.T.);
#1507 = EDGE_LOOP('',(#1508,#1509,#1510,#1518));
#1508 = ORIENTED_EDGE('',*,*,#470,.F.);
#1509 = ORIENTED_EDGE('',*,*,#1495,.T.);
#1510 = ORIENTED_EDGE('',*,*,#1511,.T.);
#1511 = EDGE_CURVE('',#1488,#1512,#1514,.T.);
#1512 = VERTEX_POINT('',#1513);
#1513 = CARTESIAN_POINT('',(-22.37,-7.25,-27.5));
#1514 = LINE('',#1515,#1516);
#1515 = CARTESIAN_POINT('',(-22.37,-9.5,-25.25));
#1516 = VECTOR('',#1517,1.);
#1517 = DIRECTION('',(2.358036983474E-15,0.707106781187,-0.707106781187)
  );
#1518 = ORIENTED_EDGE('',*,*,#1519,.F.);
#1519 = EDGE_CURVE('',#471,#1512,#1520,.T.);
#1520 = LINE('',#1521,#1522);
#1521 = CARTESIAN_POINT('',(-21.37,-7.25,-27.5));
#1522 = VECTOR('',#1523,1.);
#1523 = DIRECTION('',(-1.,5.1081784197E-15,-4.056261722236E-30));
#1524 = PLANE('',#1525);
#1525 = AXIS2_PLACEMENT_3D('',#1526,#1527,#1528);
#1526 = CARTESIAN_POINT('',(-21.37,-8.75,-26.));
#1527 = DIRECTION('',(-5.859815082632E-16,-0.707106781187,
    -0.707106781187));
#1528 = DIRECTION('',(-1.,3.634574522768E-15,-1.473603896932E-15));
#1529 = ADVANCED_FACE('',(#1530,#1580,#1591),#1602,.T.);
#1530 = FACE_BOUND('',#1531,.T.);
#1531 = EDGE_LOOP('',(#1532,#1542,#1550,#1556,#1557,#1558,#1566,#1574));
#1532 = ORIENTED_EDGE('',*,*,#1533,.T.);
#1533 = EDGE_CURVE('',#1534,#1536,#1538,.T.);
#1534 = VERTEX_POINT('',#1535);
#1535 = CARTESIAN_POINT('',(17.85,53.5,-27.5));
#1536 = VERTEX_POINT('',#1537);
#1537 = CARTESIAN_POINT('',(21.85,53.5,-27.5));
#1538 = LINE('',#1539,#1540);
#1539 = CARTESIAN_POINT('',(17.85,53.5,-27.5));
#1540 = VECTOR('',#1541,1.);
#1541 = DIRECTION('',(1.,-5.1081784197E-15,4.056261722236E-30));
#1542 = ORIENTED_EDGE('',*,*,#1543,.T.);
#1543 = EDGE_CURVE('',#1536,#1544,#1546,.T.);
#1544 = VERTEX_POINT('',#1545);
#1545 = CARTESIAN_POINT('',(21.85,11.25,-27.5));
#1546 = LINE('',#1547,#1548);
#1547 = CARTESIAN_POINT('',(21.85,37.25,-27.5));
#1548 = VECTOR('',#1549,1.);
#1549 = DIRECTION('',(-1.552044604925E-15,-1.,4.2181784197E-15));
#1550 = ORIENTED_EDGE('',*,*,#1551,.F.);
#1551 = EDGE_CURVE('',#479,#1544,#1552,.T.);
#1552 = LINE('',#1553,#1554);
#1553 = CARTESIAN_POINT('',(-21.37,11.25,-27.5));
#1554 = VECTOR('',#1555,1.);
#1555 = DIRECTION('',(1.,-3.3281784197E-15,4.4E-16));
#1556 = ORIENTED_EDGE('',*,*,#478,.F.);
#1557 = ORIENTED_EDGE('',*,*,#1519,.T.);
#1558 = ORIENTED_EDGE('',*,*,#1559,.T.);
#1559 = EDGE_CURVE('',#1512,#1560,#1562,.T.);
#1560 = VERTEX_POINT('',#1561);
#1561 = CARTESIAN_POINT('',(-22.37,46.5,-27.5));
#1562 = LINE('',#1563,#1564);
#1563 = CARTESIAN_POINT('',(-22.37,-10.25,-27.5));
#1564 = VECTOR('',#1565,1.);
#1565 = DIRECTION('',(1.552044604925E-15,1.,-5.1081784197E-15));
#1566 = ORIENTED_EDGE('',*,*,#1567,.T.);
#1567 = EDGE_CURVE('',#1560,#1568,#1570,.T.);
#1568 = VERTEX_POINT('',#1569);
#1569 = CARTESIAN_POINT('',(17.85,46.5,-27.5));
#1570 = LINE('',#1571,#1572);
#1571 = CARTESIAN_POINT('',(-25.37,46.5,-27.5));
#1572 = VECTOR('',#1573,1.);
#1573 = DIRECTION('',(1.,-5.1081784197E-15,4.056261722236E-30));
#1574 = ORIENTED_EDGE('',*,*,#1575,.F.);
#1575 = EDGE_CURVE('',#1534,#1568,#1576,.T.);
#1576 = LINE('',#1577,#1578);
#1577 = CARTESIAN_POINT('',(17.85,36.739125427744,-27.5));
#1578 = VECTOR('',#1579,1.);
#1579 = DIRECTION('',(-4.442044604925E-15,-1.,5.3381784197E-15));
#1580 = FACE_BOUND('',#1581,.T.);
#1581 = EDGE_LOOP('',(#1582));
#1582 = ORIENTED_EDGE('',*,*,#1583,.F.);
#1583 = EDGE_CURVE('',#1584,#1584,#1586,.T.);
#1584 = VERTEX_POINT('',#1585);
#1585 = CARTESIAN_POINT('',(19.,42.75,-27.5));
#1586 = CIRCLE('',#1587,1.5);
#1587 = AXIS2_PLACEMENT_3D('',#1588,#1589,#1590);
#1588 = CARTESIAN_POINT('',(17.5,42.75,-27.5));
#1589 = DIRECTION('',(-4.03342579292E-30,-4.8881784197E-15,-1.));
#1590 = DIRECTION('',(1.,-8.881784197001E-16,3.08148791102E-31));
#1591 = FACE_BOUND('',#1592,.T.);
#1592 = EDGE_LOOP('',(#1593));
#1593 = ORIENTED_EDGE('',*,*,#1594,.F.);
#1594 = EDGE_CURVE('',#1595,#1595,#1597,.T.);
#1595 = VERTEX_POINT('',#1596);
#1596 = CARTESIAN_POINT('',(-16.,42.75,-27.5));
#1597 = CIRCLE('',#1598,1.5);
#1598 = AXIS2_PLACEMENT_3D('',#1599,#1600,#1601);
#1599 = CARTESIAN_POINT('',(-17.5,42.75,-27.5));
#1600 = DIRECTION('',(-4.03342579292E-30,-4.8881784197E-15,-1.));
#1601 = DIRECTION('',(1.,-8.881784197001E-16,3.08148791102E-31));
#1602 = PLANE('',#1603);
#1603 = AXIS2_PLACEMENT_3D('',#1604,#1605,#1606);
#1604 = CARTESIAN_POINT('',(-2.613250855488,23.978250855488,-27.5));
#1605 = DIRECTION('',(6.661338147751E-16,-3.792044604925E-15,-1.));
#1606 = DIRECTION('',(-2.22044604925E-16,-1.,4.4581784197E-15));
#1607 = ADVANCED_FACE('',(#1608),#1681,.F.);
#1608 = FACE_BOUND('',#1609,.T.);
#1609 = EDGE_LOOP('',(#1610,#1618,#1619,#1620,#1628,#1636,#1644,#1652,
    #1660,#1666,#1667,#1675));
#1610 = ORIENTED_EDGE('',*,*,#1611,.T.);
#1611 = EDGE_CURVE('',#1612,#487,#1614,.T.);
#1612 = VERTEX_POINT('',#1613);
#1613 = CARTESIAN_POINT('',(-11.87,11.25,-26.5));
#1614 = LINE('',#1615,#1616);
#1615 = CARTESIAN_POINT('',(-11.87,11.25,-26.5));
#1616 = VECTOR('',#1617,1.);
#1617 = DIRECTION('',(-1.,3.3281784197E-15,-4.4E-16));
#1618 = ORIENTED_EDGE('',*,*,#486,.T.);
#1619 = ORIENTED_EDGE('',*,*,#1551,.T.);
#1620 = ORIENTED_EDGE('',*,*,#1621,.T.);
#1621 = EDGE_CURVE('',#1544,#1622,#1624,.T.);
#1622 = VERTEX_POINT('',#1623);
#1623 = CARTESIAN_POINT('',(21.85,11.25,-26.5));
#1624 = LINE('',#1625,#1626);
#1625 = CARTESIAN_POINT('',(21.85,11.25,-27.5));
#1626 = VECTOR('',#1627,1.);
#1627 = DIRECTION('',(-1.106133814775E-15,-2.967955395075E-15,1.));
#1628 = ORIENTED_EDGE('',*,*,#1629,.T.);
#1629 = EDGE_CURVE('',#1622,#1630,#1632,.T.);
#1630 = VERTEX_POINT('',#1631);
#1631 = CARTESIAN_POINT('',(12.349999999943,11.25,-26.5));
#1632 = LINE('',#1633,#1634);
#1633 = CARTESIAN_POINT('',(21.85,11.25,-26.5));
#1634 = VECTOR('',#1635,1.);
#1635 = DIRECTION('',(-1.,3.3281784197E-15,-4.4E-16));
#1636 = ORIENTED_EDGE('',*,*,#1637,.F.);
#1637 = EDGE_CURVE('',#1638,#1630,#1640,.T.);
#1638 = VERTEX_POINT('',#1639);
#1639 = CARTESIAN_POINT('',(12.349999999943,11.25,-23.));
#1640 = LINE('',#1641,#1642);
#1641 = CARTESIAN_POINT('',(12.349999999943,11.25,-23.));
#1642 = VECTOR('',#1643,1.);
#1643 = DIRECTION('',(1.106133814775E-15,2.967955395075E-15,-1.));
#1644 = ORIENTED_EDGE('',*,*,#1645,.F.);
#1645 = EDGE_CURVE('',#1646,#1638,#1648,.T.);
#1646 = VERTEX_POINT('',#1647);
#1647 = CARTESIAN_POINT('',(21.85,11.25,-23.));
#1648 = LINE('',#1649,#1650);
#1649 = CARTESIAN_POINT('',(21.85,11.25,-23.));
#1650 = VECTOR('',#1651,1.);
#1651 = DIRECTION('',(-1.,3.3281784197E-15,-4.4E-16));
#1652 = ORIENTED_EDGE('',*,*,#1653,.F.);
#1653 = EDGE_CURVE('',#1654,#1646,#1656,.T.);
#1654 = VERTEX_POINT('',#1655);
#1655 = CARTESIAN_POINT('',(21.85,11.25,-22.));
#1656 = LINE('',#1657,#1658);
#1657 = CARTESIAN_POINT('',(21.85,11.25,-22.));
#1658 = VECTOR('',#1659,1.);
#1659 = DIRECTION('',(1.106133814775E-15,2.967955395075E-15,-1.));
#1660 = ORIENTED_EDGE('',*,*,#1661,.F.);
#1661 = EDGE_CURVE('',#519,#1654,#1662,.T.);
#1662 = LINE('',#1663,#1664);
#1663 = CARTESIAN_POINT('',(-21.37,11.25,-22.));
#1664 = VECTOR('',#1665,1.);
#1665 = DIRECTION('',(1.,-3.3281784197E-15,4.4E-16));
#1666 = ORIENTED_EDGE('',*,*,#518,.F.);
#1667 = ORIENTED_EDGE('',*,*,#1668,.F.);
#1668 = EDGE_CURVE('',#1669,#511,#1671,.T.);
#1669 = VERTEX_POINT('',#1670);
#1670 = CARTESIAN_POINT('',(-11.87000000002,11.25,-23.));
#1671 = LINE('',#1672,#1673);
#1672 = CARTESIAN_POINT('',(-11.87000000002,11.25,-23.));
#1673 = VECTOR('',#1674,1.);
#1674 = DIRECTION('',(-1.,3.3281784197E-15,-4.4E-16));
#1675 = ORIENTED_EDGE('',*,*,#1676,.F.);
#1676 = EDGE_CURVE('',#1612,#1669,#1677,.T.);
#1677 = LINE('',#1678,#1679);
#1678 = CARTESIAN_POINT('',(-11.87,11.25,-26.5));
#1679 = VECTOR('',#1680,1.);
#1680 = DIRECTION('',(-8.226146133815E-12,-2.967955395051E-15,1.));
#1681 = PLANE('',#1682);
#1682 = AXIS2_PLACEMENT_3D('',#1683,#1684,#1685);
#1683 = CARTESIAN_POINT('',(0.240000000011,11.25,-24.75));
#1684 = DIRECTION('',(1.312044604925E-15,1.,2.4818215803E-15));
#1685 = DIRECTION('',(-1.556133814775E-15,-3.147955395075E-15,1.));
#1686 = ADVANCED_FACE('',(#1687,#1705),#1716,.T.);
#1687 = FACE_BOUND('',#1688,.F.);
#1688 = EDGE_LOOP('',(#1689,#1697,#1698,#1699));
#1689 = ORIENTED_EDGE('',*,*,#1690,.T.);
#1690 = EDGE_CURVE('',#1691,#1612,#1693,.T.);
#1691 = VERTEX_POINT('',#1692);
#1692 = CARTESIAN_POINT('',(-11.87,1.25,-26.5));
#1693 = LINE('',#1694,#1695);
#1694 = CARTESIAN_POINT('',(-11.87,1.25,-26.5));
#1695 = VECTOR('',#1696,1.);
#1696 = DIRECTION('',(1.542044604925E-15,1.,2.4818215803E-15));
#1697 = ORIENTED_EDGE('',*,*,#1611,.T.);
#1698 = ORIENTED_EDGE('',*,*,#494,.F.);
#1699 = ORIENTED_EDGE('',*,*,#1700,.F.);
#1700 = EDGE_CURVE('',#1691,#495,#1701,.T.);
#1701 = LINE('',#1702,#1703);
#1702 = CARTESIAN_POINT('',(-11.87,1.25,-26.5));
#1703 = VECTOR('',#1704,1.);
#1704 = DIRECTION('',(-1.,3.3281784197E-15,-4.4E-16));
#1705 = FACE_BOUND('',#1706,.F.);
#1706 = EDGE_LOOP('',(#1707));
#1707 = ORIENTED_EDGE('',*,*,#1708,.T.);
#1708 = EDGE_CURVE('',#1709,#1709,#1711,.T.);
#1709 = VERTEX_POINT('',#1710);
#1710 = CARTESIAN_POINT('',(-16.,7.75,-26.5));
#1711 = CIRCLE('',#1712,1.5);
#1712 = AXIS2_PLACEMENT_3D('',#1713,#1714,#1715);
#1713 = CARTESIAN_POINT('',(-17.5,7.75,-26.5));
#1714 = DIRECTION('',(-4.03342579292E-30,-4.8881784197E-15,-1.));
#1715 = DIRECTION('',(1.,-1.3281784197E-15,2.45894729577E-30));
#1716 = PLANE('',#1717);
#1717 = AXIS2_PLACEMENT_3D('',#1718,#1719,#1720);
#1718 = CARTESIAN_POINT('',(-11.87,1.25,-26.5));
#1719 = DIRECTION('',(1.556133814775E-15,3.147955395075E-15,-1.));
#1720 = DIRECTION('',(1.,-2.8681784197E-15,8.9E-16));
#1721 = ADVANCED_FACE('',(#1722),#1740,.F.);
#1722 = FACE_BOUND('',#1723,.F.);
#1723 = EDGE_LOOP('',(#1724,#1725,#1726,#1734));
#1724 = ORIENTED_EDGE('',*,*,#1700,.T.);
#1725 = ORIENTED_EDGE('',*,*,#502,.F.);
#1726 = ORIENTED_EDGE('',*,*,#1727,.F.);
#1727 = EDGE_CURVE('',#1728,#503,#1730,.T.);
#1728 = VERTEX_POINT('',#1729);
#1729 = CARTESIAN_POINT('',(-11.87000000002,1.25,-23.));
#1730 = LINE('',#1731,#1732);
#1731 = CARTESIAN_POINT('',(-11.87000000002,1.25,-23.));
#1732 = VECTOR('',#1733,1.);
#1733 = DIRECTION('',(-1.,3.3281784197E-15,-4.4E-16));
#1734 = ORIENTED_EDGE('',*,*,#1735,.F.);
#1735 = EDGE_CURVE('',#1691,#1728,#1736,.T.);
#1736 = LINE('',#1737,#1738);
#1737 = CARTESIAN_POINT('',(-11.87,1.25,-26.5));
#1738 = VECTOR('',#1739,1.);
#1739 = DIRECTION('',(-8.226146133815E-12,-2.967955395051E-15,1.));
#1740 = PLANE('',#1741);
#1741 = AXIS2_PLACEMENT_3D('',#1742,#1743,#1744);
#1742 = CARTESIAN_POINT('',(0.24,1.25,-2.579022302463E-14));
#1743 = DIRECTION('',(1.542044604925E-15,1.,-4.0381784197E-15));
#1744 = DIRECTION('',(-6.661338147751E-16,3.372044604925E-15,1.));
#1745 = ADVANCED_FACE('',(#1746,#1757),#1768,.F.);
#1746 = FACE_BOUND('',#1747,.T.);
#1747 = EDGE_LOOP('',(#1748,#1754,#1755,#1756));
#1748 = ORIENTED_EDGE('',*,*,#1749,.T.);
#1749 = EDGE_CURVE('',#1728,#1669,#1750,.T.);
#1750 = LINE('',#1751,#1752);
#1751 = CARTESIAN_POINT('',(-11.87000000002,1.25,-23.));
#1752 = VECTOR('',#1753,1.);
#1753 = DIRECTION('',(1.542044604925E-15,1.,2.4818215803E-15));
#1754 = ORIENTED_EDGE('',*,*,#1668,.T.);
#1755 = ORIENTED_EDGE('',*,*,#510,.F.);
#1756 = ORIENTED_EDGE('',*,*,#1727,.F.);
#1757 = FACE_BOUND('',#1758,.T.);
#1758 = EDGE_LOOP('',(#1759));
#1759 = ORIENTED_EDGE('',*,*,#1760,.T.);
#1760 = EDGE_CURVE('',#1761,#1761,#1763,.T.);
#1761 = VERTEX_POINT('',#1762);
#1762 = CARTESIAN_POINT('',(-16.,7.75,-23.));
#1763 = CIRCLE('',#1764,1.5);
#1764 = AXIS2_PLACEMENT_3D('',#1765,#1766,#1767);
#1765 = CARTESIAN_POINT('',(-17.5,7.75,-23.));
#1766 = DIRECTION('',(-4.03342579292E-30,-4.8881784197E-15,-1.));
#1767 = DIRECTION('',(1.,-1.3281784197E-15,2.45894729577E-30));
#1768 = PLANE('',#1769);
#1769 = AXIS2_PLACEMENT_3D('',#1770,#1771,#1772);
#1770 = CARTESIAN_POINT('',(-11.87000000002,1.25,-23.));
#1771 = DIRECTION('',(1.556133814775E-15,3.147955395075E-15,-1.));
#1772 = DIRECTION('',(1.,-2.8681784197E-15,8.9E-16));
#1773 = ADVANCED_FACE('',(#1774),#1824,.F.);
#1774 = FACE_BOUND('',#1775,.F.);
#1775 = EDGE_LOOP('',(#1776,#1786,#1794,#1800,#1801,#1802,#1810,#1818));
#1776 = ORIENTED_EDGE('',*,*,#1777,.F.);
#1777 = EDGE_CURVE('',#1778,#1780,#1782,.T.);
#1778 = VERTEX_POINT('',#1779);
#1779 = CARTESIAN_POINT('',(14.63,24.5,-22.));
#1780 = VERTEX_POINT('',#1781);
#1781 = CARTESIAN_POINT('',(14.63,31.250000000001,-22.));
#1782 = LINE('',#1783,#1784);
#1783 = CARTESIAN_POINT('',(14.63,34.250000000001,-22.));
#1784 = VECTOR('',#1785,1.);
#1785 = DIRECTION('',(3.292044604925E-15,1.,-4.2181784197E-15));
#1786 = ORIENTED_EDGE('',*,*,#1787,.T.);
#1787 = EDGE_CURVE('',#1778,#1788,#1790,.T.);
#1788 = VERTEX_POINT('',#1789);
#1789 = CARTESIAN_POINT('',(21.85,24.5,-22.));
#1790 = LINE('',#1791,#1792);
#1791 = CARTESIAN_POINT('',(21.85,24.5,-22.));
#1792 = VECTOR('',#1793,1.);
#1793 = DIRECTION('',(1.,-2.2181784197E-15,2.2E-16));
#1794 = ORIENTED_EDGE('',*,*,#1795,.T.);
#1795 = EDGE_CURVE('',#1788,#1654,#1796,.T.);
#1796 = LINE('',#1797,#1798);
#1797 = CARTESIAN_POINT('',(21.85,37.25,-22.));
#1798 = VECTOR('',#1799,1.);
#1799 = DIRECTION('',(-1.552044604925E-15,-1.,4.2181784197E-15));
#1800 = ORIENTED_EDGE('',*,*,#1661,.F.);
#1801 = ORIENTED_EDGE('',*,*,#526,.F.);
#1802 = ORIENTED_EDGE('',*,*,#1803,.F.);
#1803 = EDGE_CURVE('',#1804,#527,#1806,.T.);
#1804 = VERTEX_POINT('',#1805);
#1805 = CARTESIAN_POINT('',(-10.87,37.25,-22.));
#1806 = LINE('',#1807,#1808);
#1807 = CARTESIAN_POINT('',(21.85,37.25,-22.));
#1808 = VECTOR('',#1809,1.);
#1809 = DIRECTION('',(-1.,1.8881784197E-15,-1.196327210802E-30));
#1810 = ORIENTED_EDGE('',*,*,#1811,.T.);
#1811 = EDGE_CURVE('',#1804,#1812,#1814,.T.);
#1812 = VERTEX_POINT('',#1813);
#1813 = CARTESIAN_POINT('',(-10.87,31.25,-22.));
#1814 = LINE('',#1815,#1816);
#1815 = CARTESIAN_POINT('',(-10.87,34.25,-22.));
#1816 = VECTOR('',#1817,1.);
#1817 = DIRECTION('',(-3.552044604925E-15,-1.,4.2181784197E-15));
#1818 = ORIENTED_EDGE('',*,*,#1819,.T.);
#1819 = EDGE_CURVE('',#1812,#1780,#1820,.T.);
#1820 = LINE('',#1821,#1822);
#1821 = CARTESIAN_POINT('',(11.865,31.250000000001,-22.));
#1822 = VECTOR('',#1823,1.);
#1823 = DIRECTION('',(1.,4.69918215803E-14,2.2E-16));
#1824 = PLANE('',#1825);
#1825 = AXIS2_PLACEMENT_3D('',#1826,#1827,#1828);
#1826 = CARTESIAN_POINT('',(21.85,37.25,-22.));
#1827 = DIRECTION('',(8.861338147751E-16,-3.552044604925E-15,-1.));
#1828 = DIRECTION('',(-1.,2.4381784197E-15,-2.2E-16));
#1829 = ADVANCED_FACE('',(#1830),#1848,.T.);
#1830 = FACE_BOUND('',#1831,.T.);
#1831 = EDGE_LOOP('',(#1832,#1833,#1841,#1847));
#1832 = ORIENTED_EDGE('',*,*,#1803,.F.);
#1833 = ORIENTED_EDGE('',*,*,#1834,.T.);
#1834 = EDGE_CURVE('',#1804,#1835,#1837,.T.);
#1835 = VERTEX_POINT('',#1836);
#1836 = CARTESIAN_POINT('',(-10.87,37.25,22.));
#1837 = LINE('',#1838,#1839);
#1838 = CARTESIAN_POINT('',(-10.87,37.25,-27.5));
#1839 = VECTOR('',#1840,1.);
#1840 = DIRECTION('',(-8.861338147751E-16,2.22044604925E-16,1.));
#1841 = ORIENTED_EDGE('',*,*,#1842,.F.);
#1842 = EDGE_CURVE('',#535,#1835,#1843,.T.);
#1843 = LINE('',#1844,#1845);
#1844 = CARTESIAN_POINT('',(-21.37,37.25,22.));
#1845 = VECTOR('',#1846,1.);
#1846 = DIRECTION('',(1.,-1.8881784197E-15,1.196327210802E-30));
#1847 = ORIENTED_EDGE('',*,*,#534,.F.);
#1848 = PLANE('',#1849);
#1849 = AXIS2_PLACEMENT_3D('',#1850,#1851,#1852);
#1850 = CARTESIAN_POINT('',(-10.87,37.25,-27.5));
#1851 = DIRECTION('',(-4.42044604925E-16,-1.,8.881784197001E-16));
#1852 = DIRECTION('',(-1.,1.1081784197E-15,-5.03548043436E-31));
#1853 = ADVANCED_FACE('',(#1854),#1904,.F.);
#1854 = FACE_BOUND('',#1855,.F.);
#1855 = EDGE_LOOP('',(#1856,#1857,#1858,#1866,#1874,#1882,#1890,#1898));
#1856 = ORIENTED_EDGE('',*,*,#1842,.F.);
#1857 = ORIENTED_EDGE('',*,*,#542,.T.);
#1858 = ORIENTED_EDGE('',*,*,#1859,.T.);
#1859 = EDGE_CURVE('',#543,#1860,#1862,.T.);
#1860 = VERTEX_POINT('',#1861);
#1861 = CARTESIAN_POINT('',(21.85,11.25,22.));
#1862 = LINE('',#1863,#1864);
#1863 = CARTESIAN_POINT('',(-21.37,11.25,22.));
#1864 = VECTOR('',#1865,1.);
#1865 = DIRECTION('',(1.,-2.8881784197E-15,2.084505630502E-30));
#1866 = ORIENTED_EDGE('',*,*,#1867,.F.);
#1867 = EDGE_CURVE('',#1868,#1860,#1870,.T.);
#1868 = VERTEX_POINT('',#1869);
#1869 = CARTESIAN_POINT('',(21.85,24.5,22.));
#1870 = LINE('',#1871,#1872);
#1871 = CARTESIAN_POINT('',(21.85,37.25,22.));
#1872 = VECTOR('',#1873,1.);
#1873 = DIRECTION('',(-1.552044604925E-15,-1.,4.2181784197E-15));
#1874 = ORIENTED_EDGE('',*,*,#1875,.T.);
#1875 = EDGE_CURVE('',#1868,#1876,#1878,.T.);
#1876 = VERTEX_POINT('',#1877);
#1877 = CARTESIAN_POINT('',(14.63,24.5,22.));
#1878 = LINE('',#1879,#1880);
#1879 = CARTESIAN_POINT('',(0.24,24.5,22.));
#1880 = VECTOR('',#1881,1.);
#1881 = DIRECTION('',(-1.,2.2181784197E-15,-2.2E-16));
#1882 = ORIENTED_EDGE('',*,*,#1883,.F.);
#1883 = EDGE_CURVE('',#1884,#1876,#1886,.T.);
#1884 = VERTEX_POINT('',#1885);
#1885 = CARTESIAN_POINT('',(14.63,31.250000000001,22.));
#1886 = LINE('',#1887,#1888);
#1887 = CARTESIAN_POINT('',(14.63,34.250000000001,22.));
#1888 = VECTOR('',#1889,1.);
#1889 = DIRECTION('',(-3.292044604925E-15,-1.,4.2181784197E-15));
#1890 = ORIENTED_EDGE('',*,*,#1891,.T.);
#1891 = EDGE_CURVE('',#1884,#1892,#1894,.T.);
#1892 = VERTEX_POINT('',#1893);
#1893 = CARTESIAN_POINT('',(-10.87,31.25,22.));
#1894 = LINE('',#1895,#1896);
#1895 = CARTESIAN_POINT('',(-9.745,31.25,22.));
#1896 = VECTOR('',#1897,1.);
#1897 = DIRECTION('',(-1.,-4.69918215803E-14,-2.2E-16));
#1898 = ORIENTED_EDGE('',*,*,#1899,.T.);
#1899 = EDGE_CURVE('',#1892,#1835,#1900,.T.);
#1900 = LINE('',#1901,#1902);
#1901 = CARTESIAN_POINT('',(-10.87,34.25,22.));
#1902 = VECTOR('',#1903,1.);
#1903 = DIRECTION('',(3.552044604925E-15,1.,-4.2181784197E-15));
#1904 = PLANE('',#1905);
#1905 = AXIS2_PLACEMENT_3D('',#1906,#1907,#1908);
#1906 = CARTESIAN_POINT('',(-21.37,37.25,22.));
#1907 = DIRECTION('',(-8.861338147751E-16,3.552044604925E-15,1.));
#1908 = DIRECTION('',(1.,-2.4381784197E-15,2.2E-16));
#1909 = ADVANCED_FACE('',(#1910),#1976,.F.);
#1910 = FACE_BOUND('',#1911,.F.);
#1911 = EDGE_LOOP('',(#1912,#1920,#1921,#1922,#1930,#1938,#1946,#1954,
    #1960,#1961,#1962,#1970));
#1912 = ORIENTED_EDGE('',*,*,#1913,.T.);
#1913 = EDGE_CURVE('',#1914,#575,#1916,.T.);
#1914 = VERTEX_POINT('',#1915);
#1915 = CARTESIAN_POINT('',(-11.87,11.25,26.5));
#1916 = LINE('',#1917,#1918);
#1917 = CARTESIAN_POINT('',(-11.87,11.25,26.5));
#1918 = VECTOR('',#1919,1.);
#1919 = DIRECTION('',(-1.,2.8881784197E-15,-2.084505630502E-30));
#1920 = ORIENTED_EDGE('',*,*,#582,.T.);
#1921 = ORIENTED_EDGE('',*,*,#1377,.T.);
#1922 = ORIENTED_EDGE('',*,*,#1923,.T.);
#1923 = EDGE_CURVE('',#1378,#1924,#1926,.T.);
#1924 = VERTEX_POINT('',#1925);
#1925 = CARTESIAN_POINT('',(21.85,11.25,26.5));
#1926 = LINE('',#1927,#1928);
#1927 = CARTESIAN_POINT('',(21.85,11.25,27.5));
#1928 = VECTOR('',#1929,1.);
#1929 = DIRECTION('',(6.661338147751E-16,-4.222044604925E-15,-1.));
#1930 = ORIENTED_EDGE('',*,*,#1931,.T.);
#1931 = EDGE_CURVE('',#1924,#1932,#1934,.T.);
#1932 = VERTEX_POINT('',#1933);
#1933 = CARTESIAN_POINT('',(12.349999999943,11.25,26.5));
#1934 = LINE('',#1935,#1936);
#1935 = CARTESIAN_POINT('',(21.85,11.25,26.5));
#1936 = VECTOR('',#1937,1.);
#1937 = DIRECTION('',(-1.,2.8881784197E-15,-2.084505630502E-30));
#1938 = ORIENTED_EDGE('',*,*,#1939,.F.);
#1939 = EDGE_CURVE('',#1940,#1932,#1942,.T.);
#1940 = VERTEX_POINT('',#1941);
#1941 = CARTESIAN_POINT('',(12.349999999943,11.25,23.));
#1942 = LINE('',#1943,#1944);
#1943 = CARTESIAN_POINT('',(12.349999999943,11.25,23.));
#1944 = VECTOR('',#1945,1.);
#1945 = DIRECTION('',(-6.661338147751E-16,4.222044604925E-15,1.));
#1946 = ORIENTED_EDGE('',*,*,#1947,.F.);
#1947 = EDGE_CURVE('',#1948,#1940,#1950,.T.);
#1948 = VERTEX_POINT('',#1949);
#1949 = CARTESIAN_POINT('',(21.85,11.25,23.));
#1950 = LINE('',#1951,#1952);
#1951 = CARTESIAN_POINT('',(21.85,11.25,23.));
#1952 = VECTOR('',#1953,1.);
#1953 = DIRECTION('',(-1.,2.8881784197E-15,-2.084505630502E-30));
#1954 = ORIENTED_EDGE('',*,*,#1955,.F.);
#1955 = EDGE_CURVE('',#1860,#1948,#1956,.T.);
#1956 = LINE('',#1957,#1958);
#1957 = CARTESIAN_POINT('',(21.85,11.25,22.));
#1958 = VECTOR('',#1959,1.);
#1959 = DIRECTION('',(-6.661338147751E-16,4.222044604925E-15,1.));
#1960 = ORIENTED_EDGE('',*,*,#1859,.F.);
#1961 = ORIENTED_EDGE('',*,*,#550,.F.);
#1962 = ORIENTED_EDGE('',*,*,#1963,.F.);
#1963 = EDGE_CURVE('',#1964,#551,#1966,.T.);
#1964 = VERTEX_POINT('',#1965);
#1965 = CARTESIAN_POINT('',(-11.87000000002,11.25,23.));
#1966 = LINE('',#1967,#1968);
#1967 = CARTESIAN_POINT('',(-11.87000000002,11.25,23.));
#1968 = VECTOR('',#1969,1.);
#1969 = DIRECTION('',(-1.,2.8881784197E-15,-2.084505630502E-30));
#1970 = ORIENTED_EDGE('',*,*,#1971,.F.);
#1971 = EDGE_CURVE('',#1914,#1964,#1972,.T.);
#1972 = LINE('',#1973,#1974);
#1973 = CARTESIAN_POINT('',(-11.87,11.25,26.5));
#1974 = VECTOR('',#1975,1.);
#1975 = DIRECTION('',(-8.224373866185E-12,-4.222044604901E-15,-1.));
#1976 = PLANE('',#1977);
#1977 = AXIS2_PLACEMENT_3D('',#1978,#1979,#1980);
#1978 = CARTESIAN_POINT('',(0.240000000011,11.25,24.75));
#1979 = DIRECTION('',(1.762044604925E-15,1.,-4.7081784197E-15));
#1980 = DIRECTION('',(-6.661338147751E-16,4.042044604925E-15,1.));
#1981 = ADVANCED_FACE('',(#1982,#2000),#2011,.F.);
#1982 = FACE_BOUND('',#1983,.F.);
#1983 = EDGE_LOOP('',(#1984,#1992,#1993,#1994));
#1984 = ORIENTED_EDGE('',*,*,#1985,.T.);
#1985 = EDGE_CURVE('',#1986,#1964,#1988,.T.);
#1986 = VERTEX_POINT('',#1987);
#1987 = CARTESIAN_POINT('',(-11.87000000002,1.25,23.));
#1988 = LINE('',#1989,#1990);
#1989 = CARTESIAN_POINT('',(-11.87000000002,1.25,23.));
#1990 = VECTOR('',#1991,1.);
#1991 = DIRECTION('',(1.762044604925E-15,1.,-4.9281784197E-15));
#1992 = ORIENTED_EDGE('',*,*,#1963,.T.);
#1993 = ORIENTED_EDGE('',*,*,#558,.F.);
#1994 = ORIENTED_EDGE('',*,*,#1995,.F.);
#1995 = EDGE_CURVE('',#1986,#559,#1996,.T.);
#1996 = LINE('',#1997,#1998);
#1997 = CARTESIAN_POINT('',(-11.87000000002,1.25,23.));
#1998 = VECTOR('',#1999,1.);
#1999 = DIRECTION('',(-1.,2.8881784197E-15,-2.084505630502E-30));
#2000 = FACE_BOUND('',#2001,.F.);
#2001 = EDGE_LOOP('',(#2002));
#2002 = ORIENTED_EDGE('',*,*,#2003,.F.);
#2003 = EDGE_CURVE('',#2004,#2004,#2006,.T.);
#2004 = VERTEX_POINT('',#2005);
#2005 = CARTESIAN_POINT('',(-16.,7.75,23.));
#2006 = CIRCLE('',#2007,1.5);
#2007 = AXIS2_PLACEMENT_3D('',#2008,#2009,#2010);
#2008 = CARTESIAN_POINT('',(-17.5,7.75,23.));
#2009 = DIRECTION('',(-1.44E-15,-2.5518215803E-15,1.));
#2010 = DIRECTION('',(1.,-1.5581784197E-15,1.44E-15));
#2011 = PLANE('',#2012);
#2012 = AXIS2_PLACEMENT_3D('',#2013,#2014,#2015);
#2013 = CARTESIAN_POINT('',(-11.87000000002,1.25,23.));
#2014 = DIRECTION('',(-8.861338147751E-16,4.262044604925E-15,1.));
#2015 = DIRECTION('',(-1.,2.6481784197E-15,-2.2E-16));
#2016 = ADVANCED_FACE('',(#2017),#2035,.F.);
#2017 = FACE_BOUND('',#2018,.F.);
#2018 = EDGE_LOOP('',(#2019,#2020,#2028,#2034));
#2019 = ORIENTED_EDGE('',*,*,#566,.F.);
#2020 = ORIENTED_EDGE('',*,*,#2021,.F.);
#2021 = EDGE_CURVE('',#2022,#567,#2024,.T.);
#2022 = VERTEX_POINT('',#2023);
#2023 = CARTESIAN_POINT('',(-11.87,1.25,26.5));
#2024 = LINE('',#2025,#2026);
#2025 = CARTESIAN_POINT('',(-11.87,1.25,26.5));
#2026 = VECTOR('',#2027,1.);
#2027 = DIRECTION('',(-1.,2.8881784197E-15,-2.084505630502E-30));
#2028 = ORIENTED_EDGE('',*,*,#2029,.T.);
#2029 = EDGE_CURVE('',#2022,#1986,#2030,.T.);
#2030 = LINE('',#2031,#2032);
#2031 = CARTESIAN_POINT('',(-11.87,1.25,26.5));
#2032 = VECTOR('',#2033,1.);
#2033 = DIRECTION('',(-8.224373866185E-12,-4.222044604901E-15,-1.));
#2034 = ORIENTED_EDGE('',*,*,#1995,.T.);
#2035 = PLANE('',#2036);
#2036 = AXIS2_PLACEMENT_3D('',#2037,#2038,#2039);
#2037 = CARTESIAN_POINT('',(0.24,1.25,-2.579022302463E-14));
#2038 = DIRECTION('',(1.542044604925E-15,1.,-4.0381784197E-15));
#2039 = DIRECTION('',(-6.661338147751E-16,3.372044604925E-15,1.));
#2040 = ADVANCED_FACE('',(#2041,#2052),#2063,.T.);
#2041 = FACE_BOUND('',#2042,.T.);
#2042 = EDGE_LOOP('',(#2043,#2049,#2050,#2051));
#2043 = ORIENTED_EDGE('',*,*,#2044,.T.);
#2044 = EDGE_CURVE('',#2022,#1914,#2045,.T.);
#2045 = LINE('',#2046,#2047);
#2046 = CARTESIAN_POINT('',(-11.87,1.25,26.5));
#2047 = VECTOR('',#2048,1.);
#2048 = DIRECTION('',(1.762044604925E-15,1.,-4.9281784197E-15));
#2049 = ORIENTED_EDGE('',*,*,#1913,.T.);
#2050 = ORIENTED_EDGE('',*,*,#574,.F.);
#2051 = ORIENTED_EDGE('',*,*,#2021,.F.);
#2052 = FACE_BOUND('',#2053,.T.);
#2053 = EDGE_LOOP('',(#2054));
#2054 = ORIENTED_EDGE('',*,*,#2055,.F.);
#2055 = EDGE_CURVE('',#2056,#2056,#2058,.T.);
#2056 = VERTEX_POINT('',#2057);
#2057 = CARTESIAN_POINT('',(-16.,7.75,26.5));
#2058 = CIRCLE('',#2059,1.5);
#2059 = AXIS2_PLACEMENT_3D('',#2060,#2061,#2062);
#2060 = CARTESIAN_POINT('',(-17.5,7.75,26.5));
#2061 = DIRECTION('',(-1.44E-15,-2.5518215803E-15,1.));
#2062 = DIRECTION('',(1.,-1.5581784197E-15,1.44E-15));
#2063 = PLANE('',#2064);
#2064 = AXIS2_PLACEMENT_3D('',#2065,#2066,#2067);
#2065 = CARTESIAN_POINT('',(-11.87,1.25,26.5));
#2066 = DIRECTION('',(-8.861338147751E-16,4.262044604925E-15,1.));
#2067 = DIRECTION('',(-1.,2.6481784197E-15,-2.2E-16));
#2068 = ADVANCED_FACE('',(#2069),#2102,.T.);
#2069 = FACE_BOUND('',#2070,.T.);
#2070 = EDGE_LOOP('',(#2071,#2081,#2087,#2088,#2096));
#2071 = ORIENTED_EDGE('',*,*,#2072,.F.);
#2072 = EDGE_CURVE('',#2073,#2075,#2077,.T.);
#2073 = VERTEX_POINT('',#2074);
#2074 = CARTESIAN_POINT('',(-24.37,24.25,-12.));
#2075 = VERTEX_POINT('',#2076);
#2076 = CARTESIAN_POINT('',(-24.37,27.25,-12.));
#2077 = LINE('',#2078,#2079);
#2078 = CARTESIAN_POINT('',(-24.37,10.25,-12.));
#2079 = VECTOR('',#2080,1.);
#2080 = DIRECTION('',(2.002044604925E-15,1.,-4.4381784197E-15));
#2081 = ORIENTED_EDGE('',*,*,#2082,.T.);
#2082 = EDGE_CURVE('',#2073,#593,#2083,.T.);
#2083 = LINE('',#2084,#2085);
#2084 = CARTESIAN_POINT('',(-20.36999999999,28.249999999915,-12.));
#2085 = VECTOR('',#2086,1.);
#2086 = DIRECTION('',(0.707106781195,0.707106781178,1.786196301653E-14)
  );
#2087 = ORIENTED_EDGE('',*,*,#590,.F.);
#2088 = ORIENTED_EDGE('',*,*,#2089,.T.);
#2089 = EDGE_CURVE('',#591,#2090,#2092,.T.);
#2090 = VERTEX_POINT('',#2091);
#2091 = CARTESIAN_POINT('',(-23.37,27.25,-12.));
#2092 = LINE('',#2093,#2094);
#2093 = CARTESIAN_POINT('',(-20.86999999999,29.749999999944,-12.));
#2094 = VECTOR('',#2095,1.);
#2095 = DIRECTION('',(-0.707106781195,-0.707106781178,
    -1.786196301653E-14));
#2096 = ORIENTED_EDGE('',*,*,#2097,.T.);
#2097 = EDGE_CURVE('',#2090,#2075,#2098,.T.);
#2098 = LINE('',#2099,#2100);
#2099 = CARTESIAN_POINT('',(-23.61375,27.25,-12.));
#2100 = VECTOR('',#2101,1.);
#2101 = DIRECTION('',(-1.,1.1081784197E-15,-3.114E-14));
#2102 = PLANE('',#2103);
#2103 = AXIS2_PLACEMENT_3D('',#2104,#2105,#2106);
#2104 = CARTESIAN_POINT('',(-22.8575,20.7375,-12.));
#2105 = DIRECTION('',(-3.158613381478E-14,5.112044604925E-15,1.));
#2106 = DIRECTION('',(1.,-8.881784197001E-16,3.092E-14));
#2107 = ADVANCED_FACE('',(#2108),#2126,.T.);
#2108 = FACE_BOUND('',#2109,.T.);
#2109 = EDGE_LOOP('',(#2110,#2118,#2119,#2120));
#2110 = ORIENTED_EDGE('',*,*,#2111,.F.);
#2111 = EDGE_CURVE('',#601,#2112,#2114,.T.);
#2112 = VERTEX_POINT('',#2113);
#2113 = CARTESIAN_POINT('',(-24.37,24.25,12.));
#2114 = LINE('',#2115,#2116);
#2115 = CARTESIAN_POINT('',(-21.37,27.249999999929,12.));
#2116 = VECTOR('',#2117,1.);
#2117 = DIRECTION('',(-0.707106781195,-0.707106781178,
    -1.493283360185E-15));
#2118 = ORIENTED_EDGE('',*,*,#600,.T.);
#2119 = ORIENTED_EDGE('',*,*,#2082,.F.);
#2120 = ORIENTED_EDGE('',*,*,#2121,.F.);
#2121 = EDGE_CURVE('',#2112,#2073,#2122,.T.);
#2122 = LINE('',#2123,#2124);
#2123 = CARTESIAN_POINT('',(-24.37,24.25,12.));
#2124 = VECTOR('',#2125,1.);
#2125 = DIRECTION('',(7.496133814775E-15,-4.612044604925E-15,-1.));
#2126 = PLANE('',#2127);
#2127 = AXIS2_PLACEMENT_3D('',#2128,#2129,#2130);
#2128 = CARTESIAN_POINT('',(-21.37,27.249999999929,12.));
#2129 = DIRECTION('',(-0.707106781178,0.707106781195,-8.558036983481E-15
    ));
#2130 = DIRECTION('',(-0.707106781195,-0.707106781178,
    -7.419630165339E-16));
#2131 = ADVANCED_FACE('',(#2132),#2158,.T.);
#2132 = FACE_BOUND('',#2133,.T.);
#2133 = EDGE_LOOP('',(#2134,#2142,#2150,#2156,#2157));
#2134 = ORIENTED_EDGE('',*,*,#2135,.F.);
#2135 = EDGE_CURVE('',#2136,#2112,#2138,.T.);
#2136 = VERTEX_POINT('',#2137);
#2137 = CARTESIAN_POINT('',(-24.37,27.25,12.));
#2138 = LINE('',#2139,#2140);
#2139 = CARTESIAN_POINT('',(-24.37,31.,12.));
#2140 = VECTOR('',#2141,1.);
#2141 = DIRECTION('',(-2.002044604925E-15,-1.,4.4381784197E-15));
#2142 = ORIENTED_EDGE('',*,*,#2143,.T.);
#2143 = EDGE_CURVE('',#2136,#2144,#2146,.T.);
#2144 = VERTEX_POINT('',#2145);
#2145 = CARTESIAN_POINT('',(-23.37,27.25,12.));
#2146 = LINE('',#2147,#2148);
#2147 = CARTESIAN_POINT('',(-24.37,27.25,12.));
#2148 = VECTOR('',#2149,1.);
#2149 = DIRECTION('',(1.,-8.881784197001E-16,7.E-15));
#2150 = ORIENTED_EDGE('',*,*,#2151,.T.);
#2151 = EDGE_CURVE('',#2144,#609,#2152,.T.);
#2152 = LINE('',#2153,#2154);
#2153 = CARTESIAN_POINT('',(-23.37,27.25,12.));
#2154 = VECTOR('',#2155,1.);
#2155 = DIRECTION('',(0.707106781195,0.707106781178,1.493283360185E-15)
  );
#2156 = ORIENTED_EDGE('',*,*,#608,.T.);
#2157 = ORIENTED_EDGE('',*,*,#2111,.T.);
#2158 = PLANE('',#2159);
#2159 = AXIS2_PLACEMENT_3D('',#2160,#2161,#2162);
#2160 = CARTESIAN_POINT('',(-22.8575,20.7375,12.));
#2161 = DIRECTION('',(7.406133814775E-15,-4.462044604925E-15,-1.));
#2162 = DIRECTION('',(-1.,8.881784197001E-16,-6.74E-15));
#2163 = ADVANCED_FACE('',(#2164),#2175,.T.);
#2164 = FACE_BOUND('',#2165,.T.);
#2165 = EDGE_LOOP('',(#2166,#2167,#2173,#2174));
#2166 = ORIENTED_EDGE('',*,*,#2151,.F.);
#2167 = ORIENTED_EDGE('',*,*,#2168,.T.);
#2168 = EDGE_CURVE('',#2144,#2090,#2169,.T.);
#2169 = LINE('',#2170,#2171);
#2170 = CARTESIAN_POINT('',(-23.37,27.25,12.));
#2171 = VECTOR('',#2172,1.);
#2172 = DIRECTION('',(7.496133814775E-15,-4.612044604925E-15,-1.));
#2173 = ORIENTED_EDGE('',*,*,#2089,.F.);
#2174 = ORIENTED_EDGE('',*,*,#616,.F.);
#2175 = PLANE('',#2176);
#2176 = AXIS2_PLACEMENT_3D('',#2177,#2178,#2179);
#2177 = CARTESIAN_POINT('',(-23.37,27.25,12.));
#2178 = DIRECTION('',(0.707106781178,-0.707106781195,8.558036983481E-15)
  );
#2179 = DIRECTION('',(0.707106781195,0.707106781178,7.419630165339E-16)
  );
#2180 = ADVANCED_FACE('',(#2181),#2214,.T.);
#2181 = FACE_BOUND('',#2182,.T.);
#2182 = EDGE_LOOP('',(#2183,#2193,#2199,#2200,#2208));
#2183 = ORIENTED_EDGE('',*,*,#2184,.F.);
#2184 = EDGE_CURVE('',#2185,#2187,#2189,.T.);
#2185 = VERTEX_POINT('',#2186);
#2186 = CARTESIAN_POINT('',(-24.37,20.25,-12.));
#2187 = VERTEX_POINT('',#2188);
#2188 = CARTESIAN_POINT('',(-24.37,23.25,-12.));
#2189 = LINE('',#2190,#2191);
#2190 = CARTESIAN_POINT('',(-24.37,10.25,-12.));
#2191 = VECTOR('',#2192,1.);
#2192 = DIRECTION('',(2.002044604925E-15,1.,-4.4381784197E-15));
#2193 = ORIENTED_EDGE('',*,*,#2194,.T.);
#2194 = EDGE_CURVE('',#2185,#627,#2195,.T.);
#2195 = LINE('',#2196,#2197);
#2196 = CARTESIAN_POINT('',(-20.36999999999,24.249999999915,-12.));
#2197 = VECTOR('',#2198,1.);
#2198 = DIRECTION('',(0.707106781195,0.707106781178,1.786196301653E-14)
  );
#2199 = ORIENTED_EDGE('',*,*,#624,.F.);
#2200 = ORIENTED_EDGE('',*,*,#2201,.T.);
#2201 = EDGE_CURVE('',#625,#2202,#2204,.T.);
#2202 = VERTEX_POINT('',#2203);
#2203 = CARTESIAN_POINT('',(-23.37,23.25,-12.));
#2204 = LINE('',#2205,#2206);
#2205 = CARTESIAN_POINT('',(-20.86999999999,25.749999999944,-12.));
#2206 = VECTOR('',#2207,1.);
#2207 = DIRECTION('',(-0.707106781195,-0.707106781178,
    -1.786196301653E-14));
#2208 = ORIENTED_EDGE('',*,*,#2209,.T.);
#2209 = EDGE_CURVE('',#2202,#2187,#2210,.T.);
#2210 = LINE('',#2211,#2212);
#2211 = CARTESIAN_POINT('',(-23.61375,23.25,-12.));
#2212 = VECTOR('',#2213,1.);
#2213 = DIRECTION('',(-1.,1.1081784197E-15,-3.114E-14));
#2214 = PLANE('',#2215);
#2215 = AXIS2_PLACEMENT_3D('',#2216,#2217,#2218);
#2216 = CARTESIAN_POINT('',(-22.8575,20.7375,-12.));
#2217 = DIRECTION('',(-3.158613381478E-14,5.112044604925E-15,1.));
#2218 = DIRECTION('',(1.,-8.881784197001E-16,3.092E-14));
#2219 = ADVANCED_FACE('',(#2220),#2238,.T.);
#2220 = FACE_BOUND('',#2221,.T.);
#2221 = EDGE_LOOP('',(#2222,#2230,#2231,#2232));
#2222 = ORIENTED_EDGE('',*,*,#2223,.F.);
#2223 = EDGE_CURVE('',#635,#2224,#2226,.T.);
#2224 = VERTEX_POINT('',#2225);
#2225 = CARTESIAN_POINT('',(-24.37,20.25,12.));
#2226 = LINE('',#2227,#2228);
#2227 = CARTESIAN_POINT('',(-21.37,23.249999999929,12.));
#2228 = VECTOR('',#2229,1.);
#2229 = DIRECTION('',(-0.707106781195,-0.707106781178,
    -1.493283360185E-15));
#2230 = ORIENTED_EDGE('',*,*,#634,.T.);
#2231 = ORIENTED_EDGE('',*,*,#2194,.F.);
#2232 = ORIENTED_EDGE('',*,*,#2233,.F.);
#2233 = EDGE_CURVE('',#2224,#2185,#2234,.T.);
#2234 = LINE('',#2235,#2236);
#2235 = CARTESIAN_POINT('',(-24.37,20.25,12.));
#2236 = VECTOR('',#2237,1.);
#2237 = DIRECTION('',(7.496133814775E-15,-4.612044604925E-15,-1.));
#2238 = PLANE('',#2239);
#2239 = AXIS2_PLACEMENT_3D('',#2240,#2241,#2242);
#2240 = CARTESIAN_POINT('',(-21.37,23.249999999929,12.));
#2241 = DIRECTION('',(-0.707106781178,0.707106781195,-8.558036983481E-15
    ));
#2242 = DIRECTION('',(-0.707106781195,-0.707106781178,
    -7.419630165339E-16));
#2243 = ADVANCED_FACE('',(#2244),#2270,.T.);
#2244 = FACE_BOUND('',#2245,.T.);
#2245 = EDGE_LOOP('',(#2246,#2254,#2262,#2268,#2269));
#2246 = ORIENTED_EDGE('',*,*,#2247,.F.);
#2247 = EDGE_CURVE('',#2248,#2224,#2250,.T.);
#2248 = VERTEX_POINT('',#2249);
#2249 = CARTESIAN_POINT('',(-24.37,23.25,12.));
#2250 = LINE('',#2251,#2252);
#2251 = CARTESIAN_POINT('',(-24.37,31.,12.));
#2252 = VECTOR('',#2253,1.);
#2253 = DIRECTION('',(-2.002044604925E-15,-1.,4.4381784197E-15));
#2254 = ORIENTED_EDGE('',*,*,#2255,.T.);
#2255 = EDGE_CURVE('',#2248,#2256,#2258,.T.);
#2256 = VERTEX_POINT('',#2257);
#2257 = CARTESIAN_POINT('',(-23.37,23.25,12.));
#2258 = LINE('',#2259,#2260);
#2259 = CARTESIAN_POINT('',(-24.37,23.25,12.));
#2260 = VECTOR('',#2261,1.);
#2261 = DIRECTION('',(1.,-8.881784197001E-16,7.E-15));
#2262 = ORIENTED_EDGE('',*,*,#2263,.T.);
#2263 = EDGE_CURVE('',#2256,#643,#2264,.T.);
#2264 = LINE('',#2265,#2266);
#2265 = CARTESIAN_POINT('',(-23.37,23.25,12.));
#2266 = VECTOR('',#2267,1.);
#2267 = DIRECTION('',(0.707106781195,0.707106781178,1.493283360185E-15)
  );
#2268 = ORIENTED_EDGE('',*,*,#642,.T.);
#2269 = ORIENTED_EDGE('',*,*,#2223,.T.);
#2270 = PLANE('',#2271);
#2271 = AXIS2_PLACEMENT_3D('',#2272,#2273,#2274);
#2272 = CARTESIAN_POINT('',(-22.8575,20.7375,12.));
#2273 = DIRECTION('',(7.406133814775E-15,-4.462044604925E-15,-1.));
#2274 = DIRECTION('',(-1.,8.881784197001E-16,-6.74E-15));
#2275 = ADVANCED_FACE('',(#2276),#2287,.T.);
#2276 = FACE_BOUND('',#2277,.T.);
#2277 = EDGE_LOOP('',(#2278,#2279,#2285,#2286));
#2278 = ORIENTED_EDGE('',*,*,#2263,.F.);
#2279 = ORIENTED_EDGE('',*,*,#2280,.T.);
#2280 = EDGE_CURVE('',#2256,#2202,#2281,.T.);
#2281 = LINE('',#2282,#2283);
#2282 = CARTESIAN_POINT('',(-23.37,23.25,12.));
#2283 = VECTOR('',#2284,1.);
#2284 = DIRECTION('',(7.496133814775E-15,-4.612044604925E-15,-1.));
#2285 = ORIENTED_EDGE('',*,*,#2201,.F.);
#2286 = ORIENTED_EDGE('',*,*,#650,.F.);
#2287 = PLANE('',#2288);
#2288 = AXIS2_PLACEMENT_3D('',#2289,#2290,#2291);
#2289 = CARTESIAN_POINT('',(-23.37,23.25,12.));
#2290 = DIRECTION('',(0.707106781178,-0.707106781195,8.558036983481E-15)
  );
#2291 = DIRECTION('',(0.707106781195,0.707106781178,7.419630165339E-16)
  );
#2292 = ADVANCED_FACE('',(#2293),#2319,.T.);
#2293 = FACE_BOUND('',#2294,.T.);
#2294 = EDGE_LOOP('',(#2295,#2303,#2304,#2305,#2313));
#2295 = ORIENTED_EDGE('',*,*,#2296,.F.);
#2296 = EDGE_CURVE('',#1068,#2297,#2299,.T.);
#2297 = VERTEX_POINT('',#2298);
#2298 = CARTESIAN_POINT('',(-24.37,19.25,-12.));
#2299 = LINE('',#2300,#2301);
#2300 = CARTESIAN_POINT('',(-24.37,10.25,-12.));
#2301 = VECTOR('',#2302,1.);
#2302 = DIRECTION('',(2.002044604925E-15,1.,-4.4381784197E-15));
#2303 = ORIENTED_EDGE('',*,*,#1067,.T.);
#2304 = ORIENTED_EDGE('',*,*,#658,.F.);
#2305 = ORIENTED_EDGE('',*,*,#2306,.T.);
#2306 = EDGE_CURVE('',#659,#2307,#2309,.T.);
#2307 = VERTEX_POINT('',#2308);
#2308 = CARTESIAN_POINT('',(-23.37,19.25,-12.));
#2309 = LINE('',#2310,#2311);
#2310 = CARTESIAN_POINT('',(-20.86999999999,21.749999999944,-12.));
#2311 = VECTOR('',#2312,1.);
#2312 = DIRECTION('',(-0.707106781195,-0.707106781178,
    -1.786196301653E-14));
#2313 = ORIENTED_EDGE('',*,*,#2314,.T.);
#2314 = EDGE_CURVE('',#2307,#2297,#2315,.T.);
#2315 = LINE('',#2316,#2317);
#2316 = CARTESIAN_POINT('',(-23.61375,19.25,-12.));
#2317 = VECTOR('',#2318,1.);
#2318 = DIRECTION('',(-1.,1.1081784197E-15,-3.114E-14));
#2319 = PLANE('',#2320);
#2320 = AXIS2_PLACEMENT_3D('',#2321,#2322,#2323);
#2321 = CARTESIAN_POINT('',(-22.8575,20.7375,-12.));
#2322 = DIRECTION('',(-3.158613381478E-14,5.112044604925E-15,1.));
#2323 = DIRECTION('',(1.,-8.881784197001E-16,3.092E-14));
#2324 = ADVANCED_FACE('',(#2325),#2351,.T.);
#2325 = FACE_BOUND('',#2326,.T.);
#2326 = EDGE_LOOP('',(#2327,#2335,#2343,#2349,#2350));
#2327 = ORIENTED_EDGE('',*,*,#2328,.F.);
#2328 = EDGE_CURVE('',#2329,#1059,#2331,.T.);
#2329 = VERTEX_POINT('',#2330);
#2330 = CARTESIAN_POINT('',(-24.37,19.25,12.));
#2331 = LINE('',#2332,#2333);
#2332 = CARTESIAN_POINT('',(-24.37,31.,12.));
#2333 = VECTOR('',#2334,1.);
#2334 = DIRECTION('',(-2.002044604925E-15,-1.,4.4381784197E-15));
#2335 = ORIENTED_EDGE('',*,*,#2336,.T.);
#2336 = EDGE_CURVE('',#2329,#2337,#2339,.T.);
#2337 = VERTEX_POINT('',#2338);
#2338 = CARTESIAN_POINT('',(-23.37,19.25,12.));
#2339 = LINE('',#2340,#2341);
#2340 = CARTESIAN_POINT('',(-24.37,19.25,12.));
#2341 = VECTOR('',#2342,1.);
#2342 = DIRECTION('',(1.,-8.881784197001E-16,7.E-15));
#2343 = ORIENTED_EDGE('',*,*,#2344,.T.);
#2344 = EDGE_CURVE('',#2337,#677,#2345,.T.);
#2345 = LINE('',#2346,#2347);
#2346 = CARTESIAN_POINT('',(-23.37,19.25,12.));
#2347 = VECTOR('',#2348,1.);
#2348 = DIRECTION('',(0.707106781195,0.707106781178,1.493283360185E-15)
  );
#2349 = ORIENTED_EDGE('',*,*,#676,.T.);
#2350 = ORIENTED_EDGE('',*,*,#1058,.T.);
#2351 = PLANE('',#2352);
#2352 = AXIS2_PLACEMENT_3D('',#2353,#2354,#2355);
#2353 = CARTESIAN_POINT('',(-22.8575,20.7375,12.));
#2354 = DIRECTION('',(7.406133814775E-15,-4.462044604925E-15,-1.));
#2355 = DIRECTION('',(-1.,8.881784197001E-16,-6.74E-15));
#2356 = ADVANCED_FACE('',(#2357),#2368,.T.);
#2357 = FACE_BOUND('',#2358,.T.);
#2358 = EDGE_LOOP('',(#2359,#2360,#2366,#2367));
#2359 = ORIENTED_EDGE('',*,*,#2344,.F.);
#2360 = ORIENTED_EDGE('',*,*,#2361,.T.);
#2361 = EDGE_CURVE('',#2337,#2307,#2362,.T.);
#2362 = LINE('',#2363,#2364);
#2363 = CARTESIAN_POINT('',(-23.37,19.25,12.));
#2364 = VECTOR('',#2365,1.);
#2365 = DIRECTION('',(7.496133814775E-15,-4.612044604925E-15,-1.));
#2366 = ORIENTED_EDGE('',*,*,#2306,.F.);
#2367 = ORIENTED_EDGE('',*,*,#684,.F.);
#2368 = PLANE('',#2369);
#2369 = AXIS2_PLACEMENT_3D('',#2370,#2371,#2372);
#2370 = CARTESIAN_POINT('',(-23.37,19.25,12.));
#2371 = DIRECTION('',(0.707106781178,-0.707106781195,8.558036983481E-15)
  );
#2372 = DIRECTION('',(0.707106781195,0.707106781178,7.419630165339E-16)
  );
#2373 = ADVANCED_FACE('',(#2374),#2386,.T.);
#2374 = FACE_BOUND('',#2375,.T.);
#2375 = EDGE_LOOP('',(#2376,#2382,#2383,#2384,#2385));
#2376 = ORIENTED_EDGE('',*,*,#2377,.F.);
#2377 = EDGE_CURVE('',#1099,#819,#2378,.T.);
#2378 = LINE('',#2379,#2380);
#2379 = CARTESIAN_POINT('',(-24.37,31.,12.));
#2380 = VECTOR('',#2381,1.);
#2381 = DIRECTION('',(-2.002044604925E-15,-1.,4.4381784197E-15));
#2382 = ORIENTED_EDGE('',*,*,#1122,.T.);
#2383 = ORIENTED_EDGE('',*,*,#1146,.T.);
#2384 = ORIENTED_EDGE('',*,*,#716,.T.);
#2385 = ORIENTED_EDGE('',*,*,#818,.T.);
#2386 = PLANE('',#2387);
#2387 = AXIS2_PLACEMENT_3D('',#2388,#2389,#2390);
#2388 = CARTESIAN_POINT('',(-22.8575,20.7375,12.));
#2389 = DIRECTION('',(7.406133814775E-15,-4.462044604925E-15,-1.));
#2390 = DIRECTION('',(-1.,8.881784197001E-16,-6.74E-15));
#2391 = ADVANCED_FACE('',(#2392),#2404,.T.);
#2392 = FACE_BOUND('',#2393,.T.);
#2393 = EDGE_LOOP('',(#2394,#2400,#2401,#2402,#2403));
#2394 = ORIENTED_EDGE('',*,*,#2395,.F.);
#2395 = EDGE_CURVE('',#1246,#1287,#2396,.T.);
#2396 = LINE('',#2397,#2398);
#2397 = CARTESIAN_POINT('',(-24.37,10.25,-12.));
#2398 = VECTOR('',#2399,1.);
#2399 = DIRECTION('',(2.002044604925E-15,1.,-4.4381784197E-15));
#2400 = ORIENTED_EDGE('',*,*,#1270,.T.);
#2401 = ORIENTED_EDGE('',*,*,#732,.F.);
#2402 = ORIENTED_EDGE('',*,*,#1169,.T.);
#2403 = ORIENTED_EDGE('',*,*,#1294,.T.);
#2404 = PLANE('',#2405);
#2405 = AXIS2_PLACEMENT_3D('',#2406,#2407,#2408);
#2406 = CARTESIAN_POINT('',(-22.8575,20.7375,-12.));
#2407 = DIRECTION('',(-3.158613381478E-14,5.112044604925E-15,1.));
#2408 = DIRECTION('',(1.,-8.881784197001E-16,3.092E-14));
#2409 = ADVANCED_FACE('',(#2410),#2429,.F.);
#2410 = FACE_BOUND('',#2411,.T.);
#2411 = EDGE_LOOP('',(#2412,#2420,#2427,#2428));
#2412 = ORIENTED_EDGE('',*,*,#2413,.F.);
#2413 = EDGE_CURVE('',#2414,#741,#2416,.T.);
#2414 = VERTEX_POINT('',#2415);
#2415 = CARTESIAN_POINT('',(-21.97,34.,-10.3));
#2416 = LINE('',#2417,#2418);
#2417 = CARTESIAN_POINT('',(-21.97,34.,-10.3));
#2418 = VECTOR('',#2419,1.);
#2419 = DIRECTION('',(1.,-2.8881784197E-15,-6.E-17));
#2420 = ORIENTED_EDGE('',*,*,#2421,.T.);
#2421 = EDGE_CURVE('',#2414,#2414,#2422,.T.);
#2422 = CIRCLE('',#2423,1.7);
#2423 = AXIS2_PLACEMENT_3D('',#2424,#2425,#2426);
#2424 = CARTESIAN_POINT('',(-21.97,34.,-12.));
#2425 = DIRECTION('',(-1.,2.222044604925E-15,-6.661338147751E-16));
#2426 = DIRECTION('',(-6.661338147751E-16,2.22044604925E-16,1.));
#2427 = ORIENTED_EDGE('',*,*,#2413,.T.);
#2428 = ORIENTED_EDGE('',*,*,#740,.T.);
#2429 = CYLINDRICAL_SURFACE('',#2430,1.7);
#2430 = AXIS2_PLACEMENT_3D('',#2431,#2432,#2433);
#2431 = CARTESIAN_POINT('',(-21.97,34.,-12.));
#2432 = DIRECTION('',(1.,-2.8881784197E-15,2.084505630502E-30));
#2433 = DIRECTION('',(-6.661338147751E-16,2.22044604925E-16,1.));
#2434 = ADVANCED_FACE('',(#2435),#2454,.F.);
#2435 = FACE_BOUND('',#2436,.T.);
#2436 = EDGE_LOOP('',(#2437,#2445,#2452,#2453));
#2437 = ORIENTED_EDGE('',*,*,#2438,.F.);
#2438 = EDGE_CURVE('',#2439,#752,#2441,.T.);
#2439 = VERTEX_POINT('',#2440);
#2440 = CARTESIAN_POINT('',(-21.97,34.,13.7));
#2441 = LINE('',#2442,#2443);
#2442 = CARTESIAN_POINT('',(-21.97,34.,13.7));
#2443 = VECTOR('',#2444,1.);
#2444 = DIRECTION('',(1.,-2.8881784197E-15,-6.E-17));
#2445 = ORIENTED_EDGE('',*,*,#2446,.T.);
#2446 = EDGE_CURVE('',#2439,#2439,#2447,.T.);
#2447 = CIRCLE('',#2448,1.7);
#2448 = AXIS2_PLACEMENT_3D('',#2449,#2450,#2451);
#2449 = CARTESIAN_POINT('',(-21.97,34.,12.));
#2450 = DIRECTION('',(-1.,2.222044604925E-15,-6.661338147751E-16));
#2451 = DIRECTION('',(-6.661338147751E-16,2.22044604925E-16,1.));
#2452 = ORIENTED_EDGE('',*,*,#2438,.T.);
#2453 = ORIENTED_EDGE('',*,*,#751,.T.);
#2454 = CYLINDRICAL_SURFACE('',#2455,1.7);
#2455 = AXIS2_PLACEMENT_3D('',#2456,#2457,#2458);
#2456 = CARTESIAN_POINT('',(-21.97,34.,12.));
#2457 = DIRECTION('',(1.,-2.8881784197E-15,2.084505630502E-30));
#2458 = DIRECTION('',(-6.661338147751E-16,2.22044604925E-16,1.));
#2459 = ADVANCED_FACE('',(#2460),#2472,.T.);
#2460 = FACE_BOUND('',#2461,.T.);
#2461 = EDGE_LOOP('',(#2462,#2468,#2469,#2470,#2471));
#2462 = ORIENTED_EDGE('',*,*,#2463,.F.);
#2463 = EDGE_CURVE('',#843,#909,#2464,.T.);
#2464 = LINE('',#2465,#2466);
#2465 = CARTESIAN_POINT('',(-24.37,31.,12.));
#2466 = VECTOR('',#2467,1.);
#2467 = DIRECTION('',(-2.002044604925E-15,-1.,4.4381784197E-15));
#2468 = ORIENTED_EDGE('',*,*,#866,.T.);
#2469 = ORIENTED_EDGE('',*,*,#890,.T.);
#2470 = ORIENTED_EDGE('',*,*,#771,.T.);
#2471 = ORIENTED_EDGE('',*,*,#916,.F.);
#2472 = PLANE('',#2473);
#2473 = AXIS2_PLACEMENT_3D('',#2474,#2475,#2476);
#2474 = CARTESIAN_POINT('',(-22.8575,20.7375,12.));
#2475 = DIRECTION('',(7.406133814775E-15,-4.462044604925E-15,-1.));
#2476 = DIRECTION('',(-1.,8.881784197001E-16,-6.74E-15));
#2477 = ADVANCED_FACE('',(#2478),#2490,.T.);
#2478 = FACE_BOUND('',#2479,.T.);
#2479 = EDGE_LOOP('',(#2480,#2486,#2487,#2488,#2489));
#2480 = ORIENTED_EDGE('',*,*,#2481,.F.);
#2481 = EDGE_CURVE('',#1327,#1222,#2482,.T.);
#2482 = LINE('',#2483,#2484);
#2483 = CARTESIAN_POINT('',(-24.37,10.25,-12.));
#2484 = VECTOR('',#2485,1.);
#2485 = DIRECTION('',(2.002044604925E-15,1.,-4.4381784197E-15));
#2486 = ORIENTED_EDGE('',*,*,#1350,.T.);
#2487 = ORIENTED_EDGE('',*,*,#796,.F.);
#2488 = ORIENTED_EDGE('',*,*,#1205,.T.);
#2489 = ORIENTED_EDGE('',*,*,#1229,.T.);
#2490 = PLANE('',#2491);
#2491 = AXIS2_PLACEMENT_3D('',#2492,#2493,#2494);
#2492 = CARTESIAN_POINT('',(-22.8575,20.7375,-12.));
#2493 = DIRECTION('',(-3.158613381478E-14,5.112044604925E-15,1.));
#2494 = DIRECTION('',(1.,-8.881784197001E-16,3.092E-14));
#2495 = ADVANCED_FACE('',(#2496),#2542,.T.);
#2496 = FACE_BOUND('',#2497,.F.);
#2497 = EDGE_LOOP('',(#2498,#2507,#2508,#2509,#2510,#2511,#2512,#2513,
    #2514,#2520,#2521,#2527,#2528,#2536));
#2498 = ORIENTED_EDGE('',*,*,#2499,.F.);
#2499 = EDGE_CURVE('',#990,#2500,#2502,.T.);
#2500 = VERTEX_POINT('',#2501);
#2501 = CARTESIAN_POINT('',(-24.37,31.,12.));
#2502 = ELLIPSE('',#2503,4.242640687119,3.);
#2503 = AXIS2_PLACEMENT_3D('',#2504,#2505,#2506);
#2504 = CARTESIAN_POINT('',(-24.37,34.,12.));
#2505 = DIRECTION('',(0.707106781187,-7.889722623949E-16,0.707106781187)
  );
#2506 = DIRECTION('',(0.707106781187,-4.235046229342E-15,-0.707106781187
    ));
#2507 = ORIENTED_EDGE('',*,*,#1000,.T.);
#2508 = ORIENTED_EDGE('',*,*,#940,.T.);
#2509 = ORIENTED_EDGE('',*,*,#2463,.F.);
#2510 = ORIENTED_EDGE('',*,*,#842,.F.);
#2511 = ORIENTED_EDGE('',*,*,#2377,.F.);
#2512 = ORIENTED_EDGE('',*,*,#1098,.F.);
#2513 = ORIENTED_EDGE('',*,*,#2328,.F.);
#2514 = ORIENTED_EDGE('',*,*,#2515,.F.);
#2515 = EDGE_CURVE('',#2224,#2329,#2516,.T.);
#2516 = LINE('',#2517,#2518);
#2517 = CARTESIAN_POINT('',(-24.37,31.,12.));
#2518 = VECTOR('',#2519,1.);
#2519 = DIRECTION('',(-2.002044604925E-15,-1.,4.4381784197E-15));
#2520 = ORIENTED_EDGE('',*,*,#2247,.F.);
#2521 = ORIENTED_EDGE('',*,*,#2522,.F.);
#2522 = EDGE_CURVE('',#2112,#2248,#2523,.T.);
#2523 = LINE('',#2524,#2525);
#2524 = CARTESIAN_POINT('',(-24.37,31.,12.));
#2525 = VECTOR('',#2526,1.);
#2526 = DIRECTION('',(-2.002044604925E-15,-1.,4.4381784197E-15));
#2527 = ORIENTED_EDGE('',*,*,#2135,.F.);
#2528 = ORIENTED_EDGE('',*,*,#2529,.F.);
#2529 = EDGE_CURVE('',#2530,#2136,#2532,.T.);
#2530 = VERTEX_POINT('',#2531);
#2531 = CARTESIAN_POINT('',(-24.37,28.25,12.));
#2532 = LINE('',#2533,#2534);
#2533 = CARTESIAN_POINT('',(-24.37,31.,12.));
#2534 = VECTOR('',#2535,1.);
#2535 = DIRECTION('',(-2.002044604925E-15,-1.,4.4381784197E-15));
#2536 = ORIENTED_EDGE('',*,*,#2537,.F.);
#2537 = EDGE_CURVE('',#2500,#2530,#2538,.T.);
#2538 = LINE('',#2539,#2540);
#2539 = CARTESIAN_POINT('',(-24.37,31.,12.));
#2540 = VECTOR('',#2541,1.);
#2541 = DIRECTION('',(-2.002044604925E-15,-1.,4.4381784197E-15));
#2542 = PLANE('',#2543);
#2543 = AXIS2_PLACEMENT_3D('',#2544,#2545,#2546);
#2544 = CARTESIAN_POINT('',(-24.87,31.,12.5));
#2545 = DIRECTION('',(-0.707106781187,1.731027737605E-15,-0.707106781187
    ));
#2546 = DIRECTION('',(3.77799914922E-15,1.,-2.662223875405E-15));
#2547 = ADVANCED_FACE('',(#2548),#2573,.T.);
#2548 = FACE_BOUND('',#2549,.T.);
#2549 = EDGE_LOOP('',(#2550,#2551,#2559,#2567));
#2550 = ORIENTED_EDGE('',*,*,#955,.T.);
#2551 = ORIENTED_EDGE('',*,*,#2552,.T.);
#2552 = EDGE_CURVE('',#958,#2553,#2555,.T.);
#2553 = VERTEX_POINT('',#2554);
#2554 = CARTESIAN_POINT('',(-22.37,49.5,24.5));
#2555 = LINE('',#2556,#2557);
#2556 = CARTESIAN_POINT('',(-23.87,48.,24.5));
#2557 = VECTOR('',#2558,1.);
#2558 = DIRECTION('',(0.707106781187,0.707106781187,3.350196301653E-14)
  );
#2559 = ORIENTED_EDGE('',*,*,#2560,.F.);
#2560 = EDGE_CURVE('',#2561,#2553,#2563,.T.);
#2561 = VERTEX_POINT('',#2562);
#2562 = CARTESIAN_POINT('',(-22.37,49.5,-24.5));
#2563 = LINE('',#2564,#2565);
#2564 = CARTESIAN_POINT('',(-22.37,49.5,-27.5));
#2565 = VECTOR('',#2566,1.);
#2566 = DIRECTION('',(-3.556133814775E-15,1.552044604925E-15,1.));
#2567 = ORIENTED_EDGE('',*,*,#2568,.F.);
#2568 = EDGE_CURVE('',#956,#2561,#2569,.T.);
#2569 = LINE('',#2570,#2571);
#2570 = CARTESIAN_POINT('',(-23.87,48.,-24.5));
#2571 = VECTOR('',#2572,1.);
#2572 = DIRECTION('',(0.707106781187,0.707106781187,-7.258036983474E-15)
  );
#2573 = PLANE('',#2574);
#2574 = AXIS2_PLACEMENT_3D('',#2575,#2576,#2577);
#2575 = CARTESIAN_POINT('',(-23.87,48.,-27.5));
#2576 = DIRECTION('',(-0.707106781187,0.707106781187,-3.678036983474E-15
    ));
#2577 = DIRECTION('',(-3.597809497394E-15,1.603720287544E-15,1.));
#2578 = ADVANCED_FACE('',(#2579),#2595,.T.);
#2579 = FACE_BOUND('',#2580,.T.);
#2580 = EDGE_LOOP('',(#2581,#2582,#2588,#2589));
#2581 = ORIENTED_EDGE('',*,*,#965,.T.);
#2582 = ORIENTED_EDGE('',*,*,#2583,.F.);
#2583 = EDGE_CURVE('',#1560,#956,#2584,.T.);
#2584 = LINE('',#2585,#2586);
#2585 = CARTESIAN_POINT('',(-23.12,46.5,-26.75));
#2586 = VECTOR('',#2587,1.);
#2587 = DIRECTION('',(-0.707106781187,-8.344953770658E-15,0.707106781187
    ));
#2588 = ORIENTED_EDGE('',*,*,#1559,.F.);
#2589 = ORIENTED_EDGE('',*,*,#2590,.T.);
#2590 = EDGE_CURVE('',#1512,#966,#2591,.T.);
#2591 = LINE('',#2592,#2593);
#2592 = CARTESIAN_POINT('',(-23.87,-7.25,-26.));
#2593 = VECTOR('',#2594,1.);
#2594 = DIRECTION('',(-0.707106781187,5.975046229342E-15,0.707106781187)
  );
#2595 = PLANE('',#2596);
#2596 = AXIS2_PLACEMENT_3D('',#2597,#2598,#2599);
#2597 = CARTESIAN_POINT('',(-23.87,-10.25,-26.));
#2598 = DIRECTION('',(-0.707106781187,-6.897226239487E-17,
    -0.707106781187));
#2599 = DIRECTION('',(2.615206943084E-15,1.,-4.045016081541E-15));
#2600 = ADVANCED_FACE('',(#2601),#2617,.T.);
#2601 = FACE_BOUND('',#2602,.F.);
#2602 = EDGE_LOOP('',(#2603,#2604,#2610,#2611));
#2603 = ORIENTED_EDGE('',*,*,#981,.T.);
#2604 = ORIENTED_EDGE('',*,*,#2605,.F.);
#2605 = EDGE_CURVE('',#1410,#958,#2606,.T.);
#2606 = LINE('',#2607,#2608);
#2607 = CARTESIAN_POINT('',(-23.12,46.5,26.749999999999));
#2608 = VECTOR('',#2609,1.);
#2609 = DIRECTION('',(-0.707106781187,-3.211897226239E-14,
    -0.707106781187));
#2610 = ORIENTED_EDGE('',*,*,#1417,.F.);
#2611 = ORIENTED_EDGE('',*,*,#2612,.T.);
#2612 = EDGE_CURVE('',#1418,#974,#2613,.T.);
#2613 = LINE('',#2614,#2615);
#2614 = CARTESIAN_POINT('',(-23.87,-7.25,26.));
#2615 = VECTOR('',#2616,1.);
#2616 = DIRECTION('',(-0.707106781187,-3.989722623949E-16,
    -0.707106781187));
#2617 = PLANE('',#2618);
#2618 = AXIS2_PLACEMENT_3D('',#2619,#2620,#2621);
#2619 = CARTESIAN_POINT('',(-23.87,-10.25,26.));
#2620 = DIRECTION('',(-0.707106781187,5.545046229342E-15,0.707106781187)
  );
#2621 = DIRECTION('',(-2.147872883373E-15,-1.,5.694006698148E-15));
#2622 = ADVANCED_FACE('',(#2623),#2639,.T.);
#2623 = FACE_BOUND('',#2624,.F.);
#2624 = EDGE_LOOP('',(#2625,#2631,#2632,#2638));
#2625 = ORIENTED_EDGE('',*,*,#2626,.T.);
#2626 = EDGE_CURVE('',#1488,#966,#2627,.T.);
#2627 = LINE('',#2628,#2629);
#2628 = CARTESIAN_POINT('',(-23.12,-9.5,-24.5));
#2629 = VECTOR('',#2630,1.);
#2630 = DIRECTION('',(-0.707106781187,0.707106781187,-3.228036983474E-15
    ));
#2631 = ORIENTED_EDGE('',*,*,#973,.T.);
#2632 = ORIENTED_EDGE('',*,*,#2633,.F.);
#2633 = EDGE_CURVE('',#1463,#974,#2634,.T.);
#2634 = LINE('',#2635,#2636);
#2635 = CARTESIAN_POINT('',(-23.12,-9.5,24.5));
#2636 = VECTOR('',#2637,1.);
#2637 = DIRECTION('',(-0.707106781187,0.707106781187,-2.258036983474E-15
    ));
#2638 = ORIENTED_EDGE('',*,*,#1487,.F.);
#2639 = PLANE('',#2640);
#2640 = AXIS2_PLACEMENT_3D('',#2641,#2642,#2643);
#2641 = CARTESIAN_POINT('',(-23.87,-8.75,-27.5));
#2642 = DIRECTION('',(-0.707106781187,-0.707106781187,3.248036983474E-15
    ));
#2643 = DIRECTION('',(9.185140480663E-16,-4.179664371634E-15,-1.));
#2644 = ADVANCED_FACE('',(#2645),#2708,.F.);
#2645 = FACE_BOUND('',#2646,.T.);
#2646 = EDGE_LOOP('',(#2647,#2648,#2657,#2665,#2674,#2682,#2691,#2700,
    #2706,#2707));
#2647 = ORIENTED_EDGE('',*,*,#1043,.T.);
#2648 = ORIENTED_EDGE('',*,*,#2649,.T.);
#2649 = EDGE_CURVE('',#1036,#2650,#2652,.T.);
#2650 = VERTEX_POINT('',#2651);
#2651 = CARTESIAN_POINT('',(-24.37,34.25,9.010434814224));
#2652 = ELLIPSE('',#2653,4.242640687119,3.);
#2653 = AXIS2_PLACEMENT_3D('',#2654,#2655,#2656);
#2654 = CARTESIAN_POINT('',(-24.12,34.,12.));
#2655 = DIRECTION('',(-0.707106781187,-0.707106781187,2.195981508263E-15
    ));
#2656 = DIRECTION('',(0.707106781187,-0.707106781187,3.138036983474E-15)
  );
#2657 = ORIENTED_EDGE('',*,*,#2658,.T.);
#2658 = EDGE_CURVE('',#2650,#2659,#2661,.T.);
#2659 = VERTEX_POINT('',#2660);
#2660 = CARTESIAN_POINT('',(-23.37,34.25,9.010434814225));
#2661 = LINE('',#2662,#2663);
#2662 = CARTESIAN_POINT('',(-25.37,34.25,9.010434814225));
#2663 = VECTOR('',#2664,1.);
#2664 = DIRECTION('',(1.,-2.8881784197E-15,2.084505630502E-30));
#2665 = ORIENTED_EDGE('',*,*,#2666,.F.);
#2666 = EDGE_CURVE('',#2667,#2659,#2669,.T.);
#2667 = VERTEX_POINT('',#2668);
#2668 = CARTESIAN_POINT('',(-23.37,31.25,10.801042119172));
#2669 = CIRCLE('',#2670,3.);
#2670 = AXIS2_PLACEMENT_3D('',#2671,#2672,#2673);
#2671 = CARTESIAN_POINT('',(-23.37,34.,12.));
#2672 = DIRECTION('',(1.,-2.222044604925E-15,6.661338147751E-16));
#2673 = DIRECTION('',(-6.661338147751E-16,2.22044604925E-16,1.));
#2674 = ORIENTED_EDGE('',*,*,#2675,.T.);
#2675 = EDGE_CURVE('',#2667,#2676,#2678,.T.);
#2676 = VERTEX_POINT('',#2677);
#2677 = CARTESIAN_POINT('',(-21.97,31.25,10.801042119172));
#2678 = LINE('',#2679,#2680);
#2679 = CARTESIAN_POINT('',(-25.37,31.25,10.801042119172));
#2680 = VECTOR('',#2681,1.);
#2681 = DIRECTION('',(1.,-2.8881784197E-15,2.084505630502E-30));
#2682 = ORIENTED_EDGE('',*,*,#2683,.F.);
#2683 = EDGE_CURVE('',#2684,#2676,#2686,.T.);
#2684 = VERTEX_POINT('',#2685);
#2685 = CARTESIAN_POINT('',(-21.97,34.,15.));
#2686 = CIRCLE('',#2687,3.);
#2687 = AXIS2_PLACEMENT_3D('',#2688,#2689,#2690);
#2688 = CARTESIAN_POINT('',(-21.97,34.,12.));
#2689 = DIRECTION('',(-1.,2.222044604925E-15,-6.661338147751E-16));
#2690 = DIRECTION('',(-6.661338147751E-16,2.22044604925E-16,1.));
#2691 = ORIENTED_EDGE('',*,*,#2692,.F.);
#2692 = EDGE_CURVE('',#2693,#2684,#2695,.T.);
#2693 = VERTEX_POINT('',#2694);
#2694 = CARTESIAN_POINT('',(-21.97,31.,12.));
#2695 = CIRCLE('',#2696,3.);
#2696 = AXIS2_PLACEMENT_3D('',#2697,#2698,#2699);
#2697 = CARTESIAN_POINT('',(-21.97,34.,12.));
#2698 = DIRECTION('',(-1.,2.222044604925E-15,-6.661338147751E-16));
#2699 = DIRECTION('',(-6.661338147751E-16,2.22044604925E-16,1.));
#2700 = ORIENTED_EDGE('',*,*,#2701,.F.);
#2701 = EDGE_CURVE('',#2500,#2693,#2702,.T.);
#2702 = LINE('',#2703,#2704);
#2703 = CARTESIAN_POINT('',(-25.37,31.,12.));
#2704 = VECTOR('',#2705,1.);
#2705 = DIRECTION('',(1.,-5.5481784197E-15,4.447060226905E-30));
#2706 = ORIENTED_EDGE('',*,*,#2499,.F.);
#2707 = ORIENTED_EDGE('',*,*,#989,.T.);
#2708 = CYLINDRICAL_SURFACE('',#2709,3.);
#2709 = AXIS2_PLACEMENT_3D('',#2710,#2711,#2712);
#2710 = CARTESIAN_POINT('',(-25.37,34.,12.));
#2711 = DIRECTION('',(1.,-2.8881784197E-15,2.084505630502E-30));
#2712 = DIRECTION('',(-6.661338147751E-16,2.22044604925E-16,1.));
#2713 = ADVANCED_FACE('',(#2714),#2733,.F.);
#2714 = FACE_BOUND('',#2715,.F.);
#2715 = EDGE_LOOP('',(#2716,#2725,#2726,#2727));
#2716 = ORIENTED_EDGE('',*,*,#2717,.F.);
#2717 = EDGE_CURVE('',#1027,#2718,#2720,.T.);
#2718 = VERTEX_POINT('',#2719);
#2719 = CARTESIAN_POINT('',(-24.37,34.25,-9.010434814225));
#2720 = ELLIPSE('',#2721,4.242640687119,3.);
#2721 = AXIS2_PLACEMENT_3D('',#2722,#2723,#2724);
#2722 = CARTESIAN_POINT('',(-24.12,34.,-12.));
#2723 = DIRECTION('',(0.707106781187,0.707106781187,-2.195981508263E-15)
  );
#2724 = DIRECTION('',(0.707106781187,-0.707106781187,3.138036983474E-15)
  );
#2725 = ORIENTED_EDGE('',*,*,#1035,.T.);
#2726 = ORIENTED_EDGE('',*,*,#2649,.T.);
#2727 = ORIENTED_EDGE('',*,*,#2728,.F.);
#2728 = EDGE_CURVE('',#2718,#2650,#2729,.T.);
#2729 = LINE('',#2730,#2731);
#2730 = CARTESIAN_POINT('',(-24.37,34.25,-9.010434814225));
#2731 = VECTOR('',#2732,1.);
#2732 = DIRECTION('',(-3.556133814775E-15,1.552044604925E-15,1.));
#2733 = PLANE('',#2734);
#2734 = AXIS2_PLACEMENT_3D('',#2735,#2736,#2737);
#2735 = CARTESIAN_POINT('',(-24.87,34.75,-9.010434814225));
#2736 = DIRECTION('',(0.707106781187,0.707106781187,-3.138036983474E-15)
  );
#2737 = DIRECTION('',(-1.001295793997E-15,4.106882625703E-15,1.));
#2738 = ADVANCED_FACE('',(#2739),#2810,.F.);
#2739 = FACE_BOUND('',#2740,.T.);
#2740 = EDGE_LOOP('',(#2741,#2749,#2750,#2751,#2760,#2768,#2777,#2786,
    #2794,#2803));
#2741 = ORIENTED_EDGE('',*,*,#2742,.F.);
#2742 = EDGE_CURVE('',#2718,#2743,#2745,.T.);
#2743 = VERTEX_POINT('',#2744);
#2744 = CARTESIAN_POINT('',(-23.37,34.25,-9.010434814225));
#2745 = LINE('',#2746,#2747);
#2746 = CARTESIAN_POINT('',(-25.37,34.25,-9.010434814225));
#2747 = VECTOR('',#2748,1.);
#2748 = DIRECTION('',(1.,-2.8881784197E-15,2.084505630502E-30));
#2749 = ORIENTED_EDGE('',*,*,#2717,.F.);
#2750 = ORIENTED_EDGE('',*,*,#1026,.T.);
#2751 = ORIENTED_EDGE('',*,*,#2752,.T.);
#2752 = EDGE_CURVE('',#1019,#2753,#2755,.T.);
#2753 = VERTEX_POINT('',#2754);
#2754 = CARTESIAN_POINT('',(-24.37,31.,-12.));
#2755 = ELLIPSE('',#2756,4.242640687119,3.);
#2756 = AXIS2_PLACEMENT_3D('',#2757,#2758,#2759);
#2757 = CARTESIAN_POINT('',(-24.37,34.,-12.));
#2758 = DIRECTION('',(-0.707106781187,4.415046229342E-15,0.707106781187)
  );
#2759 = DIRECTION('',(0.707106781187,-1.551027737605E-15,0.707106781187)
  );
#2760 = ORIENTED_EDGE('',*,*,#2761,.T.);
#2761 = EDGE_CURVE('',#2753,#2762,#2764,.T.);
#2762 = VERTEX_POINT('',#2763);
#2763 = CARTESIAN_POINT('',(-21.97,31.,-12.));
#2764 = LINE('',#2765,#2766);
#2765 = CARTESIAN_POINT('',(-25.37,31.,-12.));
#2766 = VECTOR('',#2767,1.);
#2767 = DIRECTION('',(1.,-5.5481784197E-15,4.447060226905E-30));
#2768 = ORIENTED_EDGE('',*,*,#2769,.F.);
#2769 = EDGE_CURVE('',#2770,#2762,#2772,.T.);
#2770 = VERTEX_POINT('',#2771);
#2771 = CARTESIAN_POINT('',(-21.97,34.,-9.));
#2772 = CIRCLE('',#2773,3.);
#2773 = AXIS2_PLACEMENT_3D('',#2774,#2775,#2776);
#2774 = CARTESIAN_POINT('',(-21.97,34.,-12.));
#2775 = DIRECTION('',(-1.,2.222044604925E-15,-6.661338147751E-16));
#2776 = DIRECTION('',(-6.661338147751E-16,2.22044604925E-16,1.));
#2777 = ORIENTED_EDGE('',*,*,#2778,.F.);
#2778 = EDGE_CURVE('',#2779,#2770,#2781,.T.);
#2779 = VERTEX_POINT('',#2780);
#2780 = CARTESIAN_POINT('',(-21.97,31.25,-10.80104211917));
#2781 = CIRCLE('',#2782,3.);
#2782 = AXIS2_PLACEMENT_3D('',#2783,#2784,#2785);
#2783 = CARTESIAN_POINT('',(-21.97,34.,-12.));
#2784 = DIRECTION('',(-1.,2.222044604925E-15,-6.661338147751E-16));
#2785 = DIRECTION('',(-6.661338147751E-16,2.22044604925E-16,1.));
#2786 = ORIENTED_EDGE('',*,*,#2787,.F.);
#2787 = EDGE_CURVE('',#2788,#2779,#2790,.T.);
#2788 = VERTEX_POINT('',#2789);
#2789 = CARTESIAN_POINT('',(-23.37,31.25,-10.80104211917));
#2790 = LINE('',#2791,#2792);
#2791 = CARTESIAN_POINT('',(-25.37,31.25,-10.80104211917));
#2792 = VECTOR('',#2793,1.);
#2793 = DIRECTION('',(1.,-2.8881784197E-15,2.084505630502E-30));
#2794 = ORIENTED_EDGE('',*,*,#2795,.F.);
#2795 = EDGE_CURVE('',#2796,#2788,#2798,.T.);
#2796 = VERTEX_POINT('',#2797);
#2797 = CARTESIAN_POINT('',(-23.37,34.,-9.));
#2798 = CIRCLE('',#2799,3.);
#2799 = AXIS2_PLACEMENT_3D('',#2800,#2801,#2802);
#2800 = CARTESIAN_POINT('',(-23.37,34.,-12.));
#2801 = DIRECTION('',(1.,-2.222044604925E-15,6.661338147751E-16));
#2802 = DIRECTION('',(-6.661338147751E-16,2.22044604925E-16,1.));
#2803 = ORIENTED_EDGE('',*,*,#2804,.F.);
#2804 = EDGE_CURVE('',#2743,#2796,#2805,.T.);
#2805 = CIRCLE('',#2806,3.);
#2806 = AXIS2_PLACEMENT_3D('',#2807,#2808,#2809);
#2807 = CARTESIAN_POINT('',(-23.37,34.,-12.));
#2808 = DIRECTION('',(1.,-2.222044604925E-15,6.661338147751E-16));
#2809 = DIRECTION('',(-6.661338147751E-16,2.22044604925E-16,1.));
#2810 = CYLINDRICAL_SURFACE('',#2811,3.);
#2811 = AXIS2_PLACEMENT_3D('',#2812,#2813,#2814);
#2812 = CARTESIAN_POINT('',(-25.37,34.,-12.));
#2813 = DIRECTION('',(1.,-2.8881784197E-15,2.084505630502E-30));
#2814 = DIRECTION('',(-6.661338147751E-16,2.22044604925E-16,1.));
#2815 = ADVANCED_FACE('',(#2816),#2854,.T.);
#2816 = FACE_BOUND('',#2817,.F.);
#2817 = EDGE_LOOP('',(#2818,#2819,#2820,#2821,#2829,#2835,#2836,#2842,
    #2843,#2849,#2850,#2851,#2852,#2853));
#2818 = ORIENTED_EDGE('',*,*,#1326,.F.);
#2819 = ORIENTED_EDGE('',*,*,#1018,.T.);
#2820 = ORIENTED_EDGE('',*,*,#2752,.T.);
#2821 = ORIENTED_EDGE('',*,*,#2822,.F.);
#2822 = EDGE_CURVE('',#2823,#2753,#2825,.T.);
#2823 = VERTEX_POINT('',#2824);
#2824 = CARTESIAN_POINT('',(-24.37,28.25,-12.));
#2825 = LINE('',#2826,#2827);
#2826 = CARTESIAN_POINT('',(-24.37,10.25,-12.));
#2827 = VECTOR('',#2828,1.);
#2828 = DIRECTION('',(2.002044604925E-15,1.,-4.4381784197E-15));
#2829 = ORIENTED_EDGE('',*,*,#2830,.F.);
#2830 = EDGE_CURVE('',#2075,#2823,#2831,.T.);
#2831 = LINE('',#2832,#2833);
#2832 = CARTESIAN_POINT('',(-24.37,10.25,-12.));
#2833 = VECTOR('',#2834,1.);
#2834 = DIRECTION('',(2.002044604925E-15,1.,-4.4381784197E-15));
#2835 = ORIENTED_EDGE('',*,*,#2072,.F.);
#2836 = ORIENTED_EDGE('',*,*,#2837,.F.);
#2837 = EDGE_CURVE('',#2187,#2073,#2838,.T.);
#2838 = LINE('',#2839,#2840);
#2839 = CARTESIAN_POINT('',(-24.37,10.25,-12.));
#2840 = VECTOR('',#2841,1.);
#2841 = DIRECTION('',(2.002044604925E-15,1.,-4.4381784197E-15));
#2842 = ORIENTED_EDGE('',*,*,#2184,.F.);
#2843 = ORIENTED_EDGE('',*,*,#2844,.F.);
#2844 = EDGE_CURVE('',#2297,#2185,#2845,.T.);
#2845 = LINE('',#2846,#2847);
#2846 = CARTESIAN_POINT('',(-24.37,10.25,-12.));
#2847 = VECTOR('',#2848,1.);
#2848 = DIRECTION('',(2.002044604925E-15,1.,-4.4381784197E-15));
#2849 = ORIENTED_EDGE('',*,*,#2296,.F.);
#2850 = ORIENTED_EDGE('',*,*,#1311,.F.);
#2851 = ORIENTED_EDGE('',*,*,#2395,.F.);
#2852 = ORIENTED_EDGE('',*,*,#1253,.F.);
#2853 = ORIENTED_EDGE('',*,*,#2481,.F.);
#2854 = PLANE('',#2855);
#2855 = AXIS2_PLACEMENT_3D('',#2856,#2857,#2858);
#2856 = CARTESIAN_POINT('',(-24.87,10.25,-12.5));
#2857 = DIRECTION('',(-0.707106781187,4.415046229342E-15,0.707106781187)
  );
#2858 = DIRECTION('',(-1.898842220632E-15,-1.,4.344976035407E-15));
#2859 = ADVANCED_FACE('',(#2860,#3027,#3038),#3049,.T.);
#2860 = FACE_BOUND('',#2861,.T.);
#2861 = EDGE_LOOP('',(#2862,#2870,#2871,#2872,#2880,#2888,#2894,#2895,
    #2896,#2904,#2912,#2921,#2930,#2938,#2947,#2956,#2964,#2970,#2971,
    #2972,#2980,#2988,#2994,#2995,#2996,#3004,#3012,#3021));
#2862 = ORIENTED_EDGE('',*,*,#2863,.F.);
#2863 = EDGE_CURVE('',#1386,#2864,#2866,.T.);
#2864 = VERTEX_POINT('',#2865);
#2865 = CARTESIAN_POINT('',(21.85,56.5,24.5));
#2866 = LINE('',#2867,#2868);
#2867 = CARTESIAN_POINT('',(21.85,55.229985955056,25.770014044944));
#2868 = VECTOR('',#2869,1.);
#2869 = DIRECTION('',(3.628036983474E-15,0.707106781187,-0.707106781187)
  );
#2870 = ORIENTED_EDGE('',*,*,#1385,.T.);
#2871 = ORIENTED_EDGE('',*,*,#1923,.T.);
#2872 = ORIENTED_EDGE('',*,*,#2873,.F.);
#2873 = EDGE_CURVE('',#2874,#1924,#2876,.T.);
#2874 = VERTEX_POINT('',#2875);
#2875 = CARTESIAN_POINT('',(21.85,1.25,26.5));
#2876 = LINE('',#2877,#2878);
#2877 = CARTESIAN_POINT('',(21.85,1.25,26.5));
#2878 = VECTOR('',#2879,1.);
#2879 = DIRECTION('',(1.762044604925E-15,1.,-4.9281784197E-15));
#2880 = ORIENTED_EDGE('',*,*,#2881,.F.);
#2881 = EDGE_CURVE('',#2882,#2874,#2884,.T.);
#2882 = VERTEX_POINT('',#2883);
#2883 = CARTESIAN_POINT('',(21.85,1.25,23.));
#2884 = LINE('',#2885,#2886);
#2885 = CARTESIAN_POINT('',(21.85,1.25,22.));
#2886 = VECTOR('',#2887,1.);
#2887 = DIRECTION('',(-6.661338147751E-16,3.222044604925E-15,1.));
#2888 = ORIENTED_EDGE('',*,*,#2889,.T.);
#2889 = EDGE_CURVE('',#2882,#1948,#2890,.T.);
#2890 = LINE('',#2891,#2892);
#2891 = CARTESIAN_POINT('',(21.85,1.25,23.));
#2892 = VECTOR('',#2893,1.);
#2893 = DIRECTION('',(1.762044604925E-15,1.,-4.9281784197E-15));
#2894 = ORIENTED_EDGE('',*,*,#1955,.F.);
#2895 = ORIENTED_EDGE('',*,*,#1867,.F.);
#2896 = ORIENTED_EDGE('',*,*,#2897,.T.);
#2897 = EDGE_CURVE('',#1868,#2898,#2900,.T.);
#2898 = VERTEX_POINT('',#2899);
#2899 = CARTESIAN_POINT('',(21.85,31.250000000001,15.249999999999));
#2900 = LINE('',#2901,#2902);
#2901 = CARTESIAN_POINT('',(21.85,24.5,22.));
#2902 = VECTOR('',#2903,1.);
#2903 = DIRECTION('',(3.45646410822E-15,0.707106781187,-0.707106781187)
  );
#2904 = ORIENTED_EDGE('',*,*,#2905,.T.);
#2905 = EDGE_CURVE('',#2898,#2906,#2908,.T.);
#2906 = VERTEX_POINT('',#2907);
#2907 = CARTESIAN_POINT('',(21.85,31.250000000001,8.496662954712));
#2908 = LINE('',#2909,#2910);
#2909 = CARTESIAN_POINT('',(21.85,31.250000000001,15.249999999999));
#2910 = VECTOR('',#2911,1.);
#2911 = DIRECTION('',(2.666133814775E-15,-2.22044604925E-16,-1.));
#2912 = ORIENTED_EDGE('',*,*,#2913,.F.);
#2913 = EDGE_CURVE('',#2914,#2906,#2916,.T.);
#2914 = VERTEX_POINT('',#2915);
#2915 = CARTESIAN_POINT('',(21.85,33.85,4.));
#2916 = CIRCLE('',#2917,3.);
#2917 = AXIS2_PLACEMENT_3D('',#2918,#2919,#2920);
#2918 = CARTESIAN_POINT('',(21.85,33.85,7.));
#2919 = DIRECTION('',(1.,-3.330669073875E-16,2.424790021365E-15));
#2920 = DIRECTION('',(2.424790021365E-15,-1.110223024625E-16,-1.));
#2921 = ORIENTED_EDGE('',*,*,#2922,.F.);
#2922 = EDGE_CURVE('',#2923,#2914,#2925,.T.);
#2923 = VERTEX_POINT('',#2924);
#2924 = CARTESIAN_POINT('',(21.85,31.250000000001,5.503337045288));
#2925 = CIRCLE('',#2926,3.);
#2926 = AXIS2_PLACEMENT_3D('',#2927,#2928,#2929);
#2927 = CARTESIAN_POINT('',(21.85,33.85,7.));
#2928 = DIRECTION('',(1.,-3.330669073875E-16,2.424790021365E-15));
#2929 = DIRECTION('',(2.424790021365E-15,-1.110223024625E-16,-1.));
#2930 = ORIENTED_EDGE('',*,*,#2931,.T.);
#2931 = EDGE_CURVE('',#2923,#2932,#2934,.T.);
#2932 = VERTEX_POINT('',#2933);
#2933 = CARTESIAN_POINT('',(21.85,31.250000000001,-5.503337045289));
#2934 = LINE('',#2935,#2936);
#2935 = CARTESIAN_POINT('',(21.85,31.250000000001,15.249999999999));
#2936 = VECTOR('',#2937,1.);
#2937 = DIRECTION('',(2.666133814775E-15,-2.22044604925E-16,-1.));
#2938 = ORIENTED_EDGE('',*,*,#2939,.F.);
#2939 = EDGE_CURVE('',#2940,#2932,#2942,.T.);
#2940 = VERTEX_POINT('',#2941);
#2941 = CARTESIAN_POINT('',(21.85,33.85,-10.));
#2942 = CIRCLE('',#2943,3.);
#2943 = AXIS2_PLACEMENT_3D('',#2944,#2945,#2946);
#2944 = CARTESIAN_POINT('',(21.85,33.85,-7.));
#2945 = DIRECTION('',(1.,-3.330669073875E-16,2.424790021365E-15));
#2946 = DIRECTION('',(2.424790021365E-15,-1.110223024625E-16,-1.));
#2947 = ORIENTED_EDGE('',*,*,#2948,.F.);
#2948 = EDGE_CURVE('',#2949,#2940,#2951,.T.);
#2949 = VERTEX_POINT('',#2950);
#2950 = CARTESIAN_POINT('',(21.85,31.250000000001,-8.496662954712));
#2951 = CIRCLE('',#2952,3.);
#2952 = AXIS2_PLACEMENT_3D('',#2953,#2954,#2955);
#2953 = CARTESIAN_POINT('',(21.85,33.85,-7.));
#2954 = DIRECTION('',(1.,-3.330669073875E-16,2.424790021365E-15));
#2955 = DIRECTION('',(2.424790021365E-15,-1.110223024625E-16,-1.));
#2956 = ORIENTED_EDGE('',*,*,#2957,.T.);
#2957 = EDGE_CURVE('',#2949,#2958,#2960,.T.);
#2958 = VERTEX_POINT('',#2959);
#2959 = CARTESIAN_POINT('',(21.85,31.250000000001,-15.24999999999));
#2960 = LINE('',#2961,#2962);
#2961 = CARTESIAN_POINT('',(21.85,31.250000000001,15.249999999999));
#2962 = VECTOR('',#2963,1.);
#2963 = DIRECTION('',(2.666133814775E-15,-2.22044604925E-16,-1.));
#2964 = ORIENTED_EDGE('',*,*,#2965,.T.);
#2965 = EDGE_CURVE('',#2958,#1788,#2966,.T.);
#2966 = LINE('',#2967,#2968);
#2967 = CARTESIAN_POINT('',(21.85,31.250000000001,-15.24999999999));
#2968 = VECTOR('',#2969,1.);
#2969 = DIRECTION('',(3.140184917367E-16,-0.707106781187,-0.707106781187
    ));
#2970 = ORIENTED_EDGE('',*,*,#1795,.T.);
#2971 = ORIENTED_EDGE('',*,*,#1653,.T.);
#2972 = ORIENTED_EDGE('',*,*,#2973,.F.);
#2973 = EDGE_CURVE('',#2974,#1646,#2976,.T.);
#2974 = VERTEX_POINT('',#2975);
#2975 = CARTESIAN_POINT('',(21.85,1.25,-23.));
#2976 = LINE('',#2977,#2978);
#2977 = CARTESIAN_POINT('',(21.85,1.25,-23.));
#2978 = VECTOR('',#2979,1.);
#2979 = DIRECTION('',(1.542044604925E-15,1.,2.4818215803E-15));
#2980 = ORIENTED_EDGE('',*,*,#2981,.F.);
#2981 = EDGE_CURVE('',#2982,#2974,#2984,.T.);
#2982 = VERTEX_POINT('',#2983);
#2983 = CARTESIAN_POINT('',(21.85,1.25,-26.5));
#2984 = LINE('',#2985,#2986);
#2985 = CARTESIAN_POINT('',(21.85,1.25,-27.5));
#2986 = VECTOR('',#2987,1.);
#2987 = DIRECTION('',(-6.661338147751E-16,3.222044604925E-15,1.));
#2988 = ORIENTED_EDGE('',*,*,#2989,.T.);
#2989 = EDGE_CURVE('',#2982,#1622,#2990,.T.);
#2990 = LINE('',#2991,#2992);
#2991 = CARTESIAN_POINT('',(21.85,1.25,-26.5));
#2992 = VECTOR('',#2993,1.);
#2993 = DIRECTION('',(1.542044604925E-15,1.,2.4818215803E-15));
#2994 = ORIENTED_EDGE('',*,*,#1621,.F.);
#2995 = ORIENTED_EDGE('',*,*,#1543,.F.);
#2996 = ORIENTED_EDGE('',*,*,#2997,.T.);
#2997 = EDGE_CURVE('',#1536,#2998,#3000,.T.);
#2998 = VERTEX_POINT('',#2999);
#2999 = CARTESIAN_POINT('',(21.85,56.5,-24.5));
#3000 = LINE('',#3001,#3002);
#3001 = CARTESIAN_POINT('',(21.85,55.229985955056,-25.77001404494));
#3002 = VECTOR('',#3003,1.);
#3003 = DIRECTION('',(-5.740184917368E-16,0.707106781187,0.707106781187)
  );
#3004 = ORIENTED_EDGE('',*,*,#3005,.T.);
#3005 = EDGE_CURVE('',#2998,#3006,#3008,.T.);
#3006 = VERTEX_POINT('',#3007);
#3007 = CARTESIAN_POINT('',(21.85,56.5,-14.75635456337));
#3008 = LINE('',#3009,#3010);
#3009 = CARTESIAN_POINT('',(21.85,56.5,-27.5));
#3010 = VECTOR('',#3011,1.);
#3011 = DIRECTION('',(-8.861338147751E-16,2.22044604925E-16,1.));
#3012 = ORIENTED_EDGE('',*,*,#3013,.F.);
#3013 = EDGE_CURVE('',#3014,#3006,#3016,.T.);
#3014 = VERTEX_POINT('',#3015);
#3015 = CARTESIAN_POINT('',(21.85,56.5,14.756354563374));
#3016 = CIRCLE('',#3017,20.);
#3017 = AXIS2_PLACEMENT_3D('',#3018,#3019,#3020);
#3018 = CARTESIAN_POINT('',(21.85,70.,-1.217248937901E-14));
#3019 = DIRECTION('',(1.,-2.222044604925E-15,3.666133814775E-15));
#3020 = DIRECTION('',(2.222044604925E-15,1.,-8.881784197001E-16));
#3021 = ORIENTED_EDGE('',*,*,#3022,.T.);
#3022 = EDGE_CURVE('',#3014,#2864,#3023,.T.);
#3023 = LINE('',#3024,#3025);
#3024 = CARTESIAN_POINT('',(21.85,56.5,-27.5));
#3025 = VECTOR('',#3026,1.);
#3026 = DIRECTION('',(-8.861338147751E-16,2.22044604925E-16,1.));
#3027 = FACE_BOUND('',#3028,.T.);
#3028 = EDGE_LOOP('',(#3029));
#3029 = ORIENTED_EDGE('',*,*,#3030,.F.);
#3030 = EDGE_CURVE('',#3031,#3031,#3033,.T.);
#3031 = VERTEX_POINT('',#3032);
#3032 = CARTESIAN_POINT('',(21.85,54.9,-21.75));
#3033 = CIRCLE('',#3034,1.75);
#3034 = AXIS2_PLACEMENT_3D('',#3035,#3036,#3037);
#3035 = CARTESIAN_POINT('',(21.85,53.15,-21.75));
#3036 = DIRECTION('',(1.,-2.222044604925E-15,3.666133814775E-15));
#3037 = DIRECTION('',(2.222044604925E-15,1.,-8.881784197001E-16));
#3038 = FACE_BOUND('',#3039,.T.);
#3039 = EDGE_LOOP('',(#3040));
#3040 = ORIENTED_EDGE('',*,*,#3041,.F.);
#3041 = EDGE_CURVE('',#3042,#3042,#3044,.T.);
#3042 = VERTEX_POINT('',#3043);
#3043 = CARTESIAN_POINT('',(21.85,54.9,21.75));
#3044 = CIRCLE('',#3045,1.75);
#3045 = AXIS2_PLACEMENT_3D('',#3046,#3047,#3048);
#3046 = CARTESIAN_POINT('',(21.85,53.15,21.75));
#3047 = DIRECTION('',(1.,-2.222044604925E-15,3.666133814775E-15));
#3048 = DIRECTION('',(2.222044604925E-15,1.,-8.881784197001E-16));
#3049 = PLANE('',#3050);
#3050 = AXIS2_PLACEMENT_3D('',#3051,#3052,#3053);
#3051 = CARTESIAN_POINT('',(21.85,29.919943820225,-1.404742484198E-13));
#3052 = DIRECTION('',(1.,-2.1581784197E-15,2.31E-15));
#3053 = DIRECTION('',(-2.976133814775E-15,2.22044604925E-16,1.));
#3054 = ADVANCED_FACE('',(#3055),#3078,.T.);
#3055 = FACE_BOUND('',#3056,.T.);
#3056 = EDGE_LOOP('',(#3057,#3063,#3064,#3072));
#3057 = ORIENTED_EDGE('',*,*,#3058,.F.);
#3058 = EDGE_CURVE('',#1410,#2553,#3059,.T.);
#3059 = LINE('',#3060,#3061);
#3060 = CARTESIAN_POINT('',(-22.37,47.25,26.75));
#3061 = VECTOR('',#3062,1.);
#3062 = DIRECTION('',(-2.419630165265E-16,0.707106781187,-0.707106781187
    ));
#3063 = ORIENTED_EDGE('',*,*,#1409,.T.);
#3064 = ORIENTED_EDGE('',*,*,#3065,.T.);
#3065 = EDGE_CURVE('',#1402,#3066,#3068,.T.);
#3066 = VERTEX_POINT('',#3067);
#3067 = CARTESIAN_POINT('',(17.85,49.5,24.5));
#3068 = LINE('',#3069,#3070);
#3069 = CARTESIAN_POINT('',(17.85,61.75,12.25));
#3070 = VECTOR('',#3071,1.);
#3071 = DIRECTION('',(3.608036983474E-15,0.707106781187,-0.707106781187)
  );
#3072 = ORIENTED_EDGE('',*,*,#3073,.F.);
#3073 = EDGE_CURVE('',#2553,#3066,#3074,.T.);
#3074 = LINE('',#3075,#3076);
#3075 = CARTESIAN_POINT('',(-25.37,49.5,24.5));
#3076 = VECTOR('',#3077,1.);
#3077 = DIRECTION('',(1.,-5.1081784197E-15,4.056261722236E-30));
#3078 = PLANE('',#3079);
#3079 = AXIS2_PLACEMENT_3D('',#3080,#3081,#3082);
#3080 = CARTESIAN_POINT('',(-25.37,48.,26.));
#3081 = DIRECTION('',(6.759815082632E-16,0.707106781187,0.707106781187)
  );
#3082 = DIRECTION('',(1.,-3.698214133075E-15,1.409964286625E-15));
#3083 = ADVANCED_FACE('',(#3084),#3102,.T.);
#3084 = FACE_BOUND('',#3085,.T.);
#3085 = EDGE_LOOP('',(#3086,#3094,#3095,#3096));
#3086 = ORIENTED_EDGE('',*,*,#3087,.F.);
#3087 = EDGE_CURVE('',#1394,#3088,#3090,.T.);
#3088 = VERTEX_POINT('',#3089);
#3089 = CARTESIAN_POINT('',(17.85,56.5,24.5));
#3090 = LINE('',#3091,#3092);
#3091 = CARTESIAN_POINT('',(17.85,67.,14.));
#3092 = VECTOR('',#3093,1.);
#3093 = DIRECTION('',(3.608036983474E-15,0.707106781187,-0.707106781187)
  );
#3094 = ORIENTED_EDGE('',*,*,#1393,.T.);
#3095 = ORIENTED_EDGE('',*,*,#2863,.T.);
#3096 = ORIENTED_EDGE('',*,*,#3097,.F.);
#3097 = EDGE_CURVE('',#3088,#2864,#3098,.T.);
#3098 = LINE('',#3099,#3100);
#3099 = CARTESIAN_POINT('',(17.85,56.5,24.5));
#3100 = VECTOR('',#3101,1.);
#3101 = DIRECTION('',(1.,-5.1081784197E-15,4.056261722236E-30));
#3102 = PLANE('',#3103);
#3103 = AXIS2_PLACEMENT_3D('',#3104,#3105,#3106);
#3104 = CARTESIAN_POINT('',(17.85,55.,26.));
#3105 = DIRECTION('',(4.059815082632E-16,0.707106781187,0.707106781187)
  );
#3106 = DIRECTION('',(1.,-3.507295302154E-15,1.600883117546E-15));
#3107 = ADVANCED_FACE('',(#3108,#3159,#3170),#3181,.T.);
#3108 = FACE_BOUND('',#3109,.T.);
#3109 = EDGE_LOOP('',(#3110,#3118,#3124,#3125,#3126,#3127,#3135,#3144,
    #3152,#3158));
#3110 = ORIENTED_EDGE('',*,*,#3111,.T.);
#3111 = EDGE_CURVE('',#1568,#3112,#3114,.T.);
#3112 = VERTEX_POINT('',#3113);
#3113 = CARTESIAN_POINT('',(17.85,49.5,-24.5));
#3114 = LINE('',#3115,#3116);
#3115 = CARTESIAN_POINT('',(17.85,48.,-26.));
#3116 = VECTOR('',#3117,1.);
#3117 = DIRECTION('',(2.355981508263E-15,0.707106781187,0.707106781187)
  );
#3118 = ORIENTED_EDGE('',*,*,#3119,.T.);
#3119 = EDGE_CURVE('',#3112,#3066,#3120,.T.);
#3120 = LINE('',#3121,#3122);
#3121 = CARTESIAN_POINT('',(17.85,49.5,-27.5));
#3122 = VECTOR('',#3123,1.);
#3123 = DIRECTION('',(-8.861338147751E-16,2.22044604925E-16,1.));
#3124 = ORIENTED_EDGE('',*,*,#3065,.F.);
#3125 = ORIENTED_EDGE('',*,*,#1401,.T.);
#3126 = ORIENTED_EDGE('',*,*,#3087,.T.);
#3127 = ORIENTED_EDGE('',*,*,#3128,.F.);
#3128 = EDGE_CURVE('',#3129,#3088,#3131,.T.);
#3129 = VERTEX_POINT('',#3130);
#3130 = CARTESIAN_POINT('',(17.85,56.5,14.756354563374));
#3131 = LINE('',#3132,#3133);
#3132 = CARTESIAN_POINT('',(17.85,56.5,-27.5));
#3133 = VECTOR('',#3134,1.);
#3134 = DIRECTION('',(-8.861338147751E-16,2.22044604925E-16,1.));
#3135 = ORIENTED_EDGE('',*,*,#3136,.T.);
#3136 = EDGE_CURVE('',#3129,#3137,#3139,.T.);
#3137 = VERTEX_POINT('',#3138);
#3138 = CARTESIAN_POINT('',(17.85,56.5,-14.75635456337));
#3139 = CIRCLE('',#3140,20.);
#3140 = AXIS2_PLACEMENT_3D('',#3141,#3142,#3143);
#3141 = CARTESIAN_POINT('',(17.85,70.,-3.880248937901E-14));
#3142 = DIRECTION('',(1.,-2.272044604925E-15,3.556133814775E-15));
#3143 = DIRECTION('',(2.272044604925E-15,1.,-1.1081784197E-15));
#3144 = ORIENTED_EDGE('',*,*,#3145,.F.);
#3145 = EDGE_CURVE('',#3146,#3137,#3148,.T.);
#3146 = VERTEX_POINT('',#3147);
#3147 = CARTESIAN_POINT('',(17.85,56.5,-24.5));
#3148 = LINE('',#3149,#3150);
#3149 = CARTESIAN_POINT('',(17.85,56.5,-27.5));
#3150 = VECTOR('',#3151,1.);
#3151 = DIRECTION('',(-8.861338147751E-16,2.22044604925E-16,1.));
#3152 = ORIENTED_EDGE('',*,*,#3153,.F.);
#3153 = EDGE_CURVE('',#1534,#3146,#3154,.T.);
#3154 = LINE('',#3155,#3156);
#3155 = CARTESIAN_POINT('',(17.85,53.25,-27.75));
#3156 = VECTOR('',#3157,1.);
#3157 = DIRECTION('',(2.355981508263E-15,0.707106781187,0.707106781187)
  );
#3158 = ORIENTED_EDGE('',*,*,#1575,.T.);
#3159 = FACE_BOUND('',#3160,.T.);
#3160 = EDGE_LOOP('',(#3161));
#3161 = ORIENTED_EDGE('',*,*,#3162,.T.);
#3162 = EDGE_CURVE('',#3163,#3163,#3165,.T.);
#3163 = VERTEX_POINT('',#3164);
#3164 = CARTESIAN_POINT('',(17.85,54.9,21.75));
#3165 = CIRCLE('',#3166,1.75);
#3166 = AXIS2_PLACEMENT_3D('',#3167,#3168,#3169);
#3167 = CARTESIAN_POINT('',(17.85,53.15,21.75));
#3168 = DIRECTION('',(1.,-2.272044604925E-15,3.556133814775E-15));
#3169 = DIRECTION('',(2.272044604925E-15,1.,-1.1081784197E-15));
#3170 = FACE_BOUND('',#3171,.T.);
#3171 = EDGE_LOOP('',(#3172));
#3172 = ORIENTED_EDGE('',*,*,#3173,.T.);
#3173 = EDGE_CURVE('',#3174,#3174,#3176,.T.);
#3174 = VERTEX_POINT('',#3175);
#3175 = CARTESIAN_POINT('',(17.85,54.9,-21.75));
#3176 = CIRCLE('',#3177,1.75);
#3177 = AXIS2_PLACEMENT_3D('',#3178,#3179,#3180);
#3178 = CARTESIAN_POINT('',(17.85,53.15,-21.75));
#3179 = DIRECTION('',(1.,-2.272044604925E-15,3.556133814775E-15));
#3180 = DIRECTION('',(2.272044604925E-15,1.,-1.1081784197E-15));
#3181 = PLANE('',#3182);
#3182 = AXIS2_PLACEMENT_3D('',#3183,#3184,#3185);
#3183 = CARTESIAN_POINT('',(17.85,49.5,-27.5));
#3184 = DIRECTION('',(-1.,8.881784197001E-16,-2.2E-16));
#3185 = DIRECTION('',(2.22044604925E-16,1.,-1.1081784197E-15));
#3186 = ADVANCED_FACE('',(#3187),#3206,.F.);
#3187 = FACE_BOUND('',#3188,.T.);
#3188 = EDGE_LOOP('',(#3189,#3197,#3204,#3205));
#3189 = ORIENTED_EDGE('',*,*,#3190,.T.);
#3190 = EDGE_CURVE('',#1434,#3191,#3193,.T.);
#3191 = VERTEX_POINT('',#3192);
#3192 = CARTESIAN_POINT('',(19.,42.75,22.5));
#3193 = LINE('',#3194,#3195);
#3194 = CARTESIAN_POINT('',(19.,42.75,27.5));
#3195 = VECTOR('',#3196,1.);
#3196 = DIRECTION('',(1.666133814775E-15,2.777955395075E-15,-1.));
#3197 = ORIENTED_EDGE('',*,*,#3198,.T.);
#3198 = EDGE_CURVE('',#3191,#3191,#3199,.T.);
#3199 = CIRCLE('',#3200,1.5);
#3200 = AXIS2_PLACEMENT_3D('',#3201,#3202,#3203);
#3201 = CARTESIAN_POINT('',(17.5,42.75,22.5));
#3202 = DIRECTION('',(1.33E-15,1.9918215803E-15,-1.));
#3203 = DIRECTION('',(1.,-1.3281784197E-15,1.33E-15));
#3204 = ORIENTED_EDGE('',*,*,#3190,.F.);
#3205 = ORIENTED_EDGE('',*,*,#1433,.F.);
#3206 = CYLINDRICAL_SURFACE('',#3207,1.5);
#3207 = AXIS2_PLACEMENT_3D('',#3208,#3209,#3210);
#3208 = CARTESIAN_POINT('',(17.5,42.75,27.5));
#3209 = DIRECTION('',(-1.996133814775E-15,-2.997955395075E-15,1.));
#3210 = DIRECTION('',(1.,-1.2181784197E-15,1.33E-15));
#3211 = ADVANCED_FACE('',(#3212),#3231,.F.);
#3212 = FACE_BOUND('',#3213,.T.);
#3213 = EDGE_LOOP('',(#3214,#3222,#3229,#3230));
#3214 = ORIENTED_EDGE('',*,*,#3215,.T.);
#3215 = EDGE_CURVE('',#1445,#3216,#3218,.T.);
#3216 = VERTEX_POINT('',#3217);
#3217 = CARTESIAN_POINT('',(-16.,42.75,22.5));
#3218 = LINE('',#3219,#3220);
#3219 = CARTESIAN_POINT('',(-16.,42.75,27.5));
#3220 = VECTOR('',#3221,1.);
#3221 = DIRECTION('',(1.666133814775E-15,2.777955395075E-15,-1.));
#3222 = ORIENTED_EDGE('',*,*,#3223,.T.);
#3223 = EDGE_CURVE('',#3216,#3216,#3224,.T.);
#3224 = CIRCLE('',#3225,1.5);
#3225 = AXIS2_PLACEMENT_3D('',#3226,#3227,#3228);
#3226 = CARTESIAN_POINT('',(-17.5,42.75,22.5));
#3227 = DIRECTION('',(1.33E-15,1.9918215803E-15,-1.));
#3228 = DIRECTION('',(1.,-1.3281784197E-15,1.33E-15));
#3229 = ORIENTED_EDGE('',*,*,#3215,.F.);
#3230 = ORIENTED_EDGE('',*,*,#1444,.F.);
#3231 = CYLINDRICAL_SURFACE('',#3232,1.5);
#3232 = AXIS2_PLACEMENT_3D('',#3233,#3234,#3235);
#3233 = CARTESIAN_POINT('',(-17.5,42.75,27.5));
#3234 = DIRECTION('',(-1.996133814775E-15,-2.997955395075E-15,1.));
#3235 = DIRECTION('',(1.,-1.2181784197E-15,1.33E-15));
#3236 = ADVANCED_FACE('',(#3237),#3242,.F.);
#3237 = FACE_BOUND('',#3238,.F.);
#3238 = EDGE_LOOP('',(#3239,#3240,#3241));
#3239 = ORIENTED_EDGE('',*,*,#1470,.F.);
#3240 = ORIENTED_EDGE('',*,*,#2633,.T.);
#3241 = ORIENTED_EDGE('',*,*,#2612,.F.);
#3242 = PLANE('',#3243);
#3243 = AXIS2_PLACEMENT_3D('',#3244,#3245,#3246);
#3244 = CARTESIAN_POINT('',(-22.37,-10.25,24.5));
#3245 = DIRECTION('',(0.57735026919,0.57735026919,-0.57735026919));
#3246 = DIRECTION('',(-0.707106781187,-1.194306799333E-15,
    -0.707106781187));
#3247 = ADVANCED_FACE('',(#3248),#3253,.T.);
#3248 = FACE_BOUND('',#3249,.T.);
#3249 = EDGE_LOOP('',(#3250,#3251,#3252));
#3250 = ORIENTED_EDGE('',*,*,#1511,.F.);
#3251 = ORIENTED_EDGE('',*,*,#2626,.T.);
#3252 = ORIENTED_EDGE('',*,*,#2590,.F.);
#3253 = PLANE('',#3254);
#3254 = AXIS2_PLACEMENT_3D('',#3255,#3256,#3257);
#3255 = CARTESIAN_POINT('',(-22.37,-10.25,-24.5));
#3256 = DIRECTION('',(-0.57735026919,-0.57735026919,-0.57735026919));
#3257 = DIRECTION('',(-0.707106781187,4.559804513067E-15,0.707106781187)
  );
#3258 = ADVANCED_FACE('',(#3259),#3270,.T.);
#3259 = FACE_BOUND('',#3260,.F.);
#3260 = EDGE_LOOP('',(#3261,#3262,#3263,#3264));
#3261 = ORIENTED_EDGE('',*,*,#3153,.F.);
#3262 = ORIENTED_EDGE('',*,*,#1533,.T.);
#3263 = ORIENTED_EDGE('',*,*,#2997,.T.);
#3264 = ORIENTED_EDGE('',*,*,#3265,.F.);
#3265 = EDGE_CURVE('',#3146,#2998,#3266,.T.);
#3266 = LINE('',#3267,#3268);
#3267 = CARTESIAN_POINT('',(17.85,56.5,-24.5));
#3268 = VECTOR('',#3269,1.);
#3269 = DIRECTION('',(1.,-5.1081784197E-15,4.056261722236E-30));
#3270 = PLANE('',#3271);
#3271 = AXIS2_PLACEMENT_3D('',#3272,#3273,#3274);
#3272 = CARTESIAN_POINT('',(17.85,55.,-26.));
#3273 = DIRECTION('',(2.138036983474E-15,0.707106781187,-0.707106781187)
  );
#3274 = DIRECTION('',(-1.,4.065909659292E-15,1.042268760408E-15));
#3275 = ADVANCED_FACE('',(#3276),#3292,.T.);
#3276 = FACE_BOUND('',#3277,.F.);
#3277 = EDGE_LOOP('',(#3278,#3284,#3285,#3286));
#3278 = ORIENTED_EDGE('',*,*,#3279,.F.);
#3279 = EDGE_CURVE('',#1560,#2561,#3280,.T.);
#3280 = LINE('',#3281,#3282);
#3281 = CARTESIAN_POINT('',(-22.37,47.25,-26.75));
#3282 = VECTOR('',#3283,1.);
#3283 = DIRECTION('',(9.785981508263E-15,0.707106781187,0.707106781187)
  );
#3284 = ORIENTED_EDGE('',*,*,#1567,.T.);
#3285 = ORIENTED_EDGE('',*,*,#3111,.T.);
#3286 = ORIENTED_EDGE('',*,*,#3287,.F.);
#3287 = EDGE_CURVE('',#2561,#3112,#3288,.T.);
#3288 = LINE('',#3289,#3290);
#3289 = CARTESIAN_POINT('',(-25.37,49.5,-24.5));
#3290 = VECTOR('',#3291,1.);
#3291 = DIRECTION('',(1.,-5.1081784197E-15,4.056261722236E-30));
#3292 = PLANE('',#3293);
#3293 = AXIS2_PLACEMENT_3D('',#3294,#3295,#3296);
#3294 = CARTESIAN_POINT('',(-25.37,48.,-26.));
#3295 = DIRECTION('',(1.868036983474E-15,0.707106781187,-0.707106781187)
  );
#3296 = DIRECTION('',(-1.,3.874990828371E-15,1.233187591329E-15));
#3297 = ADVANCED_FACE('',(#3298),#3317,.F.);
#3298 = FACE_BOUND('',#3299,.F.);
#3299 = EDGE_LOOP('',(#3300,#3308,#3315,#3316));
#3300 = ORIENTED_EDGE('',*,*,#3301,.T.);
#3301 = EDGE_CURVE('',#1584,#3302,#3304,.T.);
#3302 = VERTEX_POINT('',#3303);
#3303 = CARTESIAN_POINT('',(19.,42.75,-22.5));
#3304 = LINE('',#3305,#3306);
#3305 = CARTESIAN_POINT('',(19.,42.75,-27.5));
#3306 = VECTOR('',#3307,1.);
#3307 = DIRECTION('',(-7.761338147751E-16,3.882044604925E-15,1.));
#3308 = ORIENTED_EDGE('',*,*,#3309,.T.);
#3309 = EDGE_CURVE('',#3302,#3302,#3310,.T.);
#3310 = CIRCLE('',#3311,1.5);
#3311 = AXIS2_PLACEMENT_3D('',#3312,#3313,#3314);
#3312 = CARTESIAN_POINT('',(17.5,42.75,-22.5));
#3313 = DIRECTION('',(-4.03342579292E-30,-4.8881784197E-15,-1.));
#3314 = DIRECTION('',(1.,-8.881784197001E-16,3.08148791102E-31));
#3315 = ORIENTED_EDGE('',*,*,#3301,.F.);
#3316 = ORIENTED_EDGE('',*,*,#1583,.F.);
#3317 = CYLINDRICAL_SURFACE('',#3318,1.5);
#3318 = AXIS2_PLACEMENT_3D('',#3319,#3320,#3321);
#3319 = CARTESIAN_POINT('',(17.5,42.75,-27.5));
#3320 = DIRECTION('',(4.461338147751E-16,-4.112044604925E-15,-1.));
#3321 = DIRECTION('',(1.,-9.981784197001E-16,-2.2E-16));
#3322 = ADVANCED_FACE('',(#3323),#3342,.F.);
#3323 = FACE_BOUND('',#3324,.F.);
#3324 = EDGE_LOOP('',(#3325,#3333,#3340,#3341));
#3325 = ORIENTED_EDGE('',*,*,#3326,.T.);
#3326 = EDGE_CURVE('',#1595,#3327,#3329,.T.);
#3327 = VERTEX_POINT('',#3328);
#3328 = CARTESIAN_POINT('',(-16.,42.75,-22.5));
#3329 = LINE('',#3330,#3331);
#3330 = CARTESIAN_POINT('',(-16.,42.75,-27.5));
#3331 = VECTOR('',#3332,1.);
#3332 = DIRECTION('',(-7.761338147751E-16,3.882044604925E-15,1.));
#3333 = ORIENTED_EDGE('',*,*,#3334,.T.);
#3334 = EDGE_CURVE('',#3327,#3327,#3335,.T.);
#3335 = CIRCLE('',#3336,1.5);
#3336 = AXIS2_PLACEMENT_3D('',#3337,#3338,#3339);
#3337 = CARTESIAN_POINT('',(-17.5,42.75,-22.5));
#3338 = DIRECTION('',(-4.03342579292E-30,-4.8881784197E-15,-1.));
#3339 = DIRECTION('',(1.,-8.881784197001E-16,3.08148791102E-31));
#3340 = ORIENTED_EDGE('',*,*,#3326,.F.);
#3341 = ORIENTED_EDGE('',*,*,#1594,.F.);
#3342 = CYLINDRICAL_SURFACE('',#3343,1.5);
#3343 = AXIS2_PLACEMENT_3D('',#3344,#3345,#3346);
#3344 = CARTESIAN_POINT('',(-17.5,42.75,-27.5));
#3345 = DIRECTION('',(4.461338147751E-16,-4.112044604925E-15,-1.));
#3346 = DIRECTION('',(1.,-9.981784197001E-16,-2.2E-16));
#3347 = ADVANCED_FACE('',(#3348,#3366),#3377,.T.);
#3348 = FACE_BOUND('',#3349,.F.);
#3349 = EDGE_LOOP('',(#3350,#3351,#3352,#3360));
#3350 = ORIENTED_EDGE('',*,*,#2989,.T.);
#3351 = ORIENTED_EDGE('',*,*,#1629,.T.);
#3352 = ORIENTED_EDGE('',*,*,#3353,.F.);
#3353 = EDGE_CURVE('',#3354,#1630,#3356,.T.);
#3354 = VERTEX_POINT('',#3355);
#3355 = CARTESIAN_POINT('',(12.349999999943,1.25,-26.5));
#3356 = LINE('',#3357,#3358);
#3357 = CARTESIAN_POINT('',(12.349999999943,1.25,-26.5));
#3358 = VECTOR('',#3359,1.);
#3359 = DIRECTION('',(1.542044604925E-15,1.,2.4818215803E-15));
#3360 = ORIENTED_EDGE('',*,*,#3361,.F.);
#3361 = EDGE_CURVE('',#2982,#3354,#3362,.T.);
#3362 = LINE('',#3363,#3364);
#3363 = CARTESIAN_POINT('',(21.85,1.25,-26.5));
#3364 = VECTOR('',#3365,1.);
#3365 = DIRECTION('',(-1.,3.3281784197E-15,-4.4E-16));
#3366 = FACE_BOUND('',#3367,.F.);
#3367 = EDGE_LOOP('',(#3368));
#3368 = ORIENTED_EDGE('',*,*,#3369,.T.);
#3369 = EDGE_CURVE('',#3370,#3370,#3372,.T.);
#3370 = VERTEX_POINT('',#3371);
#3371 = CARTESIAN_POINT('',(19.,7.75,-26.5));
#3372 = CIRCLE('',#3373,1.5);
#3373 = AXIS2_PLACEMENT_3D('',#3374,#3375,#3376);
#3374 = CARTESIAN_POINT('',(17.5,7.75,-26.5));
#3375 = DIRECTION('',(-4.03342579292E-30,-4.8881784197E-15,-1.));
#3376 = DIRECTION('',(1.,-1.3281784197E-15,2.45894729577E-30));
#3377 = PLANE('',#3378);
#3378 = AXIS2_PLACEMENT_3D('',#3379,#3380,#3381);
#3379 = CARTESIAN_POINT('',(21.85,1.25,-26.5));
#3380 = DIRECTION('',(1.556133814775E-15,3.147955395075E-15,-1.));
#3381 = DIRECTION('',(1.,-2.8681784197E-15,8.9E-16));
#3382 = ADVANCED_FACE('',(#3383),#3401,.F.);
#3383 = FACE_BOUND('',#3384,.T.);
#3384 = EDGE_LOOP('',(#3385,#3393,#3394,#3395));
#3385 = ORIENTED_EDGE('',*,*,#3386,.T.);
#3386 = EDGE_CURVE('',#3387,#1638,#3389,.T.);
#3387 = VERTEX_POINT('',#3388);
#3388 = CARTESIAN_POINT('',(12.349999999943,1.25,-23.));
#3389 = LINE('',#3390,#3391);
#3390 = CARTESIAN_POINT('',(12.349999999943,1.25,-23.));
#3391 = VECTOR('',#3392,1.);
#3392 = DIRECTION('',(1.542044604925E-15,1.,2.4818215803E-15));
#3393 = ORIENTED_EDGE('',*,*,#1637,.T.);
#3394 = ORIENTED_EDGE('',*,*,#3353,.F.);
#3395 = ORIENTED_EDGE('',*,*,#3396,.F.);
#3396 = EDGE_CURVE('',#3387,#3354,#3397,.T.);
#3397 = LINE('',#3398,#3399);
#3398 = CARTESIAN_POINT('',(12.349999999943,1.25,-23.));
#3399 = VECTOR('',#3400,1.);
#3400 = DIRECTION('',(1.106133814775E-15,2.967955395075E-15,-1.));
#3401 = PLANE('',#3402);
#3402 = AXIS2_PLACEMENT_3D('',#3403,#3404,#3405);
#3403 = CARTESIAN_POINT('',(12.349999999943,1.25,-23.));
#3404 = DIRECTION('',(1.,-2.6481784197E-15,6.7E-16));
#3405 = DIRECTION('',(-1.336133814775E-15,-2.927955395075E-15,1.));
#3406 = ADVANCED_FACE('',(#3407,#3418),#3429,.F.);
#3407 = FACE_BOUND('',#3408,.T.);
#3408 = EDGE_LOOP('',(#3409,#3410,#3411,#3412));
#3409 = ORIENTED_EDGE('',*,*,#2973,.T.);
#3410 = ORIENTED_EDGE('',*,*,#1645,.T.);
#3411 = ORIENTED_EDGE('',*,*,#3386,.F.);
#3412 = ORIENTED_EDGE('',*,*,#3413,.F.);
#3413 = EDGE_CURVE('',#2974,#3387,#3414,.T.);
#3414 = LINE('',#3415,#3416);
#3415 = CARTESIAN_POINT('',(21.85,1.25,-23.));
#3416 = VECTOR('',#3417,1.);
#3417 = DIRECTION('',(-1.,3.3281784197E-15,-4.4E-16));
#3418 = FACE_BOUND('',#3419,.T.);
#3419 = EDGE_LOOP('',(#3420));
#3420 = ORIENTED_EDGE('',*,*,#3421,.T.);
#3421 = EDGE_CURVE('',#3422,#3422,#3424,.T.);
#3422 = VERTEX_POINT('',#3423);
#3423 = CARTESIAN_POINT('',(19.,7.75,-23.));
#3424 = CIRCLE('',#3425,1.5);
#3425 = AXIS2_PLACEMENT_3D('',#3426,#3427,#3428);
#3426 = CARTESIAN_POINT('',(17.5,7.75,-23.));
#3427 = DIRECTION('',(-4.03342579292E-30,-4.8881784197E-15,-1.));
#3428 = DIRECTION('',(1.,-1.3281784197E-15,2.45894729577E-30));
#3429 = PLANE('',#3430);
#3430 = AXIS2_PLACEMENT_3D('',#3431,#3432,#3433);
#3431 = CARTESIAN_POINT('',(21.85,1.25,-23.));
#3432 = DIRECTION('',(1.556133814775E-15,3.147955395075E-15,-1.));
#3433 = DIRECTION('',(1.,-2.8681784197E-15,8.9E-16));
#3434 = ADVANCED_FACE('',(#3435),#3441,.F.);
#3435 = FACE_BOUND('',#3436,.T.);
#3436 = EDGE_LOOP('',(#3437,#3438,#3439,#3440));
#3437 = ORIENTED_EDGE('',*,*,#1690,.T.);
#3438 = ORIENTED_EDGE('',*,*,#1676,.T.);
#3439 = ORIENTED_EDGE('',*,*,#1749,.F.);
#3440 = ORIENTED_EDGE('',*,*,#1735,.F.);
#3441 = PLANE('',#3442);
#3442 = AXIS2_PLACEMENT_3D('',#3443,#3444,#3445);
#3443 = CARTESIAN_POINT('',(-11.87,1.25,-26.5));
#3444 = DIRECTION('',(-1.,2.648178419698E-15,-8.22571E-12));
#3445 = DIRECTION('',(8.226376133815E-12,2.927955395068E-15,-1.));
#3446 = ADVANCED_FACE('',(#3447),#3458,.F.);
#3447 = FACE_BOUND('',#3448,.F.);
#3448 = EDGE_LOOP('',(#3449,#3450,#3456,#3457));
#3449 = ORIENTED_EDGE('',*,*,#1708,.F.);
#3450 = ORIENTED_EDGE('',*,*,#3451,.T.);
#3451 = EDGE_CURVE('',#1709,#1761,#3452,.T.);
#3452 = LINE('',#3453,#3454);
#3453 = CARTESIAN_POINT('',(-16.,7.75,-27.5));
#3454 = VECTOR('',#3455,1.);
#3455 = DIRECTION('',(-7.761338147751E-16,3.882044604925E-15,1.));
#3456 = ORIENTED_EDGE('',*,*,#1760,.T.);
#3457 = ORIENTED_EDGE('',*,*,#3451,.F.);
#3458 = CYLINDRICAL_SURFACE('',#3459,1.5);
#3459 = AXIS2_PLACEMENT_3D('',#3460,#3461,#3462);
#3460 = CARTESIAN_POINT('',(-17.5,7.75,-27.5));
#3461 = DIRECTION('',(4.461338147751E-16,-4.112044604925E-15,-1.));
#3462 = DIRECTION('',(1.,-9.981784197001E-16,-2.2E-16));
#3463 = ADVANCED_FACE('',(#3464),#3481,.F.);
#3464 = FACE_BOUND('',#3465,.F.);
#3465 = EDGE_LOOP('',(#3466,#3474,#3475));
#3466 = ORIENTED_EDGE('',*,*,#3467,.F.);
#3467 = EDGE_CURVE('',#1778,#3468,#3470,.T.);
#3468 = VERTEX_POINT('',#3469);
#3469 = CARTESIAN_POINT('',(14.63,31.250000000001,-15.24999999999));
#3470 = LINE('',#3471,#3472);
#3471 = CARTESIAN_POINT('',(14.63,28.187500000001,-18.31249999999));
#3472 = VECTOR('',#3473,1.);
#3473 = DIRECTION('',(2.635981508263E-15,0.707106781187,0.707106781187)
  );
#3474 = ORIENTED_EDGE('',*,*,#1777,.T.);
#3475 = ORIENTED_EDGE('',*,*,#3476,.T.);
#3476 = EDGE_CURVE('',#1780,#3468,#3477,.T.);
#3477 = LINE('',#3478,#3479);
#3478 = CARTESIAN_POINT('',(14.63,31.250000000001,-27.5));
#3479 = VECTOR('',#3480,1.);
#3480 = DIRECTION('',(-8.861338147751E-16,2.22044604925E-16,1.));
#3481 = PLANE('',#3482);
#3482 = AXIS2_PLACEMENT_3D('',#3483,#3484,#3485);
#3483 = CARTESIAN_POINT('',(14.63,31.250000000001,-27.5));
#3484 = DIRECTION('',(1.,-6.281784197001E-16,2.2E-16));
#3485 = DIRECTION('',(3.795539507497E-17,-1.,1.1081784197E-15));
#3486 = ADVANCED_FACE('',(#3487,#3565),#3642,.T.);
#3487 = FACE_BOUND('',#3488,.T.);
#3488 = EDGE_LOOP('',(#3489,#3490,#3498,#3504,#3505,#3511,#3512,#3513,
    #3519,#3520,#3528,#3536,#3542,#3543,#3551,#3559));
#3489 = ORIENTED_EDGE('',*,*,#2905,.F.);
#3490 = ORIENTED_EDGE('',*,*,#3491,.T.);
#3491 = EDGE_CURVE('',#2898,#3492,#3494,.T.);
#3492 = VERTEX_POINT('',#3493);
#3493 = CARTESIAN_POINT('',(14.63,31.250000000001,15.249999999999));
#3494 = LINE('',#3495,#3496);
#3495 = CARTESIAN_POINT('',(21.85,31.250000000001,15.249999999999));
#3496 = VECTOR('',#3497,1.);
#3497 = DIRECTION('',(-1.,3.4381784197E-15,-2.11E-15));
#3498 = ORIENTED_EDGE('',*,*,#3499,.T.);
#3499 = EDGE_CURVE('',#3492,#1884,#3500,.T.);
#3500 = LINE('',#3501,#3502);
#3501 = CARTESIAN_POINT('',(14.63,31.250000000001,-27.5));
#3502 = VECTOR('',#3503,1.);
#3503 = DIRECTION('',(-8.861338147751E-16,2.22044604925E-16,1.));
#3504 = ORIENTED_EDGE('',*,*,#1891,.T.);
#3505 = ORIENTED_EDGE('',*,*,#3506,.F.);
#3506 = EDGE_CURVE('',#1812,#1892,#3507,.T.);
#3507 = LINE('',#3508,#3509);
#3508 = CARTESIAN_POINT('',(-10.87,31.25,-27.5));
#3509 = VECTOR('',#3510,1.);
#3510 = DIRECTION('',(-8.861338147751E-16,2.22044604925E-16,1.));
#3511 = ORIENTED_EDGE('',*,*,#1819,.T.);
#3512 = ORIENTED_EDGE('',*,*,#3476,.T.);
#3513 = ORIENTED_EDGE('',*,*,#3514,.F.);
#3514 = EDGE_CURVE('',#2958,#3468,#3515,.T.);
#3515 = LINE('',#3516,#3517);
#3516 = CARTESIAN_POINT('',(21.85,31.250000000001,-15.24999999999));
#3517 = VECTOR('',#3518,1.);
#3518 = DIRECTION('',(-1.,3.4381784197E-15,-2.11E-15));
#3519 = ORIENTED_EDGE('',*,*,#2957,.F.);
#3520 = ORIENTED_EDGE('',*,*,#3521,.T.);
#3521 = EDGE_CURVE('',#2949,#3522,#3524,.T.);
#3522 = VERTEX_POINT('',#3523);
#3523 = CARTESIAN_POINT('',(18.45,31.250000000001,-8.496662954712));
#3524 = LINE('',#3525,#3526);
#3525 = CARTESIAN_POINT('',(21.85,31.250000000002,-8.496662954712));
#3526 = VECTOR('',#3527,1.);
#3527 = DIRECTION('',(-1.,5.551115123126E-16,-2.20274541644E-15));
#3528 = ORIENTED_EDGE('',*,*,#3529,.T.);
#3529 = EDGE_CURVE('',#3522,#3530,#3532,.T.);
#3530 = VERTEX_POINT('',#3531);
#3531 = CARTESIAN_POINT('',(18.45,31.250000000001,-5.503337045288));
#3532 = LINE('',#3533,#3534);
#3533 = CARTESIAN_POINT('',(18.45,31.250000000001,-3.5));
#3534 = VECTOR('',#3535,1.);
#3535 = DIRECTION('',(-2.424790021365E-15,2.286133814775E-15,1.));
#3536 = ORIENTED_EDGE('',*,*,#3537,.F.);
#3537 = EDGE_CURVE('',#2932,#3530,#3538,.T.);
#3538 = LINE('',#3539,#3540);
#3539 = CARTESIAN_POINT('',(21.85,31.250000000002,-5.503337045288));
#3540 = VECTOR('',#3541,1.);
#3541 = DIRECTION('',(-1.,5.551115123126E-16,-2.20274541644E-15));
#3542 = ORIENTED_EDGE('',*,*,#2931,.F.);
#3543 = ORIENTED_EDGE('',*,*,#3544,.T.);
#3544 = EDGE_CURVE('',#2923,#3545,#3547,.T.);
#3545 = VERTEX_POINT('',#3546);
#3546 = CARTESIAN_POINT('',(18.45,31.250000000001,5.503337045288));
#3547 = LINE('',#3548,#3549);
#3548 = CARTESIAN_POINT('',(21.85,31.250000000002,5.503337045288));
#3549 = VECTOR('',#3550,1.);
#3550 = DIRECTION('',(-1.,5.551115123126E-16,-2.20274541644E-15));
#3551 = ORIENTED_EDGE('',*,*,#3552,.T.);
#3552 = EDGE_CURVE('',#3545,#3553,#3555,.T.);
#3553 = VERTEX_POINT('',#3554);
#3554 = CARTESIAN_POINT('',(18.45,31.250000000001,8.496662954712));
#3555 = LINE('',#3556,#3557);
#3556 = CARTESIAN_POINT('',(18.45,31.250000000001,3.5));
#3557 = VECTOR('',#3558,1.);
#3558 = DIRECTION('',(-2.424790021365E-15,2.286133814775E-15,1.));
#3559 = ORIENTED_EDGE('',*,*,#3560,.F.);
#3560 = EDGE_CURVE('',#2906,#3553,#3561,.T.);
#3561 = LINE('',#3562,#3563);
#3562 = CARTESIAN_POINT('',(21.85,31.250000000002,8.496662954712));
#3563 = VECTOR('',#3564,1.);
#3564 = DIRECTION('',(-1.,5.551115123126E-16,-2.20274541644E-15));
#3565 = FACE_BOUND('',#3566,.T.);
#3566 = EDGE_LOOP('',(#3567,#3577,#3585,#3593,#3602,#3611,#3619,#3627,
    #3635));
#3567 = ORIENTED_EDGE('',*,*,#3568,.T.);
#3568 = EDGE_CURVE('',#3569,#3571,#3573,.T.);
#3569 = VERTEX_POINT('',#3570);
#3570 = CARTESIAN_POINT('',(-7.37,31.25,3.707505900197));
#3571 = VERTEX_POINT('',#3572);
#3572 = CARTESIAN_POINT('',(-7.37,31.250000000001,12.25));
#3573 = LINE('',#3574,#3575);
#3574 = CARTESIAN_POINT('',(-7.37,31.25,-27.5));
#3575 = VECTOR('',#3576,1.);
#3576 = DIRECTION('',(-8.861338147751E-16,2.22044604925E-16,1.));
#3577 = ORIENTED_EDGE('',*,*,#3578,.F.);
#3578 = EDGE_CURVE('',#3579,#3571,#3581,.T.);
#3579 = VERTEX_POINT('',#3580);
#3580 = CARTESIAN_POINT('',(7.38,31.250000000002,12.25));
#3581 = LINE('',#3582,#3583);
#3582 = CARTESIAN_POINT('',(-0.745,31.250000000002,12.25));
#3583 = VECTOR('',#3584,1.);
#3584 = DIRECTION('',(-1.,2.1081784197E-15,-2.2E-16));
#3585 = ORIENTED_EDGE('',*,*,#3586,.F.);
#3586 = EDGE_CURVE('',#3587,#3579,#3589,.T.);
#3587 = VERTEX_POINT('',#3588);
#3588 = CARTESIAN_POINT('',(7.38,31.250000000001,3.687560169001));
#3589 = LINE('',#3590,#3591);
#3590 = CARTESIAN_POINT('',(7.38,31.250000000001,-27.5));
#3591 = VECTOR('',#3592,1.);
#3592 = DIRECTION('',(-8.861338147751E-16,2.22044604925E-16,1.));
#3593 = ORIENTED_EDGE('',*,*,#3594,.T.);
#3594 = EDGE_CURVE('',#3587,#3595,#3597,.T.);
#3595 = VERTEX_POINT('',#3596);
#3596 = CARTESIAN_POINT('',(8.25,31.250000000001,-6.375557561563E-14));
#3597 = CIRCLE('',#3598,8.25);
#3598 = AXIS2_PLACEMENT_3D('',#3599,#3600,#3601);
#3599 = CARTESIAN_POINT('',(2.727889390391E-14,31.250000000001,
    -6.797557561563E-14));
#3600 = DIRECTION('',(1.1081784197E-15,1.,-2.22044604925E-16));
#3601 = DIRECTION('',(1.,-1.1081784197E-15,2.2E-16));
#3602 = ORIENTED_EDGE('',*,*,#3603,.T.);
#3603 = EDGE_CURVE('',#3595,#3604,#3606,.T.);
#3604 = VERTEX_POINT('',#3605);
#3605 = CARTESIAN_POINT('',(7.38,31.250000000001,-3.687560169001));
#3606 = CIRCLE('',#3607,8.25);
#3607 = AXIS2_PLACEMENT_3D('',#3608,#3609,#3610);
#3608 = CARTESIAN_POINT('',(2.727889390391E-14,31.250000000001,
    -6.797557561563E-14));
#3609 = DIRECTION('',(1.1081784197E-15,1.,-2.22044604925E-16));
#3610 = DIRECTION('',(1.,-1.1081784197E-15,2.2E-16));
#3611 = ORIENTED_EDGE('',*,*,#3612,.F.);
#3612 = EDGE_CURVE('',#3613,#3604,#3615,.T.);
#3613 = VERTEX_POINT('',#3614);
#3614 = CARTESIAN_POINT('',(7.38,31.250000000001,-12.25));
#3615 = LINE('',#3616,#3617);
#3616 = CARTESIAN_POINT('',(7.38,31.250000000001,-27.5));
#3617 = VECTOR('',#3618,1.);
#3618 = DIRECTION('',(-8.861338147751E-16,2.22044604925E-16,1.));
#3619 = ORIENTED_EDGE('',*,*,#3620,.F.);
#3620 = EDGE_CURVE('',#3621,#3613,#3623,.T.);
#3621 = VERTEX_POINT('',#3622);
#3622 = CARTESIAN_POINT('',(-7.37,31.250000000001,-12.25));
#3623 = LINE('',#3624,#3625);
#3624 = CARTESIAN_POINT('',(8.13,31.250000000002,-12.25));
#3625 = VECTOR('',#3626,1.);
#3626 = DIRECTION('',(1.,-2.1081784197E-15,2.2E-16));
#3627 = ORIENTED_EDGE('',*,*,#3628,.T.);
#3628 = EDGE_CURVE('',#3621,#3629,#3631,.T.);
#3629 = VERTEX_POINT('',#3630);
#3630 = CARTESIAN_POINT('',(-7.37,31.25,-3.707505900198));
#3631 = LINE('',#3632,#3633);
#3632 = CARTESIAN_POINT('',(-7.37,31.25,-27.5));
#3633 = VECTOR('',#3634,1.);
#3634 = DIRECTION('',(-8.861338147751E-16,2.22044604925E-16,1.));
#3635 = ORIENTED_EDGE('',*,*,#3636,.T.);
#3636 = EDGE_CURVE('',#3629,#3569,#3637,.T.);
#3637 = CIRCLE('',#3638,8.25);
#3638 = AXIS2_PLACEMENT_3D('',#3639,#3640,#3641);
#3639 = CARTESIAN_POINT('',(2.727889390391E-14,31.25,-6.797557561563E-14
    ));
#3640 = DIRECTION('',(1.1081784197E-15,1.,-2.22044604925E-16));
#3641 = DIRECTION('',(1.,-1.1081784197E-15,2.2E-16));
#3642 = PLANE('',#3643);
#3643 = AXIS2_PLACEMENT_3D('',#3644,#3645,#3646);
#3644 = CARTESIAN_POINT('',(4.854767987487,31.250000000001,
    -1.388055756156E-13));
#3645 = DIRECTION('',(3.785795539507E-14,-1.,2.5081784197E-15));
#3646 = DIRECTION('',(-1.,-3.71918215803E-14,3.351368543108E-29));
#3647 = ADVANCED_FACE('',(#3648,#3654,#3674,#3685,#3705),#3716,.T.);
#3648 = FACE_BOUND('',#3649,.T.);
#3649 = EDGE_LOOP('',(#3650,#3651,#3652,#3653));
#3650 = ORIENTED_EDGE('',*,*,#1811,.T.);
#3651 = ORIENTED_EDGE('',*,*,#3506,.T.);
#3652 = ORIENTED_EDGE('',*,*,#1899,.T.);
#3653 = ORIENTED_EDGE('',*,*,#1834,.F.);
#3654 = FACE_BOUND('',#3655,.T.);
#3655 = EDGE_LOOP('',(#3656,#3667));
#3656 = ORIENTED_EDGE('',*,*,#3657,.T.);
#3657 = EDGE_CURVE('',#3658,#3660,#3662,.T.);
#3658 = VERTEX_POINT('',#3659);
#3659 = CARTESIAN_POINT('',(-10.87,35.75,7.));
#3660 = VERTEX_POINT('',#3661);
#3661 = CARTESIAN_POINT('',(-10.87,31.95,7.));
#3662 = CIRCLE('',#3663,1.9);
#3663 = AXIS2_PLACEMENT_3D('',#3664,#3665,#3666);
#3664 = CARTESIAN_POINT('',(-10.87,33.85,7.));
#3665 = DIRECTION('',(1.,-2.112044604925E-15,8.861338147751E-16));
#3666 = DIRECTION('',(2.112044604925E-15,1.,-1.3281784197E-15));
#3667 = ORIENTED_EDGE('',*,*,#3668,.T.);
#3668 = EDGE_CURVE('',#3660,#3658,#3669,.T.);
#3669 = CIRCLE('',#3670,1.9);
#3670 = AXIS2_PLACEMENT_3D('',#3671,#3672,#3673);
#3671 = CARTESIAN_POINT('',(-10.87,33.85,7.));
#3672 = DIRECTION('',(1.,-2.112044604925E-15,8.861338147751E-16));
#3673 = DIRECTION('',(2.112044604925E-15,1.,-1.3281784197E-15));
#3674 = FACE_BOUND('',#3675,.T.);
#3675 = EDGE_LOOP('',(#3676));
#3676 = ORIENTED_EDGE('',*,*,#3677,.F.);
#3677 = EDGE_CURVE('',#3678,#3678,#3680,.T.);
#3678 = VERTEX_POINT('',#3679);
#3679 = CARTESIAN_POINT('',(-10.87,32.1,12.));
#3680 = CIRCLE('',#3681,1.9);
#3681 = AXIS2_PLACEMENT_3D('',#3682,#3683,#3684);
#3682 = CARTESIAN_POINT('',(-10.87,34.,12.));
#3683 = DIRECTION('',(-1.,2.222044604925E-15,-6.661338147751E-16));
#3684 = DIRECTION('',(-2.222044604925E-15,-1.,8.881784197001E-16));
#3685 = FACE_BOUND('',#3686,.T.);
#3686 = EDGE_LOOP('',(#3687,#3698));
#3687 = ORIENTED_EDGE('',*,*,#3688,.T.);
#3688 = EDGE_CURVE('',#3689,#3691,#3693,.T.);
#3689 = VERTEX_POINT('',#3690);
#3690 = CARTESIAN_POINT('',(-10.87,35.75,-7.));
#3691 = VERTEX_POINT('',#3692);
#3692 = CARTESIAN_POINT('',(-10.87,31.95,-7.));
#3693 = CIRCLE('',#3694,1.9);
#3694 = AXIS2_PLACEMENT_3D('',#3695,#3696,#3697);
#3695 = CARTESIAN_POINT('',(-10.87,33.85,-7.));
#3696 = DIRECTION('',(1.,-2.112044604925E-15,8.861338147751E-16));
#3697 = DIRECTION('',(2.112044604925E-15,1.,-1.3281784197E-15));
#3698 = ORIENTED_EDGE('',*,*,#3699,.T.);
#3699 = EDGE_CURVE('',#3691,#3689,#3700,.T.);
#3700 = CIRCLE('',#3701,1.9);
#3701 = AXIS2_PLACEMENT_3D('',#3702,#3703,#3704);
#3702 = CARTESIAN_POINT('',(-10.87,33.85,-7.));
#3703 = DIRECTION('',(1.,-2.112044604925E-15,8.861338147751E-16));
#3704 = DIRECTION('',(2.112044604925E-15,1.,-1.3281784197E-15));
#3705 = FACE_BOUND('',#3706,.T.);
#3706 = EDGE_LOOP('',(#3707));
#3707 = ORIENTED_EDGE('',*,*,#3708,.F.);
#3708 = EDGE_CURVE('',#3709,#3709,#3711,.T.);
#3709 = VERTEX_POINT('',#3710);
#3710 = CARTESIAN_POINT('',(-10.87,32.1,-12.));
#3711 = CIRCLE('',#3712,1.9);
#3712 = AXIS2_PLACEMENT_3D('',#3713,#3714,#3715);
#3713 = CARTESIAN_POINT('',(-10.87,34.,-12.));
#3714 = DIRECTION('',(-1.,2.222044604925E-15,-6.661338147751E-16));
#3715 = DIRECTION('',(-2.222044604925E-15,-1.,8.881784197001E-16));
#3716 = PLANE('',#3717);
#3717 = AXIS2_PLACEMENT_3D('',#3718,#3719,#3720);
#3718 = CARTESIAN_POINT('',(-10.87,31.25,-27.5));
#3719 = DIRECTION('',(-1.,8.881784197001E-16,-2.2E-16));
#3720 = DIRECTION('',(2.22044604925E-16,1.,-1.1081784197E-15));
#3721 = ADVANCED_FACE('',(#3722),#3728,.T.);
#3722 = FACE_BOUND('',#3723,.T.);
#3723 = EDGE_LOOP('',(#3724,#3725,#3726,#3727));
#3724 = ORIENTED_EDGE('',*,*,#2965,.F.);
#3725 = ORIENTED_EDGE('',*,*,#3514,.T.);
#3726 = ORIENTED_EDGE('',*,*,#3467,.F.);
#3727 = ORIENTED_EDGE('',*,*,#1787,.T.);
#3728 = PLANE('',#3729);
#3729 = AXIS2_PLACEMENT_3D('',#3730,#3731,#3732);
#3730 = CARTESIAN_POINT('',(21.85,31.250000000001,-15.24999999999));
#3731 = DIRECTION('',(-3.928036983474E-15,-0.707106781187,0.707106781187
    ));
#3732 = DIRECTION('',(3.940184917367E-16,-0.707106781187,-0.707106781187
    ));
#3733 = ADVANCED_FACE('',(#3734),#3744,.F.);
#3734 = FACE_BOUND('',#3735,.F.);
#3735 = EDGE_LOOP('',(#3736,#3737,#3743));
#3736 = ORIENTED_EDGE('',*,*,#1883,.T.);
#3737 = ORIENTED_EDGE('',*,*,#3738,.F.);
#3738 = EDGE_CURVE('',#3492,#1876,#3739,.T.);
#3739 = LINE('',#3740,#3741);
#3740 = CARTESIAN_POINT('',(14.63,38.5625,7.9375));
#3741 = VECTOR('',#3742,1.);
#3742 = DIRECTION('',(-3.898036983474E-15,-0.707106781187,0.707106781187
    ));
#3743 = ORIENTED_EDGE('',*,*,#3499,.T.);
#3744 = PLANE('',#3745);
#3745 = AXIS2_PLACEMENT_3D('',#3746,#3747,#3748);
#3746 = CARTESIAN_POINT('',(14.63,31.250000000001,-27.5));
#3747 = DIRECTION('',(1.,-6.281784197001E-16,2.2E-16));
#3748 = DIRECTION('',(3.795539507497E-17,-1.,1.1081784197E-15));
#3749 = ADVANCED_FACE('',(#3750),#3756,.T.);
#3750 = FACE_BOUND('',#3751,.T.);
#3751 = EDGE_LOOP('',(#3752,#3753,#3754,#3755));
#3752 = ORIENTED_EDGE('',*,*,#2897,.F.);
#3753 = ORIENTED_EDGE('',*,*,#1875,.T.);
#3754 = ORIENTED_EDGE('',*,*,#3738,.F.);
#3755 = ORIENTED_EDGE('',*,*,#3491,.F.);
#3756 = PLANE('',#3757);
#3757 = AXIS2_PLACEMENT_3D('',#3758,#3759,#3760);
#3758 = CARTESIAN_POINT('',(21.85,24.5,22.));
#3759 = DIRECTION('',(4.018491736753E-18,-0.707106781187,-0.707106781187
    ));
#3760 = DIRECTION('',(4.008036983474E-15,0.707106781187,-0.707106781187)
  );
#3761 = ADVANCED_FACE('',(#3762,#3780),#3791,.T.);
#3762 = FACE_BOUND('',#3763,.T.);
#3763 = EDGE_LOOP('',(#3764,#3765,#3766,#3774));
#3764 = ORIENTED_EDGE('',*,*,#2873,.T.);
#3765 = ORIENTED_EDGE('',*,*,#1931,.T.);
#3766 = ORIENTED_EDGE('',*,*,#3767,.F.);
#3767 = EDGE_CURVE('',#3768,#1932,#3770,.T.);
#3768 = VERTEX_POINT('',#3769);
#3769 = CARTESIAN_POINT('',(12.349999999943,1.25,26.5));
#3770 = LINE('',#3771,#3772);
#3771 = CARTESIAN_POINT('',(12.349999999943,1.25,26.5));
#3772 = VECTOR('',#3773,1.);
#3773 = DIRECTION('',(1.762044604925E-15,1.,-4.9281784197E-15));
#3774 = ORIENTED_EDGE('',*,*,#3775,.F.);
#3775 = EDGE_CURVE('',#2874,#3768,#3776,.T.);
#3776 = LINE('',#3777,#3778);
#3777 = CARTESIAN_POINT('',(21.85,1.25,26.5));
#3778 = VECTOR('',#3779,1.);
#3779 = DIRECTION('',(-1.,2.8881784197E-15,-2.084505630502E-30));
#3780 = FACE_BOUND('',#3781,.T.);
#3781 = EDGE_LOOP('',(#3782));
#3782 = ORIENTED_EDGE('',*,*,#3783,.F.);
#3783 = EDGE_CURVE('',#3784,#3784,#3786,.T.);
#3784 = VERTEX_POINT('',#3785);
#3785 = CARTESIAN_POINT('',(19.,7.75,26.5));
#3786 = CIRCLE('',#3787,1.5);
#3787 = AXIS2_PLACEMENT_3D('',#3788,#3789,#3790);
#3788 = CARTESIAN_POINT('',(17.5,7.75,26.5));
#3789 = DIRECTION('',(-1.44E-15,-2.5518215803E-15,1.));
#3790 = DIRECTION('',(1.,-1.5581784197E-15,1.44E-15));
#3791 = PLANE('',#3792);
#3792 = AXIS2_PLACEMENT_3D('',#3793,#3794,#3795);
#3793 = CARTESIAN_POINT('',(21.85,1.25,26.5));
#3794 = DIRECTION('',(-8.861338147751E-16,4.262044604925E-15,1.));
#3795 = DIRECTION('',(-1.,2.6481784197E-15,-2.2E-16));
#3796 = ADVANCED_FACE('',(#3797),#3815,.F.);
#3797 = FACE_BOUND('',#3798,.F.);
#3798 = EDGE_LOOP('',(#3799,#3807,#3808,#3809));
#3799 = ORIENTED_EDGE('',*,*,#3800,.T.);
#3800 = EDGE_CURVE('',#3801,#1940,#3803,.T.);
#3801 = VERTEX_POINT('',#3802);
#3802 = CARTESIAN_POINT('',(12.349999999943,1.25,23.));
#3803 = LINE('',#3804,#3805);
#3804 = CARTESIAN_POINT('',(12.349999999943,1.25,23.));
#3805 = VECTOR('',#3806,1.);
#3806 = DIRECTION('',(1.762044604925E-15,1.,-4.9281784197E-15));
#3807 = ORIENTED_EDGE('',*,*,#1939,.T.);
#3808 = ORIENTED_EDGE('',*,*,#3767,.F.);
#3809 = ORIENTED_EDGE('',*,*,#3810,.F.);
#3810 = EDGE_CURVE('',#3801,#3768,#3811,.T.);
#3811 = LINE('',#3812,#3813);
#3812 = CARTESIAN_POINT('',(12.349999999943,1.25,23.));
#3813 = VECTOR('',#3814,1.);
#3814 = DIRECTION('',(-6.661338147751E-16,4.222044604925E-15,1.));
#3815 = PLANE('',#3816);
#3816 = AXIS2_PLACEMENT_3D('',#3817,#3818,#3819);
#3817 = CARTESIAN_POINT('',(12.349999999943,1.25,23.));
#3818 = DIRECTION('',(1.,-2.4281784197E-15,4.4E-16));
#3819 = DIRECTION('',(-1.106133814775E-15,4.042044604925E-15,1.));
#3820 = ADVANCED_FACE('',(#3821,#3832),#3843,.F.);
#3821 = FACE_BOUND('',#3822,.F.);
#3822 = EDGE_LOOP('',(#3823,#3824,#3825,#3826));
#3823 = ORIENTED_EDGE('',*,*,#2889,.T.);
#3824 = ORIENTED_EDGE('',*,*,#1947,.T.);
#3825 = ORIENTED_EDGE('',*,*,#3800,.F.);
#3826 = ORIENTED_EDGE('',*,*,#3827,.F.);
#3827 = EDGE_CURVE('',#2882,#3801,#3828,.T.);
#3828 = LINE('',#3829,#3830);
#3829 = CARTESIAN_POINT('',(21.85,1.25,23.));
#3830 = VECTOR('',#3831,1.);
#3831 = DIRECTION('',(-1.,2.8881784197E-15,-2.084505630502E-30));
#3832 = FACE_BOUND('',#3833,.F.);
#3833 = EDGE_LOOP('',(#3834));
#3834 = ORIENTED_EDGE('',*,*,#3835,.F.);
#3835 = EDGE_CURVE('',#3836,#3836,#3838,.T.);
#3836 = VERTEX_POINT('',#3837);
#3837 = CARTESIAN_POINT('',(19.,7.75,23.));
#3838 = CIRCLE('',#3839,1.5);
#3839 = AXIS2_PLACEMENT_3D('',#3840,#3841,#3842);
#3840 = CARTESIAN_POINT('',(17.5,7.75,23.));
#3841 = DIRECTION('',(-1.44E-15,-2.5518215803E-15,1.));
#3842 = DIRECTION('',(1.,-1.5581784197E-15,1.44E-15));
#3843 = PLANE('',#3844);
#3844 = AXIS2_PLACEMENT_3D('',#3845,#3846,#3847);
#3845 = CARTESIAN_POINT('',(21.85,1.25,23.));
#3846 = DIRECTION('',(-8.861338147751E-16,4.262044604925E-15,1.));
#3847 = DIRECTION('',(-1.,2.6481784197E-15,-2.2E-16));
#3848 = ADVANCED_FACE('',(#3849),#3855,.F.);
#3849 = FACE_BOUND('',#3850,.F.);
#3850 = EDGE_LOOP('',(#3851,#3852,#3853,#3854));
#3851 = ORIENTED_EDGE('',*,*,#2044,.T.);
#3852 = ORIENTED_EDGE('',*,*,#1971,.T.);
#3853 = ORIENTED_EDGE('',*,*,#1985,.F.);
#3854 = ORIENTED_EDGE('',*,*,#2029,.F.);
#3855 = PLANE('',#3856);
#3856 = AXIS2_PLACEMENT_3D('',#3857,#3858,#3859);
#3857 = CARTESIAN_POINT('',(-11.87,1.25,26.5));
#3858 = DIRECTION('',(-1.,2.428178419702E-15,8.2246E-12));
#3859 = DIRECTION('',(-8.223933866185E-12,-4.042044604918E-15,-1.));
#3860 = ADVANCED_FACE('',(#3861),#3872,.F.);
#3861 = FACE_BOUND('',#3862,.T.);
#3862 = EDGE_LOOP('',(#3863,#3864,#3870,#3871));
#3863 = ORIENTED_EDGE('',*,*,#2055,.T.);
#3864 = ORIENTED_EDGE('',*,*,#3865,.T.);
#3865 = EDGE_CURVE('',#2056,#2004,#3866,.T.);
#3866 = LINE('',#3867,#3868);
#3867 = CARTESIAN_POINT('',(-16.,7.75,27.5));
#3868 = VECTOR('',#3869,1.);
#3869 = DIRECTION('',(1.666133814775E-15,2.777955395075E-15,-1.));
#3870 = ORIENTED_EDGE('',*,*,#2003,.F.);
#3871 = ORIENTED_EDGE('',*,*,#3865,.F.);
#3872 = CYLINDRICAL_SURFACE('',#3873,1.5);
#3873 = AXIS2_PLACEMENT_3D('',#3874,#3875,#3876);
#3874 = CARTESIAN_POINT('',(-17.5,7.75,27.5));
#3875 = DIRECTION('',(-1.996133814775E-15,-2.997955395075E-15,1.));
#3876 = DIRECTION('',(1.,-1.2181784197E-15,1.33E-15));
#3877 = ADVANCED_FACE('',(#3878),#3889,.T.);
#3878 = FACE_BOUND('',#3879,.T.);
#3879 = EDGE_LOOP('',(#3880,#3881,#3887,#3888));
#3880 = ORIENTED_EDGE('',*,*,#2143,.F.);
#3881 = ORIENTED_EDGE('',*,*,#3882,.T.);
#3882 = EDGE_CURVE('',#2136,#2075,#3883,.T.);
#3883 = LINE('',#3884,#3885);
#3884 = CARTESIAN_POINT('',(-24.37,27.25,12.));
#3885 = VECTOR('',#3886,1.);
#3886 = DIRECTION('',(7.496133814775E-15,-4.612044604925E-15,-1.));
#3887 = ORIENTED_EDGE('',*,*,#2097,.F.);
#3888 = ORIENTED_EDGE('',*,*,#2168,.F.);
#3889 = PLANE('',#3890);
#3890 = AXIS2_PLACEMENT_3D('',#3891,#3892,#3893);
#3891 = CARTESIAN_POINT('',(-24.37,27.25,12.));
#3892 = DIRECTION('',(-4.42044604925E-16,-1.,5.2781784197E-15));
#3893 = DIRECTION('',(1.,-1.1081784197E-15,6.55E-15));
#3894 = ADVANCED_FACE('',(#3895),#3906,.T.);
#3895 = FACE_BOUND('',#3896,.T.);
#3896 = EDGE_LOOP('',(#3897,#3898,#3899,#3900));
#3897 = ORIENTED_EDGE('',*,*,#2522,.F.);
#3898 = ORIENTED_EDGE('',*,*,#2121,.T.);
#3899 = ORIENTED_EDGE('',*,*,#2837,.F.);
#3900 = ORIENTED_EDGE('',*,*,#3901,.F.);
#3901 = EDGE_CURVE('',#2248,#2187,#3902,.T.);
#3902 = LINE('',#3903,#3904);
#3903 = CARTESIAN_POINT('',(-24.37,23.25,12.));
#3904 = VECTOR('',#3905,1.);
#3905 = DIRECTION('',(7.496133814775E-15,-4.612044604925E-15,-1.));
#3906 = PLANE('',#3907);
#3907 = AXIS2_PLACEMENT_3D('',#3908,#3909,#3910);
#3908 = CARTESIAN_POINT('',(-24.37,24.25,12.));
#3909 = DIRECTION('',(-1.,-2.6618215803E-15,-6.83E-15));
#3910 = DIRECTION('',(3.327955395075E-15,-1.,5.4981784197E-15));
#3911 = ADVANCED_FACE('',(#3912),#3918,.T.);
#3912 = FACE_BOUND('',#3913,.T.);
#3913 = EDGE_LOOP('',(#3914,#3915,#3916,#3917));
#3914 = ORIENTED_EDGE('',*,*,#2255,.F.);
#3915 = ORIENTED_EDGE('',*,*,#3901,.T.);
#3916 = ORIENTED_EDGE('',*,*,#2209,.F.);
#3917 = ORIENTED_EDGE('',*,*,#2280,.F.);
#3918 = PLANE('',#3919);
#3919 = AXIS2_PLACEMENT_3D('',#3920,#3921,#3922);
#3920 = CARTESIAN_POINT('',(-24.37,23.25,12.));
#3921 = DIRECTION('',(-4.42044604925E-16,-1.,5.2781784197E-15));
#3922 = DIRECTION('',(1.,-1.1081784197E-15,6.55E-15));
#3923 = ADVANCED_FACE('',(#3924),#3935,.T.);
#3924 = FACE_BOUND('',#3925,.T.);
#3925 = EDGE_LOOP('',(#3926,#3927,#3928,#3929));
#3926 = ORIENTED_EDGE('',*,*,#2515,.F.);
#3927 = ORIENTED_EDGE('',*,*,#2233,.T.);
#3928 = ORIENTED_EDGE('',*,*,#2844,.F.);
#3929 = ORIENTED_EDGE('',*,*,#3930,.F.);
#3930 = EDGE_CURVE('',#2329,#2297,#3931,.T.);
#3931 = LINE('',#3932,#3933);
#3932 = CARTESIAN_POINT('',(-24.37,19.25,12.));
#3933 = VECTOR('',#3934,1.);
#3934 = DIRECTION('',(7.496133814775E-15,-4.612044604925E-15,-1.));
#3935 = PLANE('',#3936);
#3936 = AXIS2_PLACEMENT_3D('',#3937,#3938,#3939);
#3937 = CARTESIAN_POINT('',(-24.37,20.25,12.));
#3938 = DIRECTION('',(-1.,-2.6618215803E-15,-6.83E-15));
#3939 = DIRECTION('',(3.327955395075E-15,-1.,5.4981784197E-15));
#3940 = ADVANCED_FACE('',(#3941),#3947,.T.);
#3941 = FACE_BOUND('',#3942,.T.);
#3942 = EDGE_LOOP('',(#3943,#3944,#3945,#3946));
#3943 = ORIENTED_EDGE('',*,*,#2336,.F.);
#3944 = ORIENTED_EDGE('',*,*,#3930,.T.);
#3945 = ORIENTED_EDGE('',*,*,#2314,.F.);
#3946 = ORIENTED_EDGE('',*,*,#2361,.F.);
#3947 = PLANE('',#3948);
#3948 = AXIS2_PLACEMENT_3D('',#3949,#3950,#3951);
#3949 = CARTESIAN_POINT('',(-24.37,19.25,12.));
#3950 = DIRECTION('',(-4.42044604925E-16,-1.,5.2781784197E-15));
#3951 = DIRECTION('',(1.,-1.1081784197E-15,6.55E-15));
#3952 = ADVANCED_FACE('',(#3953,#3971),#3974,.T.);
#3953 = FACE_BOUND('',#3954,.T.);
#3954 = EDGE_LOOP('',(#3955,#3956,#3957,#3965));
#3955 = ORIENTED_EDGE('',*,*,#2778,.T.);
#3956 = ORIENTED_EDGE('',*,*,#2769,.T.);
#3957 = ORIENTED_EDGE('',*,*,#3958,.F.);
#3958 = EDGE_CURVE('',#3959,#2762,#3961,.T.);
#3959 = VERTEX_POINT('',#3960);
#3960 = CARTESIAN_POINT('',(-21.97,31.25,-12.));
#3961 = LINE('',#3962,#3963);
#3962 = CARTESIAN_POINT('',(-21.97,27.694610091743,-12.));
#3963 = VECTOR('',#3964,1.);
#3964 = DIRECTION('',(-2.222044604925E-15,-1.,1.9981784197E-15));
#3965 = ORIENTED_EDGE('',*,*,#3966,.T.);
#3966 = EDGE_CURVE('',#3959,#2779,#3967,.T.);
#3967 = LINE('',#3968,#3969);
#3968 = CARTESIAN_POINT('',(-21.97,31.25,-7.838557561563E-14));
#3969 = VECTOR('',#3970,1.);
#3970 = DIRECTION('',(-6.661338147751E-16,1.112044604925E-15,1.));
#3971 = FACE_BOUND('',#3972,.T.);
#3972 = EDGE_LOOP('',(#3973));
#3973 = ORIENTED_EDGE('',*,*,#2421,.F.);
#3974 = PLANE('',#3975);
#3975 = AXIS2_PLACEMENT_3D('',#3976,#3977,#3978);
#3976 = CARTESIAN_POINT('',(-21.97,34.,-12.));
#3977 = DIRECTION('',(-1.,2.8881784197E-15,-2.084505630502E-30));
#3978 = DIRECTION('',(-6.661338147751E-16,2.22044604925E-16,1.));
#3979 = ADVANCED_FACE('',(#3980,#3998),#4001,.T.);
#3980 = FACE_BOUND('',#3981,.T.);
#3981 = EDGE_LOOP('',(#3982,#3983,#3984,#3992));
#3982 = ORIENTED_EDGE('',*,*,#2692,.T.);
#3983 = ORIENTED_EDGE('',*,*,#2683,.T.);
#3984 = ORIENTED_EDGE('',*,*,#3985,.T.);
#3985 = EDGE_CURVE('',#2676,#3986,#3988,.T.);
#3986 = VERTEX_POINT('',#3987);
#3987 = CARTESIAN_POINT('',(-21.97,31.25,12.));
#3988 = LINE('',#3989,#3990);
#3989 = CARTESIAN_POINT('',(-21.97,31.25,12.));
#3990 = VECTOR('',#3991,1.);
#3991 = DIRECTION('',(-6.661338147751E-16,1.112044604925E-15,1.));
#3992 = ORIENTED_EDGE('',*,*,#3993,.F.);
#3993 = EDGE_CURVE('',#2693,#3986,#3994,.T.);
#3994 = LINE('',#3995,#3996);
#3995 = CARTESIAN_POINT('',(-21.97,27.694610091743,12.));
#3996 = VECTOR('',#3997,1.);
#3997 = DIRECTION('',(2.222044604925E-15,1.,-2.0781784197E-15));
#3998 = FACE_BOUND('',#3999,.T.);
#3999 = EDGE_LOOP('',(#4000));
#4000 = ORIENTED_EDGE('',*,*,#2446,.F.);
#4001 = PLANE('',#4002);
#4002 = AXIS2_PLACEMENT_3D('',#4003,#4004,#4005);
#4003 = CARTESIAN_POINT('',(-21.97,34.,12.));
#4004 = DIRECTION('',(-1.,2.8881784197E-15,-2.084505630502E-30));
#4005 = DIRECTION('',(-6.661338147751E-16,2.22044604925E-16,1.));
#4006 = ADVANCED_FACE('',(#4007),#4026,.T.);
#4007 = FACE_BOUND('',#4008,.T.);
#4008 = EDGE_LOOP('',(#4009,#4010,#4011,#4012,#4020));
#4009 = ORIENTED_EDGE('',*,*,#2537,.F.);
#4010 = ORIENTED_EDGE('',*,*,#2701,.T.);
#4011 = ORIENTED_EDGE('',*,*,#3993,.T.);
#4012 = ORIENTED_EDGE('',*,*,#4013,.T.);
#4013 = EDGE_CURVE('',#3986,#4014,#4016,.T.);
#4014 = VERTEX_POINT('',#4015);
#4015 = CARTESIAN_POINT('',(-21.37,31.249999999977,12.));
#4016 = LINE('',#4017,#4018);
#4017 = CARTESIAN_POINT('',(-23.37,31.25,12.));
#4018 = VECTOR('',#4019,1.);
#4019 = DIRECTION('',(1.,-2.4381784197E-15,1.684825341637E-30));
#4020 = ORIENTED_EDGE('',*,*,#4021,.T.);
#4021 = EDGE_CURVE('',#4014,#2530,#4022,.T.);
#4022 = LINE('',#4023,#4024);
#4023 = CARTESIAN_POINT('',(-21.37,31.249999999929,12.));
#4024 = VECTOR('',#4025,1.);
#4025 = DIRECTION('',(-0.707106781195,-0.707106781178,
    -1.493283360185E-15));
#4026 = PLANE('',#4027);
#4027 = AXIS2_PLACEMENT_3D('',#4028,#4029,#4030);
#4028 = CARTESIAN_POINT('',(-22.8575,20.7375,12.));
#4029 = DIRECTION('',(7.406133814775E-15,-4.462044604925E-15,-1.));
#4030 = DIRECTION('',(-1.,8.881784197001E-16,-6.74E-15));
#4031 = ADVANCED_FACE('',(#4032),#4043,.T.);
#4032 = FACE_BOUND('',#4033,.T.);
#4033 = EDGE_LOOP('',(#4034,#4035,#4041,#4042));
#4034 = ORIENTED_EDGE('',*,*,#2529,.F.);
#4035 = ORIENTED_EDGE('',*,*,#4036,.T.);
#4036 = EDGE_CURVE('',#2530,#2823,#4037,.T.);
#4037 = LINE('',#4038,#4039);
#4038 = CARTESIAN_POINT('',(-24.37,28.25,12.));
#4039 = VECTOR('',#4040,1.);
#4040 = DIRECTION('',(7.496133814775E-15,-4.612044604925E-15,-1.));
#4041 = ORIENTED_EDGE('',*,*,#2830,.F.);
#4042 = ORIENTED_EDGE('',*,*,#3882,.F.);
#4043 = PLANE('',#4044);
#4044 = AXIS2_PLACEMENT_3D('',#4045,#4046,#4047);
#4045 = CARTESIAN_POINT('',(-24.37,28.25,12.));
#4046 = DIRECTION('',(-1.,-2.6618215803E-15,-6.83E-15));
#4047 = DIRECTION('',(3.327955395075E-15,-1.,5.4981784197E-15));
#4048 = ADVANCED_FACE('',(#4049),#4054,.F.);
#4049 = FACE_BOUND('',#4050,.F.);
#4050 = EDGE_LOOP('',(#4051,#4052,#4053));
#4051 = ORIENTED_EDGE('',*,*,#2583,.F.);
#4052 = ORIENTED_EDGE('',*,*,#3279,.T.);
#4053 = ORIENTED_EDGE('',*,*,#2568,.F.);
#4054 = PLANE('',#4055);
#4055 = AXIS2_PLACEMENT_3D('',#4056,#4057,#4058);
#4056 = CARTESIAN_POINT('',(-22.37,46.5,-27.5));
#4057 = DIRECTION('',(0.57735026919,-0.57735026919,0.57735026919));
#4058 = DIRECTION('',(0.707106781187,0.707106781187,-1.159148935165E-14)
  );
#4059 = ADVANCED_FACE('',(#4060),#4065,.T.);
#4060 = FACE_BOUND('',#4061,.T.);
#4061 = EDGE_LOOP('',(#4062,#4063,#4064));
#4062 = ORIENTED_EDGE('',*,*,#2605,.F.);
#4063 = ORIENTED_EDGE('',*,*,#3058,.T.);
#4064 = ORIENTED_EDGE('',*,*,#2552,.F.);
#4065 = PLANE('',#4066);
#4066 = AXIS2_PLACEMENT_3D('',#4067,#4068,#4069);
#4067 = CARTESIAN_POINT('',(-22.37,46.5,27.5));
#4068 = DIRECTION('',(-0.57735026919,0.57735026919,0.57735026919));
#4069 = DIRECTION('',(0.707106781187,0.707106781187,1.197299434602E-14)
  );
#4070 = ADVANCED_FACE('',(#4071,#4077,#4088,#4099),#4110,.T.);
#4071 = FACE_BOUND('',#4072,.T.);
#4072 = EDGE_LOOP('',(#4073,#4074,#4075,#4076));
#4073 = ORIENTED_EDGE('',*,*,#3119,.F.);
#4074 = ORIENTED_EDGE('',*,*,#3287,.F.);
#4075 = ORIENTED_EDGE('',*,*,#2560,.T.);
#4076 = ORIENTED_EDGE('',*,*,#3073,.T.);
#4077 = FACE_BOUND('',#4078,.T.);
#4078 = EDGE_LOOP('',(#4079));
#4079 = ORIENTED_EDGE('',*,*,#4080,.F.);
#4080 = EDGE_CURVE('',#4081,#4081,#4083,.T.);
#4081 = VERTEX_POINT('',#4082);
#4082 = CARTESIAN_POINT('',(-1.9,49.500000000001,21.75));
#4083 = CIRCLE('',#4084,1.9);
#4084 = AXIS2_PLACEMENT_3D('',#4085,#4086,#4087);
#4085 = CARTESIAN_POINT('',(8.950279747243E-14,49.5,21.75));
#4086 = DIRECTION('',(2.8881784197E-15,1.,-5.222044604925E-15));
#4087 = DIRECTION('',(-1.,2.8881784197E-15,-2.084505630502E-30));
#4088 = FACE_BOUND('',#4089,.T.);
#4089 = EDGE_LOOP('',(#4090));
#4090 = ORIENTED_EDGE('',*,*,#4091,.F.);
#4091 = EDGE_CURVE('',#4092,#4092,#4094,.T.);
#4092 = VERTEX_POINT('',#4093);
#4093 = CARTESIAN_POINT('',(-8.25,49.5,-1.099648317752E-13));
#4094 = CIRCLE('',#4095,8.25);
#4095 = AXIS2_PLACEMENT_3D('',#4096,#4097,#4098);
#4096 = CARTESIAN_POINT('',(3.847120794379E-14,49.5,-9.342483177516E-14)
  );
#4097 = DIRECTION('',(1.7781784197E-15,1.,-4.42044604925E-16));
#4098 = DIRECTION('',(-1.,1.7781784197E-15,2.2E-16));
#4099 = FACE_BOUND('',#4100,.T.);
#4100 = EDGE_LOOP('',(#4101));
#4101 = ORIENTED_EDGE('',*,*,#4102,.F.);
#4102 = EDGE_CURVE('',#4103,#4103,#4105,.T.);
#4103 = VERTEX_POINT('',#4104);
#4104 = CARTESIAN_POINT('',(-1.9,49.5,-21.75));
#4105 = CIRCLE('',#4106,1.9);
#4106 = AXIS2_PLACEMENT_3D('',#4107,#4108,#4109);
#4107 = CARTESIAN_POINT('',(1.184796184151E-13,49.5,-21.75));
#4108 = DIRECTION('',(2.8881784197E-15,1.,-5.222044604925E-15));
#4109 = DIRECTION('',(-1.,2.8881784197E-15,-2.084505630502E-30));
#4110 = PLANE('',#4111);
#4111 = AXIS2_PLACEMENT_3D('',#4112,#4113,#4114);
#4112 = CARTESIAN_POINT('',(-25.37,49.5,-27.5));
#4113 = DIRECTION('',(4.42044604925E-16,1.,-8.881784197001E-16));
#4114 = DIRECTION('',(1.,-1.1081784197E-15,5.03548043436E-31));
#4115 = ADVANCED_FACE('',(#4116),#4127,.F.);
#4116 = FACE_BOUND('',#4117,.F.);
#4117 = EDGE_LOOP('',(#4118,#4119,#4125,#4126));
#4118 = ORIENTED_EDGE('',*,*,#2658,.T.);
#4119 = ORIENTED_EDGE('',*,*,#4120,.F.);
#4120 = EDGE_CURVE('',#2743,#2659,#4121,.T.);
#4121 = LINE('',#4122,#4123);
#4122 = CARTESIAN_POINT('',(-23.37,34.25,-27.5));
#4123 = VECTOR('',#4124,1.);
#4124 = DIRECTION('',(-8.861338147751E-16,2.22044604925E-16,1.));
#4125 = ORIENTED_EDGE('',*,*,#2742,.F.);
#4126 = ORIENTED_EDGE('',*,*,#2728,.T.);
#4127 = PLANE('',#4128);
#4128 = AXIS2_PLACEMENT_3D('',#4129,#4130,#4131);
#4129 = CARTESIAN_POINT('',(-25.37,34.25,-27.5));
#4130 = DIRECTION('',(4.42044604925E-16,1.,-8.881784197001E-16));
#4131 = DIRECTION('',(1.,-1.1081784197E-15,5.03548043436E-31));
#4132 = ADVANCED_FACE('',(#4133),#4145,.F.);
#4133 = FACE_BOUND('',#4134,.F.);
#4134 = EDGE_LOOP('',(#4135,#4136,#4142,#4143,#4144));
#4135 = ORIENTED_EDGE('',*,*,#2666,.F.);
#4136 = ORIENTED_EDGE('',*,*,#4137,.T.);
#4137 = EDGE_CURVE('',#2667,#2788,#4138,.T.);
#4138 = LINE('',#4139,#4140);
#4139 = CARTESIAN_POINT('',(-23.37,31.25,12.));
#4140 = VECTOR('',#4141,1.);
#4141 = DIRECTION('',(6.661338147751E-16,-2.22044604925E-16,-1.));
#4142 = ORIENTED_EDGE('',*,*,#2795,.F.);
#4143 = ORIENTED_EDGE('',*,*,#2804,.F.);
#4144 = ORIENTED_EDGE('',*,*,#4120,.T.);
#4145 = PLANE('',#4146);
#4146 = AXIS2_PLACEMENT_3D('',#4147,#4148,#4149);
#4147 = CARTESIAN_POINT('',(-23.37,34.25,-27.5));
#4148 = DIRECTION('',(1.,-8.881784197001E-16,2.2E-16));
#4149 = DIRECTION('',(-2.22044604925E-16,-1.,1.1081784197E-15));
#4150 = ADVANCED_FACE('',(#4151),#4173,.F.);
#4151 = FACE_BOUND('',#4152,.F.);
#4152 = EDGE_LOOP('',(#4153,#4154,#4155,#4163,#4169,#4170,#4171,#4172));
#4153 = ORIENTED_EDGE('',*,*,#3985,.T.);
#4154 = ORIENTED_EDGE('',*,*,#4013,.T.);
#4155 = ORIENTED_EDGE('',*,*,#4156,.T.);
#4156 = EDGE_CURVE('',#4014,#4157,#4159,.T.);
#4157 = VERTEX_POINT('',#4158);
#4158 = CARTESIAN_POINT('',(-21.37,31.249999999977,-12.));
#4159 = LINE('',#4160,#4161);
#4160 = CARTESIAN_POINT('',(-21.37,31.25,12.));
#4161 = VECTOR('',#4162,1.);
#4162 = DIRECTION('',(6.661338147751E-16,-2.22044604925E-16,-1.));
#4163 = ORIENTED_EDGE('',*,*,#4164,.F.);
#4164 = EDGE_CURVE('',#3959,#4157,#4165,.T.);
#4165 = LINE('',#4166,#4167);
#4166 = CARTESIAN_POINT('',(-23.37,31.25,-12.));
#4167 = VECTOR('',#4168,1.);
#4168 = DIRECTION('',(1.,-2.4381784197E-15,1.684825341637E-30));
#4169 = ORIENTED_EDGE('',*,*,#3966,.T.);
#4170 = ORIENTED_EDGE('',*,*,#2787,.F.);
#4171 = ORIENTED_EDGE('',*,*,#4137,.F.);
#4172 = ORIENTED_EDGE('',*,*,#2675,.T.);
#4173 = PLANE('',#4174);
#4174 = AXIS2_PLACEMENT_3D('',#4175,#4176,#4177);
#4175 = CARTESIAN_POINT('',(-23.37,31.25,12.));
#4176 = DIRECTION('',(1.772044604925E-15,1.,-8.881784197001E-16));
#4177 = DIRECTION('',(8.861338147751E-16,-2.22044604925E-16,-1.));
#4178 = ADVANCED_FACE('',(#4179),#4191,.T.);
#4179 = FACE_BOUND('',#4180,.T.);
#4180 = EDGE_LOOP('',(#4181,#4182,#4188,#4189,#4190));
#4181 = ORIENTED_EDGE('',*,*,#2822,.F.);
#4182 = ORIENTED_EDGE('',*,*,#4183,.T.);
#4183 = EDGE_CURVE('',#2823,#4157,#4184,.T.);
#4184 = LINE('',#4185,#4186);
#4185 = CARTESIAN_POINT('',(-20.36999999999,32.249999999915,-12.));
#4186 = VECTOR('',#4187,1.);
#4187 = DIRECTION('',(0.707106781195,0.707106781178,1.786196301653E-14)
  );
#4188 = ORIENTED_EDGE('',*,*,#4164,.F.);
#4189 = ORIENTED_EDGE('',*,*,#3958,.T.);
#4190 = ORIENTED_EDGE('',*,*,#2761,.F.);
#4191 = PLANE('',#4192);
#4192 = AXIS2_PLACEMENT_3D('',#4193,#4194,#4195);
#4193 = CARTESIAN_POINT('',(-22.8575,20.7375,-12.));
#4194 = DIRECTION('',(-3.158613381478E-14,5.112044604925E-15,1.));
#4195 = DIRECTION('',(1.,-8.881784197001E-16,3.092E-14));
#4196 = ADVANCED_FACE('',(#4197),#4208,.T.);
#4197 = FACE_BOUND('',#4198,.T.);
#4198 = EDGE_LOOP('',(#4199,#4205,#4206,#4207));
#4199 = ORIENTED_EDGE('',*,*,#4200,.T.);
#4200 = EDGE_CURVE('',#3014,#3129,#4201,.T.);
#4201 = LINE('',#4202,#4203);
#4202 = CARTESIAN_POINT('',(21.85,56.5,14.756354563374));
#4203 = VECTOR('',#4204,1.);
#4204 = DIRECTION('',(-1.,3.2181784197E-15,-2.44E-15));
#4205 = ORIENTED_EDGE('',*,*,#3128,.T.);
#4206 = ORIENTED_EDGE('',*,*,#3097,.T.);
#4207 = ORIENTED_EDGE('',*,*,#3022,.F.);
#4208 = PLANE('',#4209);
#4209 = AXIS2_PLACEMENT_3D('',#4210,#4211,#4212);
#4210 = CARTESIAN_POINT('',(17.85,56.5,-27.5));
#4211 = DIRECTION('',(4.42044604925E-16,1.,-8.881784197001E-16));
#4212 = DIRECTION('',(1.,-1.1081784197E-15,5.03548043436E-31));
#4213 = ADVANCED_FACE('',(#4214),#4225,.F.);
#4214 = FACE_BOUND('',#4215,.F.);
#4215 = EDGE_LOOP('',(#4216,#4217,#4218,#4219));
#4216 = ORIENTED_EDGE('',*,*,#3013,.F.);
#4217 = ORIENTED_EDGE('',*,*,#4200,.T.);
#4218 = ORIENTED_EDGE('',*,*,#3136,.T.);
#4219 = ORIENTED_EDGE('',*,*,#4220,.F.);
#4220 = EDGE_CURVE('',#3006,#3137,#4221,.T.);
#4221 = LINE('',#4222,#4223);
#4222 = CARTESIAN_POINT('',(21.85,56.5,-14.75635456337));
#4223 = VECTOR('',#4224,1.);
#4224 = DIRECTION('',(-1.,3.2181784197E-15,-2.44E-15));
#4225 = CYLINDRICAL_SURFACE('',#4226,20.);
#4226 = AXIS2_PLACEMENT_3D('',#4227,#4228,#4229);
#4227 = CARTESIAN_POINT('',(21.85,70.,-2.726248937901E-14));
#4228 = DIRECTION('',(1.,-2.9381784197E-15,2.89E-15));
#4229 = DIRECTION('',(2.272044604925E-15,1.,-1.1081784197E-15));
#4230 = ADVANCED_FACE('',(#4231),#4237,.T.);
#4231 = FACE_BOUND('',#4232,.T.);
#4232 = EDGE_LOOP('',(#4233,#4234,#4235,#4236));
#4233 = ORIENTED_EDGE('',*,*,#3265,.F.);
#4234 = ORIENTED_EDGE('',*,*,#3145,.T.);
#4235 = ORIENTED_EDGE('',*,*,#4220,.F.);
#4236 = ORIENTED_EDGE('',*,*,#3005,.F.);
#4237 = PLANE('',#4238);
#4238 = AXIS2_PLACEMENT_3D('',#4239,#4240,#4241);
#4239 = CARTESIAN_POINT('',(17.85,56.5,-27.5));
#4240 = DIRECTION('',(4.42044604925E-16,1.,-8.881784197001E-16));
#4241 = DIRECTION('',(1.,-1.1081784197E-15,5.03548043436E-31));
#4242 = ADVANCED_FACE('',(#4243),#4249,.F.);
#4243 = FACE_BOUND('',#4244,.F.);
#4244 = EDGE_LOOP('',(#4245,#4246,#4247,#4248));
#4245 = ORIENTED_EDGE('',*,*,#2981,.F.);
#4246 = ORIENTED_EDGE('',*,*,#3361,.T.);
#4247 = ORIENTED_EDGE('',*,*,#3396,.F.);
#4248 = ORIENTED_EDGE('',*,*,#3413,.F.);
#4249 = PLANE('',#4250);
#4250 = AXIS2_PLACEMENT_3D('',#4251,#4252,#4253);
#4251 = CARTESIAN_POINT('',(0.24,1.25,-2.579022302463E-14));
#4252 = DIRECTION('',(1.542044604925E-15,1.,-4.0381784197E-15));
#4253 = DIRECTION('',(-6.661338147751E-16,3.372044604925E-15,1.));
#4254 = ADVANCED_FACE('',(#4255),#4277,.F.);
#4255 = FACE_BOUND('',#4256,.T.);
#4256 = EDGE_LOOP('',(#4257,#4258,#4259,#4268,#4275,#4276));
#4257 = ORIENTED_EDGE('',*,*,#2939,.T.);
#4258 = ORIENTED_EDGE('',*,*,#3537,.T.);
#4259 = ORIENTED_EDGE('',*,*,#4260,.F.);
#4260 = EDGE_CURVE('',#4261,#3530,#4263,.T.);
#4261 = VERTEX_POINT('',#4262);
#4262 = CARTESIAN_POINT('',(18.45,33.85,-10.));
#4263 = CIRCLE('',#4264,3.);
#4264 = AXIS2_PLACEMENT_3D('',#4265,#4266,#4267);
#4265 = CARTESIAN_POINT('',(18.45,33.85,-7.));
#4266 = DIRECTION('',(1.,-3.330669073875E-16,2.424790021365E-15));
#4267 = DIRECTION('',(2.424790021365E-15,-1.110223024625E-16,-1.));
#4268 = ORIENTED_EDGE('',*,*,#4269,.F.);
#4269 = EDGE_CURVE('',#3522,#4261,#4270,.T.);
#4270 = CIRCLE('',#4271,3.);
#4271 = AXIS2_PLACEMENT_3D('',#4272,#4273,#4274);
#4272 = CARTESIAN_POINT('',(18.45,33.85,-7.));
#4273 = DIRECTION('',(1.,-3.330669073875E-16,2.424790021365E-15));
#4274 = DIRECTION('',(2.424790021365E-15,-1.110223024625E-16,-1.));
#4275 = ORIENTED_EDGE('',*,*,#3521,.F.);
#4276 = ORIENTED_EDGE('',*,*,#2948,.T.);
#4277 = CYLINDRICAL_SURFACE('',#4278,3.);
#4278 = AXIS2_PLACEMENT_3D('',#4279,#4280,#4281);
#4279 = CARTESIAN_POINT('',(21.85,33.85,-7.));
#4280 = DIRECTION('',(-1.,5.551115123126E-16,-2.20274541644E-15));
#4281 = DIRECTION('',(2.424790021365E-15,-1.110223024625E-16,-1.));
#4282 = ADVANCED_FACE('',(#4283),#4305,.F.);
#4283 = FACE_BOUND('',#4284,.T.);
#4284 = EDGE_LOOP('',(#4285,#4286,#4287,#4296,#4303,#4304));
#4285 = ORIENTED_EDGE('',*,*,#2913,.T.);
#4286 = ORIENTED_EDGE('',*,*,#3560,.T.);
#4287 = ORIENTED_EDGE('',*,*,#4288,.F.);
#4288 = EDGE_CURVE('',#4289,#3553,#4291,.T.);
#4289 = VERTEX_POINT('',#4290);
#4290 = CARTESIAN_POINT('',(18.45,33.85,4.));
#4291 = CIRCLE('',#4292,3.);
#4292 = AXIS2_PLACEMENT_3D('',#4293,#4294,#4295);
#4293 = CARTESIAN_POINT('',(18.45,33.85,7.));
#4294 = DIRECTION('',(1.,-3.330669073875E-16,2.424790021365E-15));
#4295 = DIRECTION('',(2.424790021365E-15,-1.110223024625E-16,-1.));
#4296 = ORIENTED_EDGE('',*,*,#4297,.F.);
#4297 = EDGE_CURVE('',#3545,#4289,#4298,.T.);
#4298 = CIRCLE('',#4299,3.);
#4299 = AXIS2_PLACEMENT_3D('',#4300,#4301,#4302);
#4300 = CARTESIAN_POINT('',(18.45,33.85,7.));
#4301 = DIRECTION('',(1.,-3.330669073875E-16,2.424790021365E-15));
#4302 = DIRECTION('',(2.424790021365E-15,-1.110223024625E-16,-1.));
#4303 = ORIENTED_EDGE('',*,*,#3544,.F.);
#4304 = ORIENTED_EDGE('',*,*,#2922,.T.);
#4305 = CYLINDRICAL_SURFACE('',#4306,3.);
#4306 = AXIS2_PLACEMENT_3D('',#4307,#4308,#4309);
#4307 = CARTESIAN_POINT('',(21.85,33.85,7.));
#4308 = DIRECTION('',(-1.,5.551115123126E-16,-2.20274541644E-15));
#4309 = DIRECTION('',(2.424790021365E-15,-1.110223024625E-16,-1.));
#4310 = ADVANCED_FACE('',(#4311),#4317,.F.);
#4311 = FACE_BOUND('',#4312,.F.);
#4312 = EDGE_LOOP('',(#4313,#4314,#4315,#4316));
#4313 = ORIENTED_EDGE('',*,*,#3775,.F.);
#4314 = ORIENTED_EDGE('',*,*,#2881,.F.);
#4315 = ORIENTED_EDGE('',*,*,#3827,.T.);
#4316 = ORIENTED_EDGE('',*,*,#3810,.T.);
#4317 = PLANE('',#4318);
#4318 = AXIS2_PLACEMENT_3D('',#4319,#4320,#4321);
#4319 = CARTESIAN_POINT('',(0.24,1.25,-2.579022302463E-14));
#4320 = DIRECTION('',(1.542044604925E-15,1.,-4.0381784197E-15));
#4321 = DIRECTION('',(-6.661338147751E-16,3.372044604925E-15,1.));
#4322 = ADVANCED_FACE('',(#4323),#4334,.F.);
#4323 = FACE_BOUND('',#4324,.F.);
#4324 = EDGE_LOOP('',(#4325,#4326,#4332,#4333));
#4325 = ORIENTED_EDGE('',*,*,#3030,.F.);
#4326 = ORIENTED_EDGE('',*,*,#4327,.T.);
#4327 = EDGE_CURVE('',#3031,#3174,#4328,.T.);
#4328 = LINE('',#4329,#4330);
#4329 = CARTESIAN_POINT('',(21.85,54.9,-21.75));
#4330 = VECTOR('',#4331,1.);
#4331 = DIRECTION('',(-1.,3.2181784197E-15,-2.44E-15));
#4332 = ORIENTED_EDGE('',*,*,#3173,.T.);
#4333 = ORIENTED_EDGE('',*,*,#4327,.F.);
#4334 = CYLINDRICAL_SURFACE('',#4335,1.75);
#4335 = AXIS2_PLACEMENT_3D('',#4336,#4337,#4338);
#4336 = CARTESIAN_POINT('',(21.85,53.15,-21.75));
#4337 = DIRECTION('',(1.,-2.9381784197E-15,2.89E-15));
#4338 = DIRECTION('',(2.272044604925E-15,1.,-1.1081784197E-15));
#4339 = ADVANCED_FACE('',(#4340),#4351,.F.);
#4340 = FACE_BOUND('',#4341,.F.);
#4341 = EDGE_LOOP('',(#4342,#4343,#4349,#4350));
#4342 = ORIENTED_EDGE('',*,*,#3041,.F.);
#4343 = ORIENTED_EDGE('',*,*,#4344,.T.);
#4344 = EDGE_CURVE('',#3042,#3163,#4345,.T.);
#4345 = LINE('',#4346,#4347);
#4346 = CARTESIAN_POINT('',(21.85,54.9,21.75));
#4347 = VECTOR('',#4348,1.);
#4348 = DIRECTION('',(-1.,3.2181784197E-15,-2.44E-15));
#4349 = ORIENTED_EDGE('',*,*,#3162,.T.);
#4350 = ORIENTED_EDGE('',*,*,#4344,.F.);
#4351 = CYLINDRICAL_SURFACE('',#4352,1.75);
#4352 = AXIS2_PLACEMENT_3D('',#4353,#4354,#4355);
#4353 = CARTESIAN_POINT('',(21.85,53.15,21.75));
#4354 = DIRECTION('',(1.,-2.9381784197E-15,2.89E-15));
#4355 = DIRECTION('',(2.272044604925E-15,1.,-1.1081784197E-15));
#4356 = ADVANCED_FACE('',(#4357),#4360,.F.);
#4357 = FACE_BOUND('',#4358,.F.);
#4358 = EDGE_LOOP('',(#4359));
#4359 = ORIENTED_EDGE('',*,*,#3198,.T.);
#4360 = PLANE('',#4361);
#4361 = AXIS2_PLACEMENT_3D('',#4362,#4363,#4364);
#4362 = CARTESIAN_POINT('',(-4.118138455808E-14,25.25,22.5));
#4363 = DIRECTION('',(1.556133814775E-15,2.987955395075E-15,-1.));
#4364 = DIRECTION('',(2.17955395075E-16,-1.,-2.3218215803E-15));
#4365 = ADVANCED_FACE('',(#4366),#4369,.F.);
#4366 = FACE_BOUND('',#4367,.F.);
#4367 = EDGE_LOOP('',(#4368));
#4368 = ORIENTED_EDGE('',*,*,#3223,.T.);
#4369 = PLANE('',#4370);
#4370 = AXIS2_PLACEMENT_3D('',#4371,#4372,#4373);
#4371 = CARTESIAN_POINT('',(-4.118138455808E-14,25.25,22.5));
#4372 = DIRECTION('',(1.556133814775E-15,2.987955395075E-15,-1.));
#4373 = DIRECTION('',(2.17955395075E-16,-1.,-2.3218215803E-15));
#4374 = ADVANCED_FACE('',(#4375),#4378,.F.);
#4375 = FACE_BOUND('',#4376,.T.);
#4376 = EDGE_LOOP('',(#4377));
#4377 = ORIENTED_EDGE('',*,*,#3309,.T.);
#4378 = PLANE('',#4379);
#4379 = AXIS2_PLACEMENT_3D('',#4380,#4381,#4382);
#4380 = CARTESIAN_POINT('',(1.77746371068E-14,25.25,-22.5));
#4381 = DIRECTION('',(-6.661338147751E-16,3.872044604925E-15,1.));
#4382 = DIRECTION('',(2.22044604925E-16,1.,-4.5381784197E-15));
#4383 = ADVANCED_FACE('',(#4384),#4387,.F.);
#4384 = FACE_BOUND('',#4385,.T.);
#4385 = EDGE_LOOP('',(#4386));
#4386 = ORIENTED_EDGE('',*,*,#3334,.T.);
#4387 = PLANE('',#4388);
#4388 = AXIS2_PLACEMENT_3D('',#4389,#4390,#4391);
#4389 = CARTESIAN_POINT('',(1.77746371068E-14,25.25,-22.5));
#4390 = DIRECTION('',(-6.661338147751E-16,3.872044604925E-15,1.));
#4391 = DIRECTION('',(2.22044604925E-16,1.,-4.5381784197E-15));
#4392 = ADVANCED_FACE('',(#4393),#4404,.F.);
#4393 = FACE_BOUND('',#4394,.F.);
#4394 = EDGE_LOOP('',(#4395,#4396,#4402,#4403));
#4395 = ORIENTED_EDGE('',*,*,#3369,.F.);
#4396 = ORIENTED_EDGE('',*,*,#4397,.T.);
#4397 = EDGE_CURVE('',#3370,#3422,#4398,.T.);
#4398 = LINE('',#4399,#4400);
#4399 = CARTESIAN_POINT('',(19.,7.75,-27.5));
#4400 = VECTOR('',#4401,1.);
#4401 = DIRECTION('',(-7.761338147751E-16,3.882044604925E-15,1.));
#4402 = ORIENTED_EDGE('',*,*,#3421,.T.);
#4403 = ORIENTED_EDGE('',*,*,#4397,.F.);
#4404 = CYLINDRICAL_SURFACE('',#4405,1.5);
#4405 = AXIS2_PLACEMENT_3D('',#4406,#4407,#4408);
#4406 = CARTESIAN_POINT('',(17.5,7.75,-27.5));
#4407 = DIRECTION('',(4.461338147751E-16,-4.112044604925E-15,-1.));
#4408 = DIRECTION('',(1.,-9.981784197001E-16,-2.2E-16));
#4409 = ADVANCED_FACE('',(#4410,#4415),#4426,.F.);
#4410 = FACE_BOUND('',#4411,.T.);
#4411 = EDGE_LOOP('',(#4412,#4413,#4414));
#4412 = ORIENTED_EDGE('',*,*,#4297,.T.);
#4413 = ORIENTED_EDGE('',*,*,#4288,.T.);
#4414 = ORIENTED_EDGE('',*,*,#3552,.F.);
#4415 = FACE_BOUND('',#4416,.T.);
#4416 = EDGE_LOOP('',(#4417));
#4417 = ORIENTED_EDGE('',*,*,#4418,.T.);
#4418 = EDGE_CURVE('',#4419,#4419,#4421,.T.);
#4419 = VERTEX_POINT('',#4420);
#4420 = CARTESIAN_POINT('',(18.45,31.95,7.));
#4421 = CIRCLE('',#4422,1.9);
#4422 = AXIS2_PLACEMENT_3D('',#4423,#4424,#4425);
#4423 = CARTESIAN_POINT('',(18.45,33.85,7.));
#4424 = DIRECTION('',(-1.,4.440892098501E-16,-4.440892098501E-16));
#4425 = DIRECTION('',(-4.440892098501E-16,-1.,8.881784197001E-16));
#4426 = PLANE('',#4427);
#4427 = AXIS2_PLACEMENT_3D('',#4428,#4429,#4430);
#4428 = CARTESIAN_POINT('',(18.45,33.85,7.));
#4429 = DIRECTION('',(-1.,5.551115123126E-16,-2.20274541644E-15));
#4430 = DIRECTION('',(-2.424790021365E-15,1.110223024625E-16,1.));
#4431 = ADVANCED_FACE('',(#4432,#4437),#4448,.F.);
#4432 = FACE_BOUND('',#4433,.T.);
#4433 = EDGE_LOOP('',(#4434,#4435,#4436));
#4434 = ORIENTED_EDGE('',*,*,#4269,.T.);
#4435 = ORIENTED_EDGE('',*,*,#4260,.T.);
#4436 = ORIENTED_EDGE('',*,*,#3529,.F.);
#4437 = FACE_BOUND('',#4438,.T.);
#4438 = EDGE_LOOP('',(#4439));
#4439 = ORIENTED_EDGE('',*,*,#4440,.T.);
#4440 = EDGE_CURVE('',#4441,#4441,#4443,.T.);
#4441 = VERTEX_POINT('',#4442);
#4442 = CARTESIAN_POINT('',(18.45,31.95,-7.));
#4443 = CIRCLE('',#4444,1.9);
#4444 = AXIS2_PLACEMENT_3D('',#4445,#4446,#4447);
#4445 = CARTESIAN_POINT('',(18.45,33.85,-7.));
#4446 = DIRECTION('',(-1.,4.440892098501E-16,-4.440892098501E-16));
#4447 = DIRECTION('',(-4.440892098501E-16,-1.,8.881784197001E-16));
#4448 = PLANE('',#4449);
#4449 = AXIS2_PLACEMENT_3D('',#4450,#4451,#4452);
#4450 = CARTESIAN_POINT('',(18.45,33.85,-7.));
#4451 = DIRECTION('',(-1.,5.551115123126E-16,-2.20274541644E-15));
#4452 = DIRECTION('',(-2.424790021365E-15,1.110223024625E-16,1.));
#4453 = ADVANCED_FACE('',(#4454,#4505),#4525,.F.);
#4454 = FACE_BOUND('',#4455,.F.);
#4455 = EDGE_LOOP('',(#4456,#4464,#4465,#4473,#4482,#4491,#4499));
#4456 = ORIENTED_EDGE('',*,*,#4457,.F.);
#4457 = EDGE_CURVE('',#3569,#4458,#4460,.T.);
#4458 = VERTEX_POINT('',#4459);
#4459 = CARTESIAN_POINT('',(-7.37,36.85,3.707505900197));
#4460 = LINE('',#4461,#4462);
#4461 = CARTESIAN_POINT('',(-7.37,40.25,3.707505900198));
#4462 = VECTOR('',#4463,1.);
#4463 = DIRECTION('',(4.42044604925E-16,1.,-8.881784197001E-16));
#4464 = ORIENTED_EDGE('',*,*,#3568,.T.);
#4465 = ORIENTED_EDGE('',*,*,#4466,.T.);
#4466 = EDGE_CURVE('',#3571,#4467,#4469,.T.);
#4467 = VERTEX_POINT('',#4468);
#4468 = CARTESIAN_POINT('',(-7.37,32.116519179816,12.25));
#4469 = LINE('',#4470,#4471);
#4470 = CARTESIAN_POINT('',(-7.37,35.75,12.25));
#4471 = VECTOR('',#4472,1.);
#4472 = DIRECTION('',(3.222044604925E-15,1.,-3.8881784197E-15));
#4473 = ORIENTED_EDGE('',*,*,#4474,.F.);
#4474 = EDGE_CURVE('',#4475,#4467,#4477,.T.);
#4475 = VERTEX_POINT('',#4476);
#4476 = CARTESIAN_POINT('',(-7.37,32.1,12.));
#4477 = CIRCLE('',#4478,1.9);
#4478 = AXIS2_PLACEMENT_3D('',#4479,#4480,#4481);
#4479 = CARTESIAN_POINT('',(-7.37,34.,12.));
#4480 = DIRECTION('',(-1.,2.002044604925E-15,-8.861338147751E-16));
#4481 = DIRECTION('',(-2.002044604925E-15,-1.,1.1081784197E-15));
#4482 = ORIENTED_EDGE('',*,*,#4483,.F.);
#4483 = EDGE_CURVE('',#4484,#4475,#4486,.T.);
#4484 = VERTEX_POINT('',#4485);
#4485 = CARTESIAN_POINT('',(-7.37,35.883480820184,12.25));
#4486 = CIRCLE('',#4487,1.9);
#4487 = AXIS2_PLACEMENT_3D('',#4488,#4489,#4490);
#4488 = CARTESIAN_POINT('',(-7.37,34.,12.));
#4489 = DIRECTION('',(-1.,2.002044604925E-15,-8.861338147751E-16));
#4490 = DIRECTION('',(-2.002044604925E-15,-1.,1.1081784197E-15));
#4491 = ORIENTED_EDGE('',*,*,#4492,.T.);
#4492 = EDGE_CURVE('',#4484,#4493,#4495,.T.);
#4493 = VERTEX_POINT('',#4494);
#4494 = CARTESIAN_POINT('',(-7.37,36.85,12.25));
#4495 = LINE('',#4496,#4497);
#4496 = CARTESIAN_POINT('',(-7.37,35.75,12.25));
#4497 = VECTOR('',#4498,1.);
#4498 = DIRECTION('',(3.222044604925E-15,1.,-3.8881784197E-15));
#4499 = ORIENTED_EDGE('',*,*,#4500,.F.);
#4500 = EDGE_CURVE('',#4458,#4493,#4501,.T.);
#4501 = LINE('',#4502,#4503);
#4502 = CARTESIAN_POINT('',(-7.37,36.85,-27.5));
#4503 = VECTOR('',#4504,1.);
#4504 = DIRECTION('',(-8.861338147751E-16,2.22044604925E-16,1.));
#4505 = FACE_BOUND('',#4506,.F.);
#4506 = EDGE_LOOP('',(#4507,#4518));
#4507 = ORIENTED_EDGE('',*,*,#4508,.T.);
#4508 = EDGE_CURVE('',#4509,#4511,#4513,.T.);
#4509 = VERTEX_POINT('',#4510);
#4510 = CARTESIAN_POINT('',(-7.37,35.75,7.));
#4511 = VERTEX_POINT('',#4512);
#4512 = CARTESIAN_POINT('',(-7.37,31.95,7.));
#4513 = CIRCLE('',#4514,1.9);
#4514 = AXIS2_PLACEMENT_3D('',#4515,#4516,#4517);
#4515 = CARTESIAN_POINT('',(-7.37,33.85,7.));
#4516 = DIRECTION('',(1.,-2.222044604925E-15,6.661338147751E-16));
#4517 = DIRECTION('',(2.222044604925E-15,1.,-8.881784197001E-16));
#4518 = ORIENTED_EDGE('',*,*,#4519,.T.);
#4519 = EDGE_CURVE('',#4511,#4509,#4520,.T.);
#4520 = CIRCLE('',#4521,1.9);
#4521 = AXIS2_PLACEMENT_3D('',#4522,#4523,#4524);
#4522 = CARTESIAN_POINT('',(-7.37,33.85,7.));
#4523 = DIRECTION('',(1.,-2.222044604925E-15,6.661338147751E-16));
#4524 = DIRECTION('',(2.222044604925E-15,1.,-8.881784197001E-16));
#4525 = PLANE('',#4526);
#4526 = AXIS2_PLACEMENT_3D('',#4527,#4528,#4529);
#4527 = CARTESIAN_POINT('',(-7.37,31.25,-27.5));
#4528 = DIRECTION('',(-1.,8.881784197001E-16,-2.2E-16));
#4529 = DIRECTION('',(2.22044604925E-16,1.,-1.1081784197E-15));
#4530 = ADVANCED_FACE('',(#4531),#4550,.F.);
#4531 = FACE_BOUND('',#4532,.T.);
#4532 = EDGE_LOOP('',(#4533,#4534,#4542,#4549));
#4533 = ORIENTED_EDGE('',*,*,#3636,.F.);
#4534 = ORIENTED_EDGE('',*,*,#4535,.T.);
#4535 = EDGE_CURVE('',#3629,#4536,#4538,.T.);
#4536 = VERTEX_POINT('',#4537);
#4537 = CARTESIAN_POINT('',(-7.37,36.85,-3.707505900198));
#4538 = LINE('',#4539,#4540);
#4539 = CARTESIAN_POINT('',(-7.37,40.25,-3.707505900198));
#4540 = VECTOR('',#4541,1.);
#4541 = DIRECTION('',(4.42044604925E-16,1.,-8.881784197001E-16));
#4542 = ORIENTED_EDGE('',*,*,#4543,.T.);
#4543 = EDGE_CURVE('',#4536,#4458,#4544,.T.);
#4544 = CIRCLE('',#4545,8.25);
#4545 = AXIS2_PLACEMENT_3D('',#4546,#4547,#4548);
#4546 = CARTESIAN_POINT('',(2.977234369149E-14,36.85,-7.294937476595E-14
    ));
#4547 = DIRECTION('',(1.1081784197E-15,1.,-2.22044604925E-16));
#4548 = DIRECTION('',(1.,-1.1081784197E-15,2.2E-16));
#4549 = ORIENTED_EDGE('',*,*,#4457,.F.);
#4550 = CYLINDRICAL_SURFACE('',#4551,8.25);
#4551 = AXIS2_PLACEMENT_3D('',#4552,#4553,#4554);
#4552 = CARTESIAN_POINT('',(3.127729534823E-14,40.25,-7.596918139293E-14
    ));
#4553 = DIRECTION('',(4.42044604925E-16,1.,-8.881784197001E-16));
#4554 = DIRECTION('',(1.,-1.1081784197E-15,2.2E-16));
#4555 = ADVANCED_FACE('',(#4556),#4661,.F.);
#4556 = FACE_BOUND('',#4557,.F.);
#4557 = EDGE_LOOP('',(#4558,#4568,#4576,#4584,#4592,#4598,#4599,#4607,
    #4615,#4621,#4622,#4623,#4631,#4639,#4647,#4655));
#4558 = ORIENTED_EDGE('',*,*,#4559,.F.);
#4559 = EDGE_CURVE('',#4560,#4562,#4564,.T.);
#4560 = VERTEX_POINT('',#4561);
#4561 = CARTESIAN_POINT('',(-7.37,40.25,12.25));
#4562 = VERTEX_POINT('',#4563);
#4563 = CARTESIAN_POINT('',(7.38,40.25,12.25));
#4564 = LINE('',#4565,#4566);
#4565 = CARTESIAN_POINT('',(-8.87,40.25,12.25));
#4566 = VECTOR('',#4567,1.);
#4567 = DIRECTION('',(1.,-1.8881784197E-15,1.196327210802E-30));
#4568 = ORIENTED_EDGE('',*,*,#4569,.F.);
#4569 = EDGE_CURVE('',#4570,#4560,#4572,.T.);
#4570 = VERTEX_POINT('',#4571);
#4571 = CARTESIAN_POINT('',(-7.37,38.35,12.25));
#4572 = LINE('',#4573,#4574);
#4573 = CARTESIAN_POINT('',(-7.37,39.3,12.25));
#4574 = VECTOR('',#4575,1.);
#4575 = DIRECTION('',(3.222044604925E-15,1.,-3.8881784197E-15));
#4576 = ORIENTED_EDGE('',*,*,#4577,.F.);
#4577 = EDGE_CURVE('',#4578,#4570,#4580,.T.);
#4578 = VERTEX_POINT('',#4579);
#4579 = CARTESIAN_POINT('',(-8.87,38.35,12.25));
#4580 = LINE('',#4581,#4582);
#4581 = CARTESIAN_POINT('',(-8.87,38.35,12.25));
#4582 = VECTOR('',#4583,1.);
#4583 = DIRECTION('',(1.,-2.1081784197E-15,2.2E-16));
#4584 = ORIENTED_EDGE('',*,*,#4585,.T.);
#4585 = EDGE_CURVE('',#4578,#4586,#4588,.T.);
#4586 = VERTEX_POINT('',#4587);
#4587 = CARTESIAN_POINT('',(-8.87,36.85,12.25));
#4588 = LINE('',#4589,#4590);
#4589 = CARTESIAN_POINT('',(-8.87,40.25,12.25));
#4590 = VECTOR('',#4591,1.);
#4591 = DIRECTION('',(-1.442044604925E-15,-1.,3.8881784197E-15));
#4592 = ORIENTED_EDGE('',*,*,#4593,.F.);
#4593 = EDGE_CURVE('',#4493,#4586,#4594,.T.);
#4594 = LINE('',#4595,#4596);
#4595 = CARTESIAN_POINT('',(-8.12,36.85,12.25));
#4596 = VECTOR('',#4597,1.);
#4597 = DIRECTION('',(-1.,2.1081784197E-15,-2.2E-16));
#4598 = ORIENTED_EDGE('',*,*,#4492,.F.);
#4599 = ORIENTED_EDGE('',*,*,#4600,.T.);
#4600 = EDGE_CURVE('',#4484,#4601,#4603,.T.);
#4601 = VERTEX_POINT('',#4602);
#4602 = CARTESIAN_POINT('',(-8.87,35.883480820184,12.25));
#4603 = LINE('',#4604,#4605);
#4604 = CARTESIAN_POINT('',(-10.87,35.883480820184,12.25));
#4605 = VECTOR('',#4606,1.);
#4606 = DIRECTION('',(-1.,3.6681784197E-15,-2.2E-16));
#4607 = ORIENTED_EDGE('',*,*,#4608,.T.);
#4608 = EDGE_CURVE('',#4601,#4609,#4611,.T.);
#4609 = VERTEX_POINT('',#4610);
#4610 = CARTESIAN_POINT('',(-8.87,32.116519179816,12.25));
#4611 = LINE('',#4612,#4613);
#4612 = CARTESIAN_POINT('',(-8.87,40.25,12.25));
#4613 = VECTOR('',#4614,1.);
#4614 = DIRECTION('',(-1.442044604925E-15,-1.,3.8881784197E-15));
#4615 = ORIENTED_EDGE('',*,*,#4616,.F.);
#4616 = EDGE_CURVE('',#4467,#4609,#4617,.T.);
#4617 = LINE('',#4618,#4619);
#4618 = CARTESIAN_POINT('',(-10.87,32.116519179816,12.25));
#4619 = VECTOR('',#4620,1.);
#4620 = DIRECTION('',(-1.,3.6681784197E-15,-2.2E-16));
#4621 = ORIENTED_EDGE('',*,*,#4466,.F.);
#4622 = ORIENTED_EDGE('',*,*,#3578,.F.);
#4623 = ORIENTED_EDGE('',*,*,#4624,.F.);
#4624 = EDGE_CURVE('',#4625,#3579,#4627,.T.);
#4625 = VERTEX_POINT('',#4626);
#4626 = CARTESIAN_POINT('',(7.38,36.850000000001,12.25));
#4627 = LINE('',#4628,#4629);
#4628 = CARTESIAN_POINT('',(7.38,38.550000000001,12.25));
#4629 = VECTOR('',#4630,1.);
#4630 = DIRECTION('',(-3.222044604925E-15,-1.,3.8881784197E-15));
#4631 = ORIENTED_EDGE('',*,*,#4632,.F.);
#4632 = EDGE_CURVE('',#4633,#4625,#4635,.T.);
#4633 = VERTEX_POINT('',#4634);
#4634 = CARTESIAN_POINT('',(8.88,36.850000000001,12.25));
#4635 = LINE('',#4636,#4637);
#4636 = CARTESIAN_POINT('',(5.000000000036E-03,36.850000000001,12.25));
#4637 = VECTOR('',#4638,1.);
#4638 = DIRECTION('',(-1.,2.1081784197E-15,-2.2E-16));
#4639 = ORIENTED_EDGE('',*,*,#4640,.F.);
#4640 = EDGE_CURVE('',#4641,#4633,#4643,.T.);
#4641 = VERTEX_POINT('',#4642);
#4642 = CARTESIAN_POINT('',(8.88,38.350000000001,12.25));
#4643 = LINE('',#4644,#4645);
#4644 = CARTESIAN_POINT('',(8.88,40.25,12.25));
#4645 = VECTOR('',#4646,1.);
#4646 = DIRECTION('',(-1.442044604925E-15,-1.,3.8881784197E-15));
#4647 = ORIENTED_EDGE('',*,*,#4648,.F.);
#4648 = EDGE_CURVE('',#4649,#4641,#4651,.T.);
#4649 = VERTEX_POINT('',#4650);
#4650 = CARTESIAN_POINT('',(7.38,38.350000000001,12.25));
#4651 = LINE('',#4652,#4653);
#4652 = CARTESIAN_POINT('',(-0.745,38.350000000001,12.25));
#4653 = VECTOR('',#4654,1.);
#4654 = DIRECTION('',(1.,-2.1081784197E-15,2.2E-16));
#4655 = ORIENTED_EDGE('',*,*,#4656,.F.);
#4656 = EDGE_CURVE('',#4562,#4649,#4657,.T.);
#4657 = LINE('',#4658,#4659);
#4658 = CARTESIAN_POINT('',(7.38,40.25,12.25));
#4659 = VECTOR('',#4660,1.);
#4660 = DIRECTION('',(-3.222044604925E-15,-1.,3.8881784197E-15));
#4661 = PLANE('',#4662);
#4662 = AXIS2_PLACEMENT_3D('',#4663,#4664,#4665);
#4663 = CARTESIAN_POINT('',(-8.87,40.25,12.25));
#4664 = DIRECTION('',(-8.861338147751E-16,3.222044604925E-15,1.));
#4665 = DIRECTION('',(1.,-2.3281784197E-15,2.2E-16));
#4666 = ADVANCED_FACE('',(#4667,#4711),#4731,.F.);
#4667 = FACE_BOUND('',#4668,.F.);
#4668 = EDGE_LOOP('',(#4669,#4677,#4678,#4679,#4687,#4695,#4704));
#4669 = ORIENTED_EDGE('',*,*,#4670,.T.);
#4670 = EDGE_CURVE('',#4671,#3621,#4673,.T.);
#4671 = VERTEX_POINT('',#4672);
#4672 = CARTESIAN_POINT('',(-7.37,32.116519179816,-12.25));
#4673 = LINE('',#4674,#4675);
#4674 = CARTESIAN_POINT('',(-7.37,35.75,-12.25));
#4675 = VECTOR('',#4676,1.);
#4676 = DIRECTION('',(-3.222044604925E-15,-1.,3.8881784197E-15));
#4677 = ORIENTED_EDGE('',*,*,#3628,.T.);
#4678 = ORIENTED_EDGE('',*,*,#4535,.T.);
#4679 = ORIENTED_EDGE('',*,*,#4680,.F.);
#4680 = EDGE_CURVE('',#4681,#4536,#4683,.T.);
#4681 = VERTEX_POINT('',#4682);
#4682 = CARTESIAN_POINT('',(-7.37,36.85,-12.25));
#4683 = LINE('',#4684,#4685);
#4684 = CARTESIAN_POINT('',(-7.37,36.85,-27.5));
#4685 = VECTOR('',#4686,1.);
#4686 = DIRECTION('',(-8.861338147751E-16,2.22044604925E-16,1.));
#4687 = ORIENTED_EDGE('',*,*,#4688,.T.);
#4688 = EDGE_CURVE('',#4681,#4689,#4691,.T.);
#4689 = VERTEX_POINT('',#4690);
#4690 = CARTESIAN_POINT('',(-7.37,35.883480820184,-12.25));
#4691 = LINE('',#4692,#4693);
#4692 = CARTESIAN_POINT('',(-7.37,35.75,-12.25));
#4693 = VECTOR('',#4694,1.);
#4694 = DIRECTION('',(-3.222044604925E-15,-1.,3.8881784197E-15));
#4695 = ORIENTED_EDGE('',*,*,#4696,.F.);
#4696 = EDGE_CURVE('',#4697,#4689,#4699,.T.);
#4697 = VERTEX_POINT('',#4698);
#4698 = CARTESIAN_POINT('',(-7.37,32.1,-12.));
#4699 = CIRCLE('',#4700,1.9);
#4700 = AXIS2_PLACEMENT_3D('',#4701,#4702,#4703);
#4701 = CARTESIAN_POINT('',(-7.37,34.,-12.));
#4702 = DIRECTION('',(-1.,2.002044604925E-15,-8.861338147751E-16));
#4703 = DIRECTION('',(-2.002044604925E-15,-1.,1.1081784197E-15));
#4704 = ORIENTED_EDGE('',*,*,#4705,.F.);
#4705 = EDGE_CURVE('',#4671,#4697,#4706,.T.);
#4706 = CIRCLE('',#4707,1.9);
#4707 = AXIS2_PLACEMENT_3D('',#4708,#4709,#4710);
#4708 = CARTESIAN_POINT('',(-7.37,34.,-12.));
#4709 = DIRECTION('',(-1.,2.002044604925E-15,-8.861338147751E-16));
#4710 = DIRECTION('',(-2.002044604925E-15,-1.,1.1081784197E-15));
#4711 = FACE_BOUND('',#4712,.F.);
#4712 = EDGE_LOOP('',(#4713,#4724));
#4713 = ORIENTED_EDGE('',*,*,#4714,.T.);
#4714 = EDGE_CURVE('',#4715,#4717,#4719,.T.);
#4715 = VERTEX_POINT('',#4716);
#4716 = CARTESIAN_POINT('',(-7.37,35.75,-7.));
#4717 = VERTEX_POINT('',#4718);
#4718 = CARTESIAN_POINT('',(-7.37,31.95,-7.));
#4719 = CIRCLE('',#4720,1.9);
#4720 = AXIS2_PLACEMENT_3D('',#4721,#4722,#4723);
#4721 = CARTESIAN_POINT('',(-7.37,33.85,-7.));
#4722 = DIRECTION('',(1.,-2.222044604925E-15,6.661338147751E-16));
#4723 = DIRECTION('',(2.222044604925E-15,1.,-8.881784197001E-16));
#4724 = ORIENTED_EDGE('',*,*,#4725,.T.);
#4725 = EDGE_CURVE('',#4717,#4715,#4726,.T.);
#4726 = CIRCLE('',#4727,1.9);
#4727 = AXIS2_PLACEMENT_3D('',#4728,#4729,#4730);
#4728 = CARTESIAN_POINT('',(-7.37,33.85,-7.));
#4729 = DIRECTION('',(1.,-2.222044604925E-15,6.661338147751E-16));
#4730 = DIRECTION('',(2.222044604925E-15,1.,-8.881784197001E-16));
#4731 = PLANE('',#4732);
#4732 = AXIS2_PLACEMENT_3D('',#4733,#4734,#4735);
#4733 = CARTESIAN_POINT('',(-7.37,31.25,-27.5));
#4734 = DIRECTION('',(-1.,8.881784197001E-16,-2.2E-16));
#4735 = DIRECTION('',(2.22044604925E-16,1.,-1.1081784197E-15));
#4736 = ADVANCED_FACE('',(#4737,#4755),#4766,.F.);
#4737 = FACE_BOUND('',#4738,.F.);
#4738 = EDGE_LOOP('',(#4739,#4740,#4748,#4754));
#4739 = ORIENTED_EDGE('',*,*,#3586,.F.);
#4740 = ORIENTED_EDGE('',*,*,#4741,.T.);
#4741 = EDGE_CURVE('',#3587,#4742,#4744,.T.);
#4742 = VERTEX_POINT('',#4743);
#4743 = CARTESIAN_POINT('',(7.38,36.850000000001,3.687560169001));
#4744 = LINE('',#4745,#4746);
#4745 = CARTESIAN_POINT('',(7.38,40.25,3.687560169001));
#4746 = VECTOR('',#4747,1.);
#4747 = DIRECTION('',(4.42044604925E-16,1.,-8.881784197001E-16));
#4748 = ORIENTED_EDGE('',*,*,#4749,.T.);
#4749 = EDGE_CURVE('',#4742,#4625,#4750,.T.);
#4750 = LINE('',#4751,#4752);
#4751 = CARTESIAN_POINT('',(7.38,36.850000000001,-27.5));
#4752 = VECTOR('',#4753,1.);
#4753 = DIRECTION('',(-8.861338147751E-16,2.22044604925E-16,1.));
#4754 = ORIENTED_EDGE('',*,*,#4624,.T.);
#4755 = FACE_BOUND('',#4756,.F.);
#4756 = EDGE_LOOP('',(#4757));
#4757 = ORIENTED_EDGE('',*,*,#4758,.T.);
#4758 = EDGE_CURVE('',#4759,#4759,#4761,.T.);
#4759 = VERTEX_POINT('',#4760);
#4760 = CARTESIAN_POINT('',(7.38,31.5,7.));
#4761 = CIRCLE('',#4762,2.35);
#4762 = AXIS2_PLACEMENT_3D('',#4763,#4764,#4765);
#4763 = CARTESIAN_POINT('',(7.38,33.85,7.));
#4764 = DIRECTION('',(-1.,-4.930380657631E-32,-2.22044604925E-16));
#4765 = DIRECTION('',(0.,-1.,2.22044604925E-16));
#4766 = PLANE('',#4767);
#4767 = AXIS2_PLACEMENT_3D('',#4768,#4769,#4770);
#4768 = CARTESIAN_POINT('',(7.38,36.850000000001,-27.5));
#4769 = DIRECTION('',(1.,-8.881784197001E-16,2.2E-16));
#4770 = DIRECTION('',(-2.22044604925E-16,-1.,1.1081784197E-15));
#4771 = ADVANCED_FACE('',(#4772),#4877,.F.);
#4772 = FACE_BOUND('',#4773,.F.);
#4773 = EDGE_LOOP('',(#4774,#4784,#4792,#4800,#4808,#4816,#4822,#4823,
    #4824,#4832,#4840,#4846,#4847,#4855,#4863,#4871));
#4774 = ORIENTED_EDGE('',*,*,#4775,.F.);
#4775 = EDGE_CURVE('',#4776,#4778,#4780,.T.);
#4776 = VERTEX_POINT('',#4777);
#4777 = CARTESIAN_POINT('',(7.38,40.25,-12.25));
#4778 = VERTEX_POINT('',#4779);
#4779 = CARTESIAN_POINT('',(-7.37,40.25,-12.25));
#4780 = LINE('',#4781,#4782);
#4781 = CARTESIAN_POINT('',(8.88,40.25,-12.25));
#4782 = VECTOR('',#4783,1.);
#4783 = DIRECTION('',(-1.,1.8881784197E-15,-1.196327210802E-30));
#4784 = ORIENTED_EDGE('',*,*,#4785,.F.);
#4785 = EDGE_CURVE('',#4786,#4776,#4788,.T.);
#4786 = VERTEX_POINT('',#4787);
#4787 = CARTESIAN_POINT('',(7.38,38.350000000001,-12.25));
#4788 = LINE('',#4789,#4790);
#4789 = CARTESIAN_POINT('',(7.38,40.25,-12.25));
#4790 = VECTOR('',#4791,1.);
#4791 = DIRECTION('',(3.222044604925E-15,1.,-3.8881784197E-15));
#4792 = ORIENTED_EDGE('',*,*,#4793,.F.);
#4793 = EDGE_CURVE('',#4794,#4786,#4796,.T.);
#4794 = VERTEX_POINT('',#4795);
#4795 = CARTESIAN_POINT('',(8.88,38.350000000001,-12.25));
#4796 = LINE('',#4797,#4798);
#4797 = CARTESIAN_POINT('',(8.13,38.350000000001,-12.25));
#4798 = VECTOR('',#4799,1.);
#4799 = DIRECTION('',(-1.,2.1081784197E-15,-2.2E-16));
#4800 = ORIENTED_EDGE('',*,*,#4801,.T.);
#4801 = EDGE_CURVE('',#4794,#4802,#4804,.T.);
#4802 = VERTEX_POINT('',#4803);
#4803 = CARTESIAN_POINT('',(8.88,36.850000000001,-12.25));
#4804 = LINE('',#4805,#4806);
#4805 = CARTESIAN_POINT('',(8.88,40.25,-12.25));
#4806 = VECTOR('',#4807,1.);
#4807 = DIRECTION('',(-1.442044604925E-15,-1.,3.8881784197E-15));
#4808 = ORIENTED_EDGE('',*,*,#4809,.F.);
#4809 = EDGE_CURVE('',#4810,#4802,#4812,.T.);
#4810 = VERTEX_POINT('',#4811);
#4811 = CARTESIAN_POINT('',(7.38,36.850000000001,-12.25));
#4812 = LINE('',#4813,#4814);
#4813 = CARTESIAN_POINT('',(8.88,36.850000000001,-12.25));
#4814 = VECTOR('',#4815,1.);
#4815 = DIRECTION('',(1.,-2.1081784197E-15,2.2E-16));
#4816 = ORIENTED_EDGE('',*,*,#4817,.F.);
#4817 = EDGE_CURVE('',#3613,#4810,#4818,.T.);
#4818 = LINE('',#4819,#4820);
#4819 = CARTESIAN_POINT('',(7.38,38.55,-12.25));
#4820 = VECTOR('',#4821,1.);
#4821 = DIRECTION('',(3.222044604925E-15,1.,-3.8881784197E-15));
#4822 = ORIENTED_EDGE('',*,*,#3620,.F.);
#4823 = ORIENTED_EDGE('',*,*,#4670,.F.);
#4824 = ORIENTED_EDGE('',*,*,#4825,.T.);
#4825 = EDGE_CURVE('',#4671,#4826,#4828,.T.);
#4826 = VERTEX_POINT('',#4827);
#4827 = CARTESIAN_POINT('',(-8.87,32.116519179816,-12.25));
#4828 = LINE('',#4829,#4830);
#4829 = CARTESIAN_POINT('',(-10.87,32.116519179816,-12.25));
#4830 = VECTOR('',#4831,1.);
#4831 = DIRECTION('',(-1.,3.6681784197E-15,-2.2E-16));
#4832 = ORIENTED_EDGE('',*,*,#4833,.F.);
#4833 = EDGE_CURVE('',#4834,#4826,#4836,.T.);
#4834 = VERTEX_POINT('',#4835);
#4835 = CARTESIAN_POINT('',(-8.87,35.883480820184,-12.25));
#4836 = LINE('',#4837,#4838);
#4837 = CARTESIAN_POINT('',(-8.87,40.25,-12.25));
#4838 = VECTOR('',#4839,1.);
#4839 = DIRECTION('',(-1.442044604925E-15,-1.,3.8881784197E-15));
#4840 = ORIENTED_EDGE('',*,*,#4841,.F.);
#4841 = EDGE_CURVE('',#4689,#4834,#4842,.T.);
#4842 = LINE('',#4843,#4844);
#4843 = CARTESIAN_POINT('',(-10.87,35.883480820184,-12.25));
#4844 = VECTOR('',#4845,1.);
#4845 = DIRECTION('',(-1.,3.6681784197E-15,-2.2E-16));
#4846 = ORIENTED_EDGE('',*,*,#4688,.F.);
#4847 = ORIENTED_EDGE('',*,*,#4848,.F.);
#4848 = EDGE_CURVE('',#4849,#4681,#4851,.T.);
#4849 = VERTEX_POINT('',#4850);
#4850 = CARTESIAN_POINT('',(-8.87,36.85,-12.25));
#4851 = LINE('',#4852,#4853);
#4852 = CARTESIAN_POINT('',(0.755,36.85,-12.25));
#4853 = VECTOR('',#4854,1.);
#4854 = DIRECTION('',(1.,-2.1081784197E-15,2.2E-16));
#4855 = ORIENTED_EDGE('',*,*,#4856,.F.);
#4856 = EDGE_CURVE('',#4857,#4849,#4859,.T.);
#4857 = VERTEX_POINT('',#4858);
#4858 = CARTESIAN_POINT('',(-8.87,38.35,-12.25));
#4859 = LINE('',#4860,#4861);
#4860 = CARTESIAN_POINT('',(-8.87,40.25,-12.25));
#4861 = VECTOR('',#4862,1.);
#4862 = DIRECTION('',(-1.442044604925E-15,-1.,3.8881784197E-15));
#4863 = ORIENTED_EDGE('',*,*,#4864,.F.);
#4864 = EDGE_CURVE('',#4865,#4857,#4867,.T.);
#4865 = VERTEX_POINT('',#4866);
#4866 = CARTESIAN_POINT('',(-7.37,38.35,-12.25));
#4867 = LINE('',#4868,#4869);
#4868 = CARTESIAN_POINT('',(5.000000000063E-03,38.35,-12.25));
#4869 = VECTOR('',#4870,1.);
#4870 = DIRECTION('',(-1.,2.1081784197E-15,-2.2E-16));
#4871 = ORIENTED_EDGE('',*,*,#4872,.F.);
#4872 = EDGE_CURVE('',#4778,#4865,#4873,.T.);
#4873 = LINE('',#4874,#4875);
#4874 = CARTESIAN_POINT('',(-7.37,39.3,-12.25));
#4875 = VECTOR('',#4876,1.);
#4876 = DIRECTION('',(-3.222044604925E-15,-1.,3.8881784197E-15));
#4877 = PLANE('',#4878);
#4878 = AXIS2_PLACEMENT_3D('',#4879,#4880,#4881);
#4879 = CARTESIAN_POINT('',(8.88,40.25,-12.25));
#4880 = DIRECTION('',(8.861338147751E-16,-3.222044604925E-15,-1.));
#4881 = DIRECTION('',(-1.,2.3281784197E-15,-2.2E-16));
#4882 = ADVANCED_FACE('',(#4883),#4912,.F.);
#4883 = FACE_BOUND('',#4884,.T.);
#4884 = EDGE_LOOP('',(#4885,#4896,#4902,#4903,#4904,#4905));
#4885 = ORIENTED_EDGE('',*,*,#4886,.T.);
#4886 = EDGE_CURVE('',#4887,#4889,#4891,.T.);
#4887 = VERTEX_POINT('',#4888);
#4888 = CARTESIAN_POINT('',(8.25,36.850000000001,-7.072937476595E-14));
#4889 = VERTEX_POINT('',#4890);
#4890 = CARTESIAN_POINT('',(7.38,36.850000000001,-3.687560169001));
#4891 = CIRCLE('',#4892,8.25);
#4892 = AXIS2_PLACEMENT_3D('',#4893,#4894,#4895);
#4893 = CARTESIAN_POINT('',(2.977234369149E-14,36.850000000001,
    -7.294937476595E-14));
#4894 = DIRECTION('',(1.1081784197E-15,1.,-2.22044604925E-16));
#4895 = DIRECTION('',(1.,-1.1081784197E-15,2.2E-16));
#4896 = ORIENTED_EDGE('',*,*,#4897,.F.);
#4897 = EDGE_CURVE('',#3604,#4889,#4898,.T.);
#4898 = LINE('',#4899,#4900);
#4899 = CARTESIAN_POINT('',(7.38,40.25,-3.687560169001));
#4900 = VECTOR('',#4901,1.);
#4901 = DIRECTION('',(4.42044604925E-16,1.,-8.881784197001E-16));
#4902 = ORIENTED_EDGE('',*,*,#3603,.F.);
#4903 = ORIENTED_EDGE('',*,*,#3594,.F.);
#4904 = ORIENTED_EDGE('',*,*,#4741,.T.);
#4905 = ORIENTED_EDGE('',*,*,#4906,.T.);
#4906 = EDGE_CURVE('',#4742,#4887,#4907,.T.);
#4907 = CIRCLE('',#4908,8.25);
#4908 = AXIS2_PLACEMENT_3D('',#4909,#4910,#4911);
#4909 = CARTESIAN_POINT('',(2.977234369149E-14,36.850000000001,
    -7.294937476595E-14));
#4910 = DIRECTION('',(1.1081784197E-15,1.,-2.22044604925E-16));
#4911 = DIRECTION('',(1.,-1.1081784197E-15,2.2E-16));
#4912 = CYLINDRICAL_SURFACE('',#4913,8.25);
#4913 = AXIS2_PLACEMENT_3D('',#4914,#4915,#4916);
#4914 = CARTESIAN_POINT('',(3.127729534823E-14,40.25,-7.596918139293E-14
    ));
#4915 = DIRECTION('',(4.42044604925E-16,1.,-8.881784197001E-16));
#4916 = DIRECTION('',(1.,-1.1081784197E-15,2.2E-16));
#4917 = ADVANCED_FACE('',(#4918,#4929),#4940,.F.);
#4918 = FACE_BOUND('',#4919,.F.);
#4919 = EDGE_LOOP('',(#4920,#4921,#4927,#4928));
#4920 = ORIENTED_EDGE('',*,*,#4817,.T.);
#4921 = ORIENTED_EDGE('',*,*,#4922,.T.);
#4922 = EDGE_CURVE('',#4810,#4889,#4923,.T.);
#4923 = LINE('',#4924,#4925);
#4924 = CARTESIAN_POINT('',(7.38,36.850000000001,-27.5));
#4925 = VECTOR('',#4926,1.);
#4926 = DIRECTION('',(-8.861338147751E-16,2.22044604925E-16,1.));
#4927 = ORIENTED_EDGE('',*,*,#4897,.F.);
#4928 = ORIENTED_EDGE('',*,*,#3612,.F.);
#4929 = FACE_BOUND('',#4930,.F.);
#4930 = EDGE_LOOP('',(#4931));
#4931 = ORIENTED_EDGE('',*,*,#4932,.T.);
#4932 = EDGE_CURVE('',#4933,#4933,#4935,.T.);
#4933 = VERTEX_POINT('',#4934);
#4934 = CARTESIAN_POINT('',(7.38,31.5,-7.));
#4935 = CIRCLE('',#4936,2.35);
#4936 = AXIS2_PLACEMENT_3D('',#4937,#4938,#4939);
#4937 = CARTESIAN_POINT('',(7.38,33.85,-7.));
#4938 = DIRECTION('',(-1.,-4.930380657631E-32,-2.22044604925E-16));
#4939 = DIRECTION('',(0.,-1.,2.22044604925E-16));
#4940 = PLANE('',#4941);
#4941 = AXIS2_PLACEMENT_3D('',#4942,#4943,#4944);
#4942 = CARTESIAN_POINT('',(7.38,36.850000000001,-27.5));
#4943 = DIRECTION('',(1.,-8.881784197001E-16,2.2E-16));
#4944 = DIRECTION('',(-2.22044604925E-16,-1.,1.1081784197E-15));
#4945 = ADVANCED_FACE('',(#4946),#4958,.F.);
#4946 = FACE_BOUND('',#4947,.F.);
#4947 = EDGE_LOOP('',(#4948,#4949,#4950,#4955,#4956,#4957));
#4948 = ORIENTED_EDGE('',*,*,#3657,.T.);
#4949 = ORIENTED_EDGE('',*,*,#3668,.T.);
#4950 = ORIENTED_EDGE('',*,*,#4951,.T.);
#4951 = EDGE_CURVE('',#3658,#4509,#4952,.T.);
#4952 = B_SPLINE_CURVE_WITH_KNOTS('',1,(#4953,#4954),.UNSPECIFIED.,.F.,
  .F.,(2,2),(-3.5,6.217248937901E-15),.PIECEWISE_BEZIER_KNOTS.);
#4953 = CARTESIAN_POINT('',(-10.87,35.75,7.));
#4954 = CARTESIAN_POINT('',(-7.37,35.75,7.));
#4955 = ORIENTED_EDGE('',*,*,#4519,.F.);
#4956 = ORIENTED_EDGE('',*,*,#4508,.F.);
#4957 = ORIENTED_EDGE('',*,*,#4951,.F.);
#4958 = CYLINDRICAL_SURFACE('',#4959,1.9);
#4959 = AXIS2_PLACEMENT_3D('',#4960,#4961,#4962);
#4960 = CARTESIAN_POINT('',(-7.37,33.85,7.));
#4961 = DIRECTION('',(1.,-2.7781784197E-15,2.2E-16));
#4962 = DIRECTION('',(2.112044604925E-15,1.,-1.3281784197E-15));
#4963 = ADVANCED_FACE('',(#4964),#4985,.F.);
#4964 = FACE_BOUND('',#4965,.F.);
#4965 = EDGE_LOOP('',(#4966,#4972,#4973,#4974,#4975,#4976,#4983,#4984));
#4966 = ORIENTED_EDGE('',*,*,#4967,.F.);
#4967 = EDGE_CURVE('',#3678,#4475,#4968,.T.);
#4968 = LINE('',#4969,#4970);
#4969 = CARTESIAN_POINT('',(-10.87,32.1,12.));
#4970 = VECTOR('',#4971,1.);
#4971 = DIRECTION('',(1.,-2.8881784197E-15,2.084505630502E-30));
#4972 = ORIENTED_EDGE('',*,*,#3677,.F.);
#4973 = ORIENTED_EDGE('',*,*,#4967,.T.);
#4974 = ORIENTED_EDGE('',*,*,#4474,.T.);
#4975 = ORIENTED_EDGE('',*,*,#4616,.T.);
#4976 = ORIENTED_EDGE('',*,*,#4977,.T.);
#4977 = EDGE_CURVE('',#4609,#4601,#4978,.T.);
#4978 = CIRCLE('',#4979,1.9);
#4979 = AXIS2_PLACEMENT_3D('',#4980,#4981,#4982);
#4980 = CARTESIAN_POINT('',(-8.87,34.,12.));
#4981 = DIRECTION('',(-1.,3.002044604925E-15,-8.861338147751E-16));
#4982 = DIRECTION('',(-3.002044604925E-15,-1.,2.1081784197E-15));
#4983 = ORIENTED_EDGE('',*,*,#4600,.F.);
#4984 = ORIENTED_EDGE('',*,*,#4483,.T.);
#4985 = CYLINDRICAL_SURFACE('',#4986,1.9);
#4986 = AXIS2_PLACEMENT_3D('',#4987,#4988,#4989);
#4987 = CARTESIAN_POINT('',(-10.87,34.,12.));
#4988 = DIRECTION('',(-1.,2.6681784197E-15,-2.2E-16));
#4989 = DIRECTION('',(-2.002044604925E-15,-1.,1.1081784197E-15));
#4990 = ADVANCED_FACE('',(#4991),#5003,.F.);
#4991 = FACE_BOUND('',#4992,.F.);
#4992 = EDGE_LOOP('',(#4993,#4994,#4995,#5000,#5001,#5002));
#4993 = ORIENTED_EDGE('',*,*,#3688,.T.);
#4994 = ORIENTED_EDGE('',*,*,#3699,.T.);
#4995 = ORIENTED_EDGE('',*,*,#4996,.T.);
#4996 = EDGE_CURVE('',#3689,#4715,#4997,.T.);
#4997 = B_SPLINE_CURVE_WITH_KNOTS('',1,(#4998,#4999),.UNSPECIFIED.,.F.,
  .F.,(2,2),(-3.5,2.6645352591E-15),.PIECEWISE_BEZIER_KNOTS.);
#4998 = CARTESIAN_POINT('',(-10.87,35.75,-7.));
#4999 = CARTESIAN_POINT('',(-7.37,35.75,-7.));
#5000 = ORIENTED_EDGE('',*,*,#4725,.F.);
#5001 = ORIENTED_EDGE('',*,*,#4714,.F.);
#5002 = ORIENTED_EDGE('',*,*,#4996,.F.);
#5003 = CYLINDRICAL_SURFACE('',#5004,1.9);
#5004 = AXIS2_PLACEMENT_3D('',#5005,#5006,#5007);
#5005 = CARTESIAN_POINT('',(-7.37,33.85,-7.));
#5006 = DIRECTION('',(1.,-2.7781784197E-15,2.2E-16));
#5007 = DIRECTION('',(2.112044604925E-15,1.,-1.3281784197E-15));
#5008 = ADVANCED_FACE('',(#5009),#5030,.F.);
#5009 = FACE_BOUND('',#5010,.F.);
#5010 = EDGE_LOOP('',(#5011,#5017,#5018,#5019,#5020,#5021,#5028,#5029));
#5011 = ORIENTED_EDGE('',*,*,#5012,.F.);
#5012 = EDGE_CURVE('',#3709,#4697,#5013,.T.);
#5013 = LINE('',#5014,#5015);
#5014 = CARTESIAN_POINT('',(-10.87,32.1,-12.));
#5015 = VECTOR('',#5016,1.);
#5016 = DIRECTION('',(1.,-2.8881784197E-15,2.084505630502E-30));
#5017 = ORIENTED_EDGE('',*,*,#3708,.F.);
#5018 = ORIENTED_EDGE('',*,*,#5012,.T.);
#5019 = ORIENTED_EDGE('',*,*,#4696,.T.);
#5020 = ORIENTED_EDGE('',*,*,#4841,.T.);
#5021 = ORIENTED_EDGE('',*,*,#5022,.T.);
#5022 = EDGE_CURVE('',#4834,#4826,#5023,.T.);
#5023 = CIRCLE('',#5024,1.9);
#5024 = AXIS2_PLACEMENT_3D('',#5025,#5026,#5027);
#5025 = CARTESIAN_POINT('',(-8.87,34.,-12.));
#5026 = DIRECTION('',(-1.,3.002044604925E-15,-8.861338147751E-16));
#5027 = DIRECTION('',(-3.002044604925E-15,-1.,2.1081784197E-15));
#5028 = ORIENTED_EDGE('',*,*,#4825,.F.);
#5029 = ORIENTED_EDGE('',*,*,#4705,.T.);
#5030 = CYLINDRICAL_SURFACE('',#5031,1.9);
#5031 = AXIS2_PLACEMENT_3D('',#5032,#5033,#5034);
#5032 = CARTESIAN_POINT('',(-10.87,34.,-12.));
#5033 = DIRECTION('',(-1.,2.6681784197E-15,-2.2E-16));
#5034 = DIRECTION('',(-2.002044604925E-15,-1.,1.1081784197E-15));
#5035 = ADVANCED_FACE('',(#5036),#5047,.F.);
#5036 = FACE_BOUND('',#5037,.T.);
#5037 = EDGE_LOOP('',(#5038,#5039,#5045,#5046));
#5038 = ORIENTED_EDGE('',*,*,#3783,.T.);
#5039 = ORIENTED_EDGE('',*,*,#5040,.T.);
#5040 = EDGE_CURVE('',#3784,#3836,#5041,.T.);
#5041 = LINE('',#5042,#5043);
#5042 = CARTESIAN_POINT('',(19.,7.75,27.5));
#5043 = VECTOR('',#5044,1.);
#5044 = DIRECTION('',(1.666133814775E-15,2.777955395075E-15,-1.));
#5045 = ORIENTED_EDGE('',*,*,#3835,.F.);
#5046 = ORIENTED_EDGE('',*,*,#5040,.F.);
#5047 = CYLINDRICAL_SURFACE('',#5048,1.5);
#5048 = AXIS2_PLACEMENT_3D('',#5049,#5050,#5051);
#5049 = CARTESIAN_POINT('',(17.5,7.75,27.5));
#5050 = DIRECTION('',(-1.996133814775E-15,-2.997955395075E-15,1.));
#5051 = DIRECTION('',(1.,-1.2181784197E-15,1.33E-15));
#5052 = ADVANCED_FACE('',(#5053),#5059,.T.);
#5053 = FACE_BOUND('',#5054,.T.);
#5054 = EDGE_LOOP('',(#5055,#5056,#5057,#5058));
#5055 = ORIENTED_EDGE('',*,*,#4021,.F.);
#5056 = ORIENTED_EDGE('',*,*,#4156,.T.);
#5057 = ORIENTED_EDGE('',*,*,#4183,.F.);
#5058 = ORIENTED_EDGE('',*,*,#4036,.F.);
#5059 = PLANE('',#5060);
#5060 = AXIS2_PLACEMENT_3D('',#5061,#5062,#5063);
#5061 = CARTESIAN_POINT('',(-21.37,31.249999999929,12.));
#5062 = DIRECTION('',(-0.707106781178,0.707106781195,-8.558036983481E-15
    ));
#5063 = DIRECTION('',(-0.707106781195,-0.707106781178,
    -7.419630165339E-16));
#5064 = ADVANCED_FACE('',(#5065),#5084,.F.);
#5065 = FACE_BOUND('',#5066,.F.);
#5066 = EDGE_LOOP('',(#5067,#5075,#5082,#5083));
#5067 = ORIENTED_EDGE('',*,*,#5068,.T.);
#5068 = EDGE_CURVE('',#4081,#5069,#5071,.T.);
#5069 = VERTEX_POINT('',#5070);
#5070 = CARTESIAN_POINT('',(-1.9,41.5,21.75));
#5071 = LINE('',#5072,#5073);
#5072 = CARTESIAN_POINT('',(-1.9,49.500000000001,21.75));
#5073 = VECTOR('',#5074,1.);
#5074 = DIRECTION('',(-2.112044604925E-15,-1.,5.8881784197E-15));
#5075 = ORIENTED_EDGE('',*,*,#5076,.T.);
#5076 = EDGE_CURVE('',#5069,#5069,#5077,.T.);
#5077 = CIRCLE('',#5078,1.9);
#5078 = AXIS2_PLACEMENT_3D('',#5079,#5080,#5081);
#5079 = CARTESIAN_POINT('',(7.272644063303E-14,41.5,21.75));
#5080 = DIRECTION('',(2.8881784197E-15,1.,-5.222044604925E-15));
#5081 = DIRECTION('',(-1.,2.8881784197E-15,-2.084505630502E-30));
#5082 = ORIENTED_EDGE('',*,*,#5068,.F.);
#5083 = ORIENTED_EDGE('',*,*,#4080,.F.);
#5084 = CYLINDRICAL_SURFACE('',#5085,1.9);
#5085 = AXIS2_PLACEMENT_3D('',#5086,#5087,#5088);
#5086 = CARTESIAN_POINT('',(8.993279747243E-14,49.500000000001,21.75));
#5087 = DIRECTION('',(2.332044604925E-15,1.,-5.6581784197E-15));
#5088 = DIRECTION('',(-1.,2.9981784197E-15,2.2E-16));
#5089 = ADVANCED_FACE('',(#5090),#5185,.F.);
#5090 = FACE_BOUND('',#5091,.F.);
#5091 = EDGE_LOOP('',(#5092,#5103,#5111,#5120,#5128,#5137,#5142,#5143,
    #5144,#5153,#5161,#5170,#5178));
#5092 = ORIENTED_EDGE('',*,*,#5093,.T.);
#5093 = EDGE_CURVE('',#5094,#5096,#5098,.T.);
#5094 = VERTEX_POINT('',#5095);
#5095 = CARTESIAN_POINT('',(8.25,38.350000000001,-7.20616423955E-14));
#5096 = VERTEX_POINT('',#5097);
#5097 = CARTESIAN_POINT('',(7.38,38.350000000001,-3.687560169001));
#5098 = CIRCLE('',#5099,8.25);
#5099 = AXIS2_PLACEMENT_3D('',#5100,#5101,#5102);
#5100 = CARTESIAN_POINT('',(3.043541059888E-14,38.350000000001,
    -7.42816423955E-14));
#5101 = DIRECTION('',(1.1081784197E-15,1.,-2.22044604925E-16));
#5102 = DIRECTION('',(1.,-1.1081784197E-15,2.2E-16));
#5103 = ORIENTED_EDGE('',*,*,#5104,.T.);
#5104 = EDGE_CURVE('',#5096,#5105,#5107,.T.);
#5105 = VERTEX_POINT('',#5106);
#5106 = CARTESIAN_POINT('',(7.38,40.25,-3.687560169001));
#5107 = LINE('',#5108,#5109);
#5108 = CARTESIAN_POINT('',(7.38,40.25,-3.687560169001));
#5109 = VECTOR('',#5110,1.);
#5110 = DIRECTION('',(4.42044604925E-16,1.,-8.881784197001E-16));
#5111 = ORIENTED_EDGE('',*,*,#5112,.T.);
#5112 = EDGE_CURVE('',#5105,#5113,#5115,.T.);
#5113 = VERTEX_POINT('',#5114);
#5114 = CARTESIAN_POINT('',(-7.37,40.25,-3.707505900198));
#5115 = CIRCLE('',#5116,8.25);
#5116 = AXIS2_PLACEMENT_3D('',#5117,#5118,#5119);
#5117 = CARTESIAN_POINT('',(3.230729534823E-14,40.25,-7.904918139293E-14
    ));
#5118 = DIRECTION('',(1.7781784197E-15,1.,-4.42044604925E-16));
#5119 = DIRECTION('',(-1.,1.7781784197E-15,2.2E-16));
#5120 = ORIENTED_EDGE('',*,*,#5121,.F.);
#5121 = EDGE_CURVE('',#5122,#5113,#5124,.T.);
#5122 = VERTEX_POINT('',#5123);
#5123 = CARTESIAN_POINT('',(-7.37,38.35,-3.707505900198));
#5124 = LINE('',#5125,#5126);
#5125 = CARTESIAN_POINT('',(-7.37,40.25,-3.707505900198));
#5126 = VECTOR('',#5127,1.);
#5127 = DIRECTION('',(4.42044604925E-16,1.,-8.881784197001E-16));
#5128 = ORIENTED_EDGE('',*,*,#5129,.T.);
#5129 = EDGE_CURVE('',#5122,#5130,#5132,.T.);
#5130 = VERTEX_POINT('',#5131);
#5131 = CARTESIAN_POINT('',(-8.25,38.35,-7.60616423955E-14));
#5132 = CIRCLE('',#5133,8.25);
#5133 = AXIS2_PLACEMENT_3D('',#5134,#5135,#5136);
#5134 = CARTESIAN_POINT('',(3.043541059888E-14,38.35,-7.42816423955E-14)
  );
#5135 = DIRECTION('',(1.1081784197E-15,1.,-2.22044604925E-16));
#5136 = DIRECTION('',(1.,-1.1081784197E-15,2.2E-16));
#5137 = ORIENTED_EDGE('',*,*,#5138,.T.);
#5138 = EDGE_CURVE('',#5130,#4092,#5139,.T.);
#5139 = B_SPLINE_CURVE_WITH_KNOTS('',1,(#5140,#5141),.UNSPECIFIED.,.F.,
  .F.,(2,2),(-11.15,0.),.PIECEWISE_BEZIER_KNOTS.);
#5140 = CARTESIAN_POINT('',(-8.25,38.35,-7.42616423955E-14));
#5141 = CARTESIAN_POINT('',(-8.25,49.5,-9.159483177516E-14));
#5142 = ORIENTED_EDGE('',*,*,#4091,.F.);
#5143 = ORIENTED_EDGE('',*,*,#5138,.F.);
#5144 = ORIENTED_EDGE('',*,*,#5145,.T.);
#5145 = EDGE_CURVE('',#5130,#5146,#5148,.T.);
#5146 = VERTEX_POINT('',#5147);
#5147 = CARTESIAN_POINT('',(-7.37,38.35,3.707505900197));
#5148 = CIRCLE('',#5149,8.25);
#5149 = AXIS2_PLACEMENT_3D('',#5150,#5151,#5152);
#5150 = CARTESIAN_POINT('',(3.043541059888E-14,38.35,-7.42816423955E-14)
  );
#5151 = DIRECTION('',(1.1081784197E-15,1.,-2.22044604925E-16));
#5152 = DIRECTION('',(1.,-1.1081784197E-15,2.2E-16));
#5153 = ORIENTED_EDGE('',*,*,#5154,.T.);
#5154 = EDGE_CURVE('',#5146,#5155,#5157,.T.);
#5155 = VERTEX_POINT('',#5156);
#5156 = CARTESIAN_POINT('',(-7.37,40.25,3.707505900197));
#5157 = LINE('',#5158,#5159);
#5158 = CARTESIAN_POINT('',(-7.37,40.25,3.707505900198));
#5159 = VECTOR('',#5160,1.);
#5160 = DIRECTION('',(4.42044604925E-16,1.,-8.881784197001E-16));
#5161 = ORIENTED_EDGE('',*,*,#5162,.T.);
#5162 = EDGE_CURVE('',#5155,#5163,#5165,.T.);
#5163 = VERTEX_POINT('',#5164);
#5164 = CARTESIAN_POINT('',(7.38,40.25,3.687560169001));
#5165 = CIRCLE('',#5166,8.25);
#5166 = AXIS2_PLACEMENT_3D('',#5167,#5168,#5169);
#5167 = CARTESIAN_POINT('',(3.230729534823E-14,40.25,-7.904918139293E-14
    ));
#5168 = DIRECTION('',(1.7781784197E-15,1.,-4.42044604925E-16));
#5169 = DIRECTION('',(-1.,1.7781784197E-15,2.2E-16));
#5170 = ORIENTED_EDGE('',*,*,#5171,.F.);
#5171 = EDGE_CURVE('',#5172,#5163,#5174,.T.);
#5172 = VERTEX_POINT('',#5173);
#5173 = CARTESIAN_POINT('',(7.38,38.350000000001,3.687560169001));
#5174 = LINE('',#5175,#5176);
#5175 = CARTESIAN_POINT('',(7.38,40.25,3.687560169001));
#5176 = VECTOR('',#5177,1.);
#5177 = DIRECTION('',(4.42044604925E-16,1.,-8.881784197001E-16));
#5178 = ORIENTED_EDGE('',*,*,#5179,.T.);
#5179 = EDGE_CURVE('',#5172,#5094,#5180,.T.);
#5180 = CIRCLE('',#5181,8.25);
#5181 = AXIS2_PLACEMENT_3D('',#5182,#5183,#5184);
#5182 = CARTESIAN_POINT('',(3.043541059888E-14,38.350000000001,
    -7.42816423955E-14));
#5183 = DIRECTION('',(1.1081784197E-15,1.,-2.22044604925E-16));
#5184 = DIRECTION('',(1.,-1.1081784197E-15,2.2E-16));
#5185 = CYLINDRICAL_SURFACE('',#5186,8.25);
#5186 = AXIS2_PLACEMENT_3D('',#5187,#5188,#5189);
#5187 = CARTESIAN_POINT('',(3.847120794379E-14,49.5,-9.342483177516E-14)
  );
#5188 = DIRECTION('',(6.62044604925E-16,1.,-1.5581784197E-15));
#5189 = DIRECTION('',(-1.,1.3281784197E-15,2.2E-16));
#5190 = ADVANCED_FACE('',(#5191),#5210,.F.);
#5191 = FACE_BOUND('',#5192,.F.);
#5192 = EDGE_LOOP('',(#5193,#5201,#5208,#5209));
#5193 = ORIENTED_EDGE('',*,*,#5194,.T.);
#5194 = EDGE_CURVE('',#4103,#5195,#5197,.T.);
#5195 = VERTEX_POINT('',#5196);
#5196 = CARTESIAN_POINT('',(-1.9,41.5,-21.75));
#5197 = LINE('',#5198,#5199);
#5198 = CARTESIAN_POINT('',(-1.9,49.5,-21.75));
#5199 = VECTOR('',#5200,1.);
#5200 = DIRECTION('',(-2.112044604925E-15,-1.,5.8881784197E-15));
#5201 = ORIENTED_EDGE('',*,*,#5202,.T.);
#5202 = EDGE_CURVE('',#5195,#5195,#5203,.T.);
#5203 = CIRCLE('',#5204,1.9);
#5204 = AXIS2_PLACEMENT_3D('',#5205,#5206,#5207);
#5205 = CARTESIAN_POINT('',(1.017032615757E-13,41.5,-21.75));
#5206 = DIRECTION('',(2.8881784197E-15,1.,-5.222044604925E-15));
#5207 = DIRECTION('',(-1.,2.8881784197E-15,-2.084505630502E-30));
#5208 = ORIENTED_EDGE('',*,*,#5194,.F.);
#5209 = ORIENTED_EDGE('',*,*,#4102,.F.);
#5210 = CYLINDRICAL_SURFACE('',#5211,1.9);
#5211 = AXIS2_PLACEMENT_3D('',#5212,#5213,#5214);
#5212 = CARTESIAN_POINT('',(1.189096184151E-13,49.5,-21.75));
#5213 = DIRECTION('',(2.332044604925E-15,1.,-5.6581784197E-15));
#5214 = DIRECTION('',(-1.,2.9981784197E-15,2.2E-16));
#5215 = ADVANCED_FACE('',(#5216),#5235,.F.);
#5216 = FACE_BOUND('',#5217,.F.);
#5217 = EDGE_LOOP('',(#5218,#5227,#5233,#5234));
#5218 = ORIENTED_EDGE('',*,*,#5219,.F.);
#5219 = EDGE_CURVE('',#5220,#5220,#5222,.T.);
#5220 = VERTEX_POINT('',#5221);
#5221 = CARTESIAN_POINT('',(12.88,31.95,7.));
#5222 = CIRCLE('',#5223,1.9);
#5223 = AXIS2_PLACEMENT_3D('',#5224,#5225,#5226);
#5224 = CARTESIAN_POINT('',(12.88,33.85,7.));
#5225 = DIRECTION('',(-1.,6.661338147751E-16,-2.22044604925E-16));
#5226 = DIRECTION('',(-6.661338147751E-16,-1.,8.881784197001E-16));
#5227 = ORIENTED_EDGE('',*,*,#5228,.T.);
#5228 = EDGE_CURVE('',#5220,#4419,#5229,.T.);
#5229 = LINE('',#5230,#5231);
#5230 = CARTESIAN_POINT('',(-10.87,31.95,7.));
#5231 = VECTOR('',#5232,1.);
#5232 = DIRECTION('',(1.,-8.881784197001E-16,3.08148791102E-31));
#5233 = ORIENTED_EDGE('',*,*,#4418,.T.);
#5234 = ORIENTED_EDGE('',*,*,#5228,.F.);
#5235 = CYLINDRICAL_SURFACE('',#5236,1.9);
#5236 = AXIS2_PLACEMENT_3D('',#5237,#5238,#5239);
#5237 = CARTESIAN_POINT('',(-10.87,33.85,7.));
#5238 = DIRECTION('',(-1.,6.661338147751E-16,-2.22044604925E-16));
#5239 = DIRECTION('',(-2.22044604925E-16,-1.,8.881784197001E-16));
#5240 = ADVANCED_FACE('',(#5241),#5260,.F.);
#5241 = FACE_BOUND('',#5242,.F.);
#5242 = EDGE_LOOP('',(#5243,#5252,#5258,#5259));
#5243 = ORIENTED_EDGE('',*,*,#5244,.F.);
#5244 = EDGE_CURVE('',#5245,#5245,#5247,.T.);
#5245 = VERTEX_POINT('',#5246);
#5246 = CARTESIAN_POINT('',(12.88,31.95,-7.));
#5247 = CIRCLE('',#5248,1.9);
#5248 = AXIS2_PLACEMENT_3D('',#5249,#5250,#5251);
#5249 = CARTESIAN_POINT('',(12.88,33.85,-7.));
#5250 = DIRECTION('',(-1.,6.661338147751E-16,-2.22044604925E-16));
#5251 = DIRECTION('',(-6.661338147751E-16,-1.,8.881784197001E-16));
#5252 = ORIENTED_EDGE('',*,*,#5253,.T.);
#5253 = EDGE_CURVE('',#5245,#4441,#5254,.T.);
#5254 = LINE('',#5255,#5256);
#5255 = CARTESIAN_POINT('',(-10.87,31.95,-7.));
#5256 = VECTOR('',#5257,1.);
#5257 = DIRECTION('',(1.,-8.881784197001E-16,3.08148791102E-31));
#5258 = ORIENTED_EDGE('',*,*,#4440,.T.);
#5259 = ORIENTED_EDGE('',*,*,#5253,.F.);
#5260 = CYLINDRICAL_SURFACE('',#5261,1.9);
#5261 = AXIS2_PLACEMENT_3D('',#5262,#5263,#5264);
#5262 = CARTESIAN_POINT('',(-10.87,33.85,-7.));
#5263 = DIRECTION('',(-1.,6.661338147751E-16,-2.22044604925E-16));
#5264 = DIRECTION('',(-2.22044604925E-16,-1.,8.881784197001E-16));
#5265 = ADVANCED_FACE('',(#5266),#5279,.F.);
#5266 = FACE_BOUND('',#5267,.F.);
#5267 = EDGE_LOOP('',(#5268,#5269,#5270,#5271,#5272,#5273));
#5268 = ORIENTED_EDGE('',*,*,#4848,.T.);
#5269 = ORIENTED_EDGE('',*,*,#4680,.T.);
#5270 = ORIENTED_EDGE('',*,*,#4543,.T.);
#5271 = ORIENTED_EDGE('',*,*,#4500,.T.);
#5272 = ORIENTED_EDGE('',*,*,#4593,.T.);
#5273 = ORIENTED_EDGE('',*,*,#5274,.F.);
#5274 = EDGE_CURVE('',#4849,#4586,#5275,.T.);
#5275 = LINE('',#5276,#5277);
#5276 = CARTESIAN_POINT('',(-8.87,36.85,-27.5));
#5277 = VECTOR('',#5278,1.);
#5278 = DIRECTION('',(-8.861338147751E-16,2.22044604925E-16,1.));
#5279 = PLANE('',#5280);
#5280 = AXIS2_PLACEMENT_3D('',#5281,#5282,#5283);
#5281 = CARTESIAN_POINT('',(-7.37,36.85,-27.5));
#5282 = DIRECTION('',(-4.42044604925E-16,-1.,8.881784197001E-16));
#5283 = DIRECTION('',(-1.,1.1081784197E-15,-5.03548043436E-31));
#5284 = ADVANCED_FACE('',(#5285),#5301,.F.);
#5285 = FACE_BOUND('',#5286,.F.);
#5286 = EDGE_LOOP('',(#5287,#5288,#5294,#5295));
#5287 = ORIENTED_EDGE('',*,*,#5162,.F.);
#5288 = ORIENTED_EDGE('',*,*,#5289,.T.);
#5289 = EDGE_CURVE('',#5155,#4560,#5290,.T.);
#5290 = LINE('',#5291,#5292);
#5291 = CARTESIAN_POINT('',(-7.37,40.25,-27.5));
#5292 = VECTOR('',#5293,1.);
#5293 = DIRECTION('',(-8.861338147751E-16,2.22044604925E-16,1.));
#5294 = ORIENTED_EDGE('',*,*,#4559,.T.);
#5295 = ORIENTED_EDGE('',*,*,#5296,.F.);
#5296 = EDGE_CURVE('',#5163,#4562,#5297,.T.);
#5297 = LINE('',#5298,#5299);
#5298 = CARTESIAN_POINT('',(7.38,40.25,-27.5));
#5299 = VECTOR('',#5300,1.);
#5300 = DIRECTION('',(-8.861338147751E-16,2.22044604925E-16,1.));
#5301 = PLANE('',#5302);
#5302 = AXIS2_PLACEMENT_3D('',#5303,#5304,#5305);
#5303 = CARTESIAN_POINT('',(-7.37,40.25,-27.5));
#5304 = DIRECTION('',(4.42044604925E-16,1.,-8.881784197001E-16));
#5305 = DIRECTION('',(1.,-1.1081784197E-15,5.03548043436E-31));
#5306 = ADVANCED_FACE('',(#5307),#5318,.F.);
#5307 = FACE_BOUND('',#5308,.F.);
#5308 = EDGE_LOOP('',(#5309,#5315,#5316,#5317));
#5309 = ORIENTED_EDGE('',*,*,#5310,.F.);
#5310 = EDGE_CURVE('',#5172,#4649,#5311,.T.);
#5311 = LINE('',#5312,#5313);
#5312 = CARTESIAN_POINT('',(7.38,38.350000000001,-27.5));
#5313 = VECTOR('',#5314,1.);
#5314 = DIRECTION('',(-8.861338147751E-16,2.22044604925E-16,1.));
#5315 = ORIENTED_EDGE('',*,*,#5171,.T.);
#5316 = ORIENTED_EDGE('',*,*,#5296,.T.);
#5317 = ORIENTED_EDGE('',*,*,#4656,.T.);
#5318 = PLANE('',#5319);
#5319 = AXIS2_PLACEMENT_3D('',#5320,#5321,#5322);
#5320 = CARTESIAN_POINT('',(7.38,40.25,-27.5));
#5321 = DIRECTION('',(1.,-8.881784197001E-16,2.2E-16));
#5322 = DIRECTION('',(-2.22044604925E-16,-1.,1.1081784197E-15));
#5323 = ADVANCED_FACE('',(#5324),#5343,.F.);
#5324 = FACE_BOUND('',#5325,.F.);
#5325 = EDGE_LOOP('',(#5326,#5327,#5333,#5334,#5335,#5336,#5337));
#5326 = ORIENTED_EDGE('',*,*,#4793,.T.);
#5327 = ORIENTED_EDGE('',*,*,#5328,.T.);
#5328 = EDGE_CURVE('',#4786,#5096,#5329,.T.);
#5329 = LINE('',#5330,#5331);
#5330 = CARTESIAN_POINT('',(7.38,38.350000000001,-27.5));
#5331 = VECTOR('',#5332,1.);
#5332 = DIRECTION('',(-8.861338147751E-16,2.22044604925E-16,1.));
#5333 = ORIENTED_EDGE('',*,*,#5093,.F.);
#5334 = ORIENTED_EDGE('',*,*,#5179,.F.);
#5335 = ORIENTED_EDGE('',*,*,#5310,.T.);
#5336 = ORIENTED_EDGE('',*,*,#4648,.T.);
#5337 = ORIENTED_EDGE('',*,*,#5338,.F.);
#5338 = EDGE_CURVE('',#4794,#4641,#5339,.T.);
#5339 = LINE('',#5340,#5341);
#5340 = CARTESIAN_POINT('',(8.88,38.350000000001,-27.5));
#5341 = VECTOR('',#5342,1.);
#5342 = DIRECTION('',(-8.861338147751E-16,2.22044604925E-16,1.));
#5343 = PLANE('',#5344);
#5344 = AXIS2_PLACEMENT_3D('',#5345,#5346,#5347);
#5345 = CARTESIAN_POINT('',(7.38,38.350000000001,-27.5));
#5346 = DIRECTION('',(4.42044604925E-16,1.,-8.881784197001E-16));
#5347 = DIRECTION('',(1.,-1.1081784197E-15,5.03548043436E-31));
#5348 = ADVANCED_FACE('',(#5349),#5360,.F.);
#5349 = FACE_BOUND('',#5350,.F.);
#5350 = EDGE_LOOP('',(#5351,#5352,#5353,#5354));
#5351 = ORIENTED_EDGE('',*,*,#4801,.F.);
#5352 = ORIENTED_EDGE('',*,*,#5338,.T.);
#5353 = ORIENTED_EDGE('',*,*,#4640,.T.);
#5354 = ORIENTED_EDGE('',*,*,#5355,.F.);
#5355 = EDGE_CURVE('',#4802,#4633,#5356,.T.);
#5356 = LINE('',#5357,#5358);
#5357 = CARTESIAN_POINT('',(8.88,36.850000000001,-27.5));
#5358 = VECTOR('',#5359,1.);
#5359 = DIRECTION('',(-8.861338147751E-16,2.22044604925E-16,1.));
#5360 = PLANE('',#5361);
#5361 = AXIS2_PLACEMENT_3D('',#5362,#5363,#5364);
#5362 = CARTESIAN_POINT('',(8.88,38.350000000001,-27.5));
#5363 = DIRECTION('',(1.,-8.881784197001E-16,2.2E-16));
#5364 = DIRECTION('',(-2.22044604925E-16,-1.,1.1081784197E-15));
#5365 = ADVANCED_FACE('',(#5366),#5375,.F.);
#5366 = FACE_BOUND('',#5367,.F.);
#5367 = EDGE_LOOP('',(#5368,#5369,#5370,#5371,#5372,#5373,#5374));
#5368 = ORIENTED_EDGE('',*,*,#4809,.T.);
#5369 = ORIENTED_EDGE('',*,*,#5355,.T.);
#5370 = ORIENTED_EDGE('',*,*,#4632,.T.);
#5371 = ORIENTED_EDGE('',*,*,#4749,.F.);
#5372 = ORIENTED_EDGE('',*,*,#4906,.T.);
#5373 = ORIENTED_EDGE('',*,*,#4886,.T.);
#5374 = ORIENTED_EDGE('',*,*,#4922,.F.);
#5375 = PLANE('',#5376);
#5376 = AXIS2_PLACEMENT_3D('',#5377,#5378,#5379);
#5377 = CARTESIAN_POINT('',(8.88,36.850000000001,-27.5));
#5378 = DIRECTION('',(-4.42044604925E-16,-1.,8.881784197001E-16));
#5379 = DIRECTION('',(-1.,1.1081784197E-15,-5.03548043436E-31));
#5380 = ADVANCED_FACE('',(#5381),#5385,.F.);
#5381 = FACE_BOUND('',#5382,.F.);
#5382 = EDGE_LOOP('',(#5383,#5384));
#5383 = ORIENTED_EDGE('',*,*,#4608,.F.);
#5384 = ORIENTED_EDGE('',*,*,#4977,.F.);
#5385 = PLANE('',#5386);
#5386 = AXIS2_PLACEMENT_3D('',#5387,#5388,#5389);
#5387 = CARTESIAN_POINT('',(-8.87,40.25,27.5));
#5388 = DIRECTION('',(1.,-2.1081784197E-15,4.4E-16));
#5389 = DIRECTION('',(1.106133814775E-15,-3.002044604925E-15,-1.));
#5390 = ADVANCED_FACE('',(#5391),#5402,.F.);
#5391 = FACE_BOUND('',#5392,.F.);
#5392 = EDGE_LOOP('',(#5393,#5394,#5395,#5396));
#5393 = ORIENTED_EDGE('',*,*,#4856,.T.);
#5394 = ORIENTED_EDGE('',*,*,#5274,.T.);
#5395 = ORIENTED_EDGE('',*,*,#4585,.F.);
#5396 = ORIENTED_EDGE('',*,*,#5397,.F.);
#5397 = EDGE_CURVE('',#4857,#4578,#5398,.T.);
#5398 = LINE('',#5399,#5400);
#5399 = CARTESIAN_POINT('',(-8.87,38.35,-27.5));
#5400 = VECTOR('',#5401,1.);
#5401 = DIRECTION('',(-8.861338147751E-16,2.22044604925E-16,1.));
#5402 = PLANE('',#5403);
#5403 = AXIS2_PLACEMENT_3D('',#5404,#5405,#5406);
#5404 = CARTESIAN_POINT('',(-8.87,36.85,-27.5));
#5405 = DIRECTION('',(-1.,8.881784197001E-16,-2.2E-16));
#5406 = DIRECTION('',(2.22044604925E-16,1.,-1.1081784197E-15));
#5407 = ADVANCED_FACE('',(#5408),#5427,.F.);
#5408 = FACE_BOUND('',#5409,.F.);
#5409 = EDGE_LOOP('',(#5410,#5411,#5412,#5413,#5419,#5420,#5421));
#5410 = ORIENTED_EDGE('',*,*,#4864,.T.);
#5411 = ORIENTED_EDGE('',*,*,#5397,.T.);
#5412 = ORIENTED_EDGE('',*,*,#4577,.T.);
#5413 = ORIENTED_EDGE('',*,*,#5414,.F.);
#5414 = EDGE_CURVE('',#5146,#4570,#5415,.T.);
#5415 = LINE('',#5416,#5417);
#5416 = CARTESIAN_POINT('',(-7.37,38.35,-27.5));
#5417 = VECTOR('',#5418,1.);
#5418 = DIRECTION('',(-8.861338147751E-16,2.22044604925E-16,1.));
#5419 = ORIENTED_EDGE('',*,*,#5145,.F.);
#5420 = ORIENTED_EDGE('',*,*,#5129,.F.);
#5421 = ORIENTED_EDGE('',*,*,#5422,.F.);
#5422 = EDGE_CURVE('',#4865,#5122,#5423,.T.);
#5423 = LINE('',#5424,#5425);
#5424 = CARTESIAN_POINT('',(-7.37,38.35,-27.5));
#5425 = VECTOR('',#5426,1.);
#5426 = DIRECTION('',(-8.861338147751E-16,2.22044604925E-16,1.));
#5427 = PLANE('',#5428);
#5428 = AXIS2_PLACEMENT_3D('',#5429,#5430,#5431);
#5429 = CARTESIAN_POINT('',(-8.87,38.35,-27.5));
#5430 = DIRECTION('',(4.42044604925E-16,1.,-8.881784197001E-16));
#5431 = DIRECTION('',(1.,-1.1081784197E-15,5.03548043436E-31));
#5432 = ADVANCED_FACE('',(#5433),#5439,.F.);
#5433 = FACE_BOUND('',#5434,.F.);
#5434 = EDGE_LOOP('',(#5435,#5436,#5437,#5438));
#5435 = ORIENTED_EDGE('',*,*,#5154,.F.);
#5436 = ORIENTED_EDGE('',*,*,#5414,.T.);
#5437 = ORIENTED_EDGE('',*,*,#4569,.T.);
#5438 = ORIENTED_EDGE('',*,*,#5289,.F.);
#5439 = PLANE('',#5440);
#5440 = AXIS2_PLACEMENT_3D('',#5441,#5442,#5443);
#5441 = CARTESIAN_POINT('',(-7.37,38.35,-27.5));
#5442 = DIRECTION('',(-1.,8.881784197001E-16,-2.2E-16));
#5443 = DIRECTION('',(2.22044604925E-16,1.,-1.1081784197E-15));
#5444 = ADVANCED_FACE('',(#5445),#5464,.F.);
#5445 = FACE_BOUND('',#5446,.F.);
#5446 = EDGE_LOOP('',(#5447,#5455,#5462,#5463));
#5447 = ORIENTED_EDGE('',*,*,#5448,.T.);
#5448 = EDGE_CURVE('',#4759,#5449,#5451,.T.);
#5449 = VERTEX_POINT('',#5450);
#5450 = CARTESIAN_POINT('',(12.88,31.5,7.));
#5451 = LINE('',#5452,#5453);
#5452 = CARTESIAN_POINT('',(7.38,31.5,7.));
#5453 = VECTOR('',#5454,1.);
#5454 = DIRECTION('',(1.,-2.22044604925E-16,0.));
#5455 = ORIENTED_EDGE('',*,*,#5456,.T.);
#5456 = EDGE_CURVE('',#5449,#5449,#5457,.T.);
#5457 = CIRCLE('',#5458,2.35);
#5458 = AXIS2_PLACEMENT_3D('',#5459,#5460,#5461);
#5459 = CARTESIAN_POINT('',(12.88,33.85,7.));
#5460 = DIRECTION('',(-1.,-4.930380657631E-32,-2.22044604925E-16));
#5461 = DIRECTION('',(0.,-1.,2.22044604925E-16));
#5462 = ORIENTED_EDGE('',*,*,#5448,.F.);
#5463 = ORIENTED_EDGE('',*,*,#4758,.F.);
#5464 = CYLINDRICAL_SURFACE('',#5465,2.35);
#5465 = AXIS2_PLACEMENT_3D('',#5466,#5467,#5468);
#5466 = CARTESIAN_POINT('',(7.38,33.85,7.));
#5467 = DIRECTION('',(-1.,-4.930380657631E-32,-2.22044604925E-16));
#5468 = DIRECTION('',(0.,-1.,2.22044604925E-16));
#5469 = ADVANCED_FACE('',(#5470),#5486,.F.);
#5470 = FACE_BOUND('',#5471,.F.);
#5471 = EDGE_LOOP('',(#5472,#5473,#5479,#5480));
#5472 = ORIENTED_EDGE('',*,*,#4775,.T.);
#5473 = ORIENTED_EDGE('',*,*,#5474,.T.);
#5474 = EDGE_CURVE('',#4778,#5113,#5475,.T.);
#5475 = LINE('',#5476,#5477);
#5476 = CARTESIAN_POINT('',(-7.37,40.25,-27.5));
#5477 = VECTOR('',#5478,1.);
#5478 = DIRECTION('',(-8.861338147751E-16,2.22044604925E-16,1.));
#5479 = ORIENTED_EDGE('',*,*,#5112,.F.);
#5480 = ORIENTED_EDGE('',*,*,#5481,.F.);
#5481 = EDGE_CURVE('',#4776,#5105,#5482,.T.);
#5482 = LINE('',#5483,#5484);
#5483 = CARTESIAN_POINT('',(7.38,40.25,-27.5));
#5484 = VECTOR('',#5485,1.);
#5485 = DIRECTION('',(-8.861338147751E-16,2.22044604925E-16,1.));
#5486 = PLANE('',#5487);
#5487 = AXIS2_PLACEMENT_3D('',#5488,#5489,#5490);
#5488 = CARTESIAN_POINT('',(-7.37,40.25,-27.5));
#5489 = DIRECTION('',(4.42044604925E-16,1.,-8.881784197001E-16));
#5490 = DIRECTION('',(1.,-1.1081784197E-15,5.03548043436E-31));
#5491 = ADVANCED_FACE('',(#5492),#5498,.F.);
#5492 = FACE_BOUND('',#5493,.F.);
#5493 = EDGE_LOOP('',(#5494,#5495,#5496,#5497));
#5494 = ORIENTED_EDGE('',*,*,#4872,.T.);
#5495 = ORIENTED_EDGE('',*,*,#5422,.T.);
#5496 = ORIENTED_EDGE('',*,*,#5121,.T.);
#5497 = ORIENTED_EDGE('',*,*,#5474,.F.);
#5498 = PLANE('',#5499);
#5499 = AXIS2_PLACEMENT_3D('',#5500,#5501,#5502);
#5500 = CARTESIAN_POINT('',(-7.37,38.35,-27.5));
#5501 = DIRECTION('',(-1.,8.881784197001E-16,-2.2E-16));
#5502 = DIRECTION('',(2.22044604925E-16,1.,-1.1081784197E-15));
#5503 = ADVANCED_FACE('',(#5504),#5508,.F.);
#5504 = FACE_BOUND('',#5505,.F.);
#5505 = EDGE_LOOP('',(#5506,#5507));
#5506 = ORIENTED_EDGE('',*,*,#5022,.F.);
#5507 = ORIENTED_EDGE('',*,*,#4833,.T.);
#5508 = PLANE('',#5509);
#5509 = AXIS2_PLACEMENT_3D('',#5510,#5511,#5512);
#5510 = CARTESIAN_POINT('',(-8.87,40.25,-12.25));
#5511 = DIRECTION('',(1.,-2.1081784197E-15,4.4E-16));
#5512 = DIRECTION('',(1.106133814775E-15,-3.002044604925E-15,-1.));
#5513 = ADVANCED_FACE('',(#5514),#5520,.F.);
#5514 = FACE_BOUND('',#5515,.F.);
#5515 = EDGE_LOOP('',(#5516,#5517,#5518,#5519));
#5516 = ORIENTED_EDGE('',*,*,#4785,.T.);
#5517 = ORIENTED_EDGE('',*,*,#5481,.T.);
#5518 = ORIENTED_EDGE('',*,*,#5104,.F.);
#5519 = ORIENTED_EDGE('',*,*,#5328,.F.);
#5520 = PLANE('',#5521);
#5521 = AXIS2_PLACEMENT_3D('',#5522,#5523,#5524);
#5522 = CARTESIAN_POINT('',(7.38,40.25,-27.5));
#5523 = DIRECTION('',(1.,-8.881784197001E-16,2.2E-16));
#5524 = DIRECTION('',(-2.22044604925E-16,-1.,1.1081784197E-15));
#5525 = ADVANCED_FACE('',(#5526),#5545,.F.);
#5526 = FACE_BOUND('',#5527,.F.);
#5527 = EDGE_LOOP('',(#5528,#5536,#5543,#5544));
#5528 = ORIENTED_EDGE('',*,*,#5529,.T.);
#5529 = EDGE_CURVE('',#4933,#5530,#5532,.T.);
#5530 = VERTEX_POINT('',#5531);
#5531 = CARTESIAN_POINT('',(12.88,31.5,-7.));
#5532 = LINE('',#5533,#5534);
#5533 = CARTESIAN_POINT('',(7.38,31.5,-7.));
#5534 = VECTOR('',#5535,1.);
#5535 = DIRECTION('',(1.,-2.22044604925E-16,0.));
#5536 = ORIENTED_EDGE('',*,*,#5537,.T.);
#5537 = EDGE_CURVE('',#5530,#5530,#5538,.T.);
#5538 = CIRCLE('',#5539,2.35);
#5539 = AXIS2_PLACEMENT_3D('',#5540,#5541,#5542);
#5540 = CARTESIAN_POINT('',(12.88,33.85,-7.));
#5541 = DIRECTION('',(-1.,-4.930380657631E-32,-2.22044604925E-16));
#5542 = DIRECTION('',(0.,-1.,2.22044604925E-16));
#5543 = ORIENTED_EDGE('',*,*,#5529,.F.);
#5544 = ORIENTED_EDGE('',*,*,#4932,.F.);
#5545 = CYLINDRICAL_SURFACE('',#5546,2.35);
#5546 = AXIS2_PLACEMENT_3D('',#5547,#5548,#5549);
#5547 = CARTESIAN_POINT('',(7.38,33.85,-7.));
#5548 = DIRECTION('',(-1.,-4.930380657631E-32,-2.22044604925E-16));
#5549 = DIRECTION('',(0.,-1.,2.22044604925E-16));
#5550 = ADVANCED_FACE('',(#5551),#5554,.T.);
#5551 = FACE_BOUND('',#5552,.T.);
#5552 = EDGE_LOOP('',(#5553));
#5553 = ORIENTED_EDGE('',*,*,#5076,.T.);
#5554 = PLANE('',#5555);
#5555 = AXIS2_PLACEMENT_3D('',#5556,#5557,#5558);
#5556 = CARTESIAN_POINT('',(8.786485110439E-14,41.5,-2.264494044176E-13)
  );
#5557 = DIRECTION('',(2.712044604925E-15,1.,-5.6281784197E-15));
#5558 = DIRECTION('',(-6.661338147751E-16,4.962044604925E-15,1.));
#5559 = ADVANCED_FACE('',(#5560),#5563,.T.);
#5560 = FACE_BOUND('',#5561,.T.);
#5561 = EDGE_LOOP('',(#5562));
#5562 = ORIENTED_EDGE('',*,*,#5202,.T.);
#5563 = PLANE('',#5564);
#5564 = AXIS2_PLACEMENT_3D('',#5565,#5566,#5567);
#5565 = CARTESIAN_POINT('',(8.786485110439E-14,41.5,-2.264494044176E-13)
  );
#5566 = DIRECTION('',(2.712044604925E-15,1.,-5.6281784197E-15));
#5567 = DIRECTION('',(-6.661338147751E-16,4.962044604925E-15,1.));
#5568 = ADVANCED_FACE('',(#5569,#5572),#5575,.F.);
#5569 = FACE_BOUND('',#5570,.F.);
#5570 = EDGE_LOOP('',(#5571));
#5571 = ORIENTED_EDGE('',*,*,#5456,.F.);
#5572 = FACE_BOUND('',#5573,.F.);
#5573 = EDGE_LOOP('',(#5574));
#5574 = ORIENTED_EDGE('',*,*,#5219,.T.);
#5575 = PLANE('',#5576);
#5576 = AXIS2_PLACEMENT_3D('',#5577,#5578,#5579);
#5577 = CARTESIAN_POINT('',(12.88,33.85,-5.988750154195E-15));
#5578 = DIRECTION('',(1.,-2.22044604925E-16,0.));
#5579 = DIRECTION('',(0.,1.,-2.22044604925E-16));
#5580 = ADVANCED_FACE('',(#5581,#5584),#5587,.F.);
#5581 = FACE_BOUND('',#5582,.F.);
#5582 = EDGE_LOOP('',(#5583));
#5583 = ORIENTED_EDGE('',*,*,#5537,.F.);
#5584 = FACE_BOUND('',#5585,.F.);
#5585 = EDGE_LOOP('',(#5586));
#5586 = ORIENTED_EDGE('',*,*,#5244,.T.);
#5587 = PLANE('',#5588);
#5588 = AXIS2_PLACEMENT_3D('',#5589,#5590,#5591);
#5589 = CARTESIAN_POINT('',(12.88,33.85,-5.988750154195E-15));
#5590 = DIRECTION('',(1.,-2.22044604925E-16,0.));
#5591 = DIRECTION('',(0.,1.,-2.22044604925E-16));
#5592 = ( GEOMETRIC_REPRESENTATION_CONTEXT(3) 
GLOBAL_UNCERTAINTY_ASSIGNED_CONTEXT((#5596)) 
GLOBAL_UNIT_ASSIGNED_CONTEXT((#5593,#5594,#5595)) REPRESENTATION_CONTEXT
('Context #1','3D Context with UNIT and UNCERTAINTY') );
#5593 = ( LENGTH_UNIT() NAMED_UNIT(*) SI_UNIT(.MILLI.,.METRE.) );
#5594 = ( NAMED_UNIT(*) PLANE_ANGLE_UNIT() SI_UNIT($,.RADIAN.) );
#5595 = ( NAMED_UNIT(*) SI_UNIT($,.STERADIAN.) SOLID_ANGLE_UNIT() );
#5596 = UNCERTAINTY_MEASURE_WITH_UNIT(LENGTH_MEASURE(2.E-05),#5593,
  'distance_accuracy_value','confusion accuracy');
#5597 = PRODUCT_RELATED_PRODUCT_CATEGORY('part',$,(#7));
#5598 = MECHANICAL_DESIGN_GEOMETRIC_PRESENTATION_REPRESENTATION('',(
    #5599),#5592);
#5599 = STYLED_ITEM('color',(#5600),#15);
#5600 = PRESENTATION_STYLE_ASSIGNMENT((#5601,#5607));
#5601 = SURFACE_STYLE_USAGE(.BOTH.,#5602);
#5602 = SURFACE_SIDE_STYLE('',(#5603));
#5603 = SURFACE_STYLE_FILL_AREA(#5604);
#5604 = FILL_AREA_STYLE('',(#5605));
#5605 = FILL_AREA_STYLE_COLOUR('',#5606);
#5606 = DRAUGHTING_PRE_DEFINED_COLOUR('black');
#5607 = CURVE_STYLE('',#5608,POSITIVE_LENGTH_MEASURE(0.1),#5609);
#5608 = DRAUGHTING_PRE_DEFINED_CURVE_FONT('continuous');
#5609 = COLOUR_RGB('',9.803921802644E-02,9.803921802644E-02,
  9.803921802644E-02);
ENDSEC;
END-ISO-10303-21;
