ISO-10303-21;
HEADER;
FILE_DESCRIPTION(('FreeCAD Model'),'2;1');
FILE_NAME('Open CASCADE Shape Model','2025-11-04T09:13:46',(''),(''),
  'Open CASCADE STEP processor 7.9','FreeCAD','Unknown');
FILE_SCHEMA(('AUTOMOTIVE_DESIGN { 1 0 10303 214 1 1 1 1 }'));
ENDSEC;
DATA;
#1 = APPLICATION_PROTOCOL_DEFINITION('international standard',
  'automotive_design',2000,#2);
#2 = APPLICATION_CONTEXT(
  'core data for automotive mechanical design processes');
#3 = SHAPE_DEFINITION_REPRESENTATION(#4,#10);
#4 = PRODUCT_DEFINITION_SHAPE('','',#5);
#5 = PRODUCT_DEFINITION('design','',#6,#9);
#6 = PRODUCT_DEFINITION_FORMATION('','',#7);
#7 = PRODUCT('BeltClamp','BeltClamp','',(#8));
#8 = PRODUCT_CONTEXT('',#2,'mechanical');
#9 = PRODUCT_DEFINITION_CONTEXT('part definition',#2,'design');
#10 = ADVANCED_BREP_SHAPE_REPRESENTATION('',(#11,#15),#3416);
#11 = AXIS2_PLACEMENT_3D('',#12,#13,#14);
#12 = CARTESIAN_POINT('',(0.,0.,0.));
#13 = DIRECTION('',(0.,0.,1.));
#14 = DIRECTION('',(1.,0.,-0.));
#15 = MANIFOLD_SOLID_BREP('',#16);
#16 = CLOSED_SHELL('',(#17,#598,#629,#654,#678,#702,#726,#846,#892,#916,
    #940,#965,#989,#1013,#1037,#1072,#1097,#1131,#1155,#1190,#1215,#1239
    ,#1263,#1288,#1329,#1353,#1377,#1418,#1453,#1478,#1503,#1527,#1560,
    #1584,#1608,#1632,#1666,#1691,#1715,#1739,#1782,#1807,#1832,#1856,
    #1881,#1905,#1951,#1975,#1999,#2024,#2048,#2072,#2097,#2122,#2146,
    #2170,#2195,#2219,#2243,#2267,#2291,#2316,#2340,#2364,#2389,#2414,
    #2438,#2462,#2487,#2511,#2528,#2740,#2871,#2888,#2913,#2930,#3080,
    #3097,#3114,#3154,#3171,#3188,#3205,#3222,#3239,#3256,#3273,#3290,
    #3302,#3319,#3336,#3353,#3370,#3387,#3404));
#17 = ADVANCED_FACE('',(#18),#593,.F.);
#18 = FACE_BOUND('',#19,.F.);
#19 = EDGE_LOOP('',(#20,#30,#38,#46,#54,#62,#70,#78,#87,#95,#104,#112,
    #120,#128,#137,#145,#154,#162,#170,#178,#187,#195,#204,#212,#220,
    #228,#237,#245,#254,#262,#270,#278,#287,#295,#304,#312,#320,#328,
    #337,#345,#354,#362,#370,#378,#387,#395,#404,#412,#420,#428,#437,
    #445,#454,#462,#470,#478,#487,#495,#503,#511,#519,#528,#536,#545,
    #553,#561,#569,#578,#586));
#20 = ORIENTED_EDGE('',*,*,#21,.T.);
#21 = EDGE_CURVE('',#22,#24,#26,.T.);
#22 = VERTEX_POINT('',#23);
#23 = CARTESIAN_POINT('',(-9.6,-107.65,-24.25));
#24 = VERTEX_POINT('',#25);
#25 = CARTESIAN_POINT('',(-9.,-107.65,-24.25));
#26 = LINE('',#27,#28);
#27 = CARTESIAN_POINT('',(-10.,-107.65,-24.25));
#28 = VECTOR('',#29,1.);
#29 = DIRECTION('',(1.,0.,0.));
#30 = ORIENTED_EDGE('',*,*,#31,.T.);
#31 = EDGE_CURVE('',#24,#32,#34,.T.);
#32 = VERTEX_POINT('',#33);
#33 = CARTESIAN_POINT('',(-9.,-108.65,-24.25));
#34 = LINE('',#35,#36);
#35 = CARTESIAN_POINT('',(-9.,-107.65,-24.25));
#36 = VECTOR('',#37,1.);
#37 = DIRECTION('',(0.,-1.,0.));
#38 = ORIENTED_EDGE('',*,*,#39,.T.);
#39 = EDGE_CURVE('',#32,#40,#42,.T.);
#40 = VERTEX_POINT('',#41);
#41 = CARTESIAN_POINT('',(-4.,-108.65,-24.25));
#42 = LINE('',#43,#44);
#43 = CARTESIAN_POINT('',(-10.,-108.65,-24.25));
#44 = VECTOR('',#45,1.);
#45 = DIRECTION('',(1.,0.,0.));
#46 = ORIENTED_EDGE('',*,*,#47,.T.);
#47 = EDGE_CURVE('',#40,#48,#50,.T.);
#48 = VERTEX_POINT('',#49);
#49 = CARTESIAN_POINT('',(-4.,-86.25,-24.25));
#50 = LINE('',#51,#52);
#51 = CARTESIAN_POINT('',(-4.,-108.65,-24.25));
#52 = VECTOR('',#53,1.);
#53 = DIRECTION('',(0.,1.,0.));
#54 = ORIENTED_EDGE('',*,*,#55,.F.);
#55 = EDGE_CURVE('',#56,#48,#58,.T.);
#56 = VERTEX_POINT('',#57);
#57 = CARTESIAN_POINT('',(-9.,-86.25,-24.25));
#58 = LINE('',#59,#60);
#59 = CARTESIAN_POINT('',(-10.,-86.25,-24.25));
#60 = VECTOR('',#61,1.);
#61 = DIRECTION('',(1.,0.,0.));
#62 = ORIENTED_EDGE('',*,*,#63,.T.);
#63 = EDGE_CURVE('',#56,#64,#66,.T.);
#64 = VERTEX_POINT('',#65);
#65 = CARTESIAN_POINT('',(-9.,-86.65,-24.25));
#66 = LINE('',#67,#68);
#67 = CARTESIAN_POINT('',(-9.,-85.65,-24.25));
#68 = VECTOR('',#69,1.);
#69 = DIRECTION('',(0.,-1.,0.));
#70 = ORIENTED_EDGE('',*,*,#71,.T.);
#71 = EDGE_CURVE('',#64,#72,#74,.T.);
#72 = VERTEX_POINT('',#73);
#73 = CARTESIAN_POINT('',(-9.6,-86.65,-24.25));
#74 = LINE('',#75,#76);
#75 = CARTESIAN_POINT('',(-9.,-86.65,-24.25));
#76 = VECTOR('',#77,1.);
#77 = DIRECTION('',(-1.,0.,0.));
#78 = ORIENTED_EDGE('',*,*,#79,.F.);
#79 = EDGE_CURVE('',#80,#72,#82,.T.);
#80 = VERTEX_POINT('',#81);
#81 = CARTESIAN_POINT('',(-10.,-87.05,-24.25));
#82 = CIRCLE('',#83,0.4);
#83 = AXIS2_PLACEMENT_3D('',#84,#85,#86);
#84 = CARTESIAN_POINT('',(-9.6,-87.05,-24.25));
#85 = DIRECTION('',(-0.,-0.,-1.));
#86 = DIRECTION('',(0.,-1.,0.));
#87 = ORIENTED_EDGE('',*,*,#88,.F.);
#88 = EDGE_CURVE('',#89,#80,#91,.T.);
#89 = VERTEX_POINT('',#90);
#90 = CARTESIAN_POINT('',(-10.,-87.25,-24.25));
#91 = LINE('',#92,#93);
#92 = CARTESIAN_POINT('',(-10.,-108.65,-24.25));
#93 = VECTOR('',#94,1.);
#94 = DIRECTION('',(0.,1.,0.));
#95 = ORIENTED_EDGE('',*,*,#96,.F.);
#96 = EDGE_CURVE('',#97,#89,#99,.T.);
#97 = VERTEX_POINT('',#98);
#98 = CARTESIAN_POINT('',(-9.6,-87.65,-24.25));
#99 = CIRCLE('',#100,0.4);
#100 = AXIS2_PLACEMENT_3D('',#101,#102,#103);
#101 = CARTESIAN_POINT('',(-9.6,-87.25,-24.25));
#102 = DIRECTION('',(-0.,-0.,-1.));
#103 = DIRECTION('',(0.,-1.,0.));
#104 = ORIENTED_EDGE('',*,*,#105,.T.);
#105 = EDGE_CURVE('',#97,#106,#108,.T.);
#106 = VERTEX_POINT('',#107);
#107 = CARTESIAN_POINT('',(-9.,-87.65,-24.25));
#108 = LINE('',#109,#110);
#109 = CARTESIAN_POINT('',(-10.,-87.65,-24.25));
#110 = VECTOR('',#111,1.);
#111 = DIRECTION('',(1.,0.,0.));
#112 = ORIENTED_EDGE('',*,*,#113,.T.);
#113 = EDGE_CURVE('',#106,#114,#116,.T.);
#114 = VERTEX_POINT('',#115);
#115 = CARTESIAN_POINT('',(-9.,-88.65,-24.25));
#116 = LINE('',#117,#118);
#117 = CARTESIAN_POINT('',(-9.,-87.65,-24.25));
#118 = VECTOR('',#119,1.);
#119 = DIRECTION('',(0.,-1.,0.));
#120 = ORIENTED_EDGE('',*,*,#121,.T.);
#121 = EDGE_CURVE('',#114,#122,#124,.T.);
#122 = VERTEX_POINT('',#123);
#123 = CARTESIAN_POINT('',(-9.6,-88.65,-24.25));
#124 = LINE('',#125,#126);
#125 = CARTESIAN_POINT('',(-9.,-88.65,-24.25));
#126 = VECTOR('',#127,1.);
#127 = DIRECTION('',(-1.,0.,0.));
#128 = ORIENTED_EDGE('',*,*,#129,.F.);
#129 = EDGE_CURVE('',#130,#122,#132,.T.);
#130 = VERTEX_POINT('',#131);
#131 = CARTESIAN_POINT('',(-10.,-89.05,-24.25));
#132 = CIRCLE('',#133,0.4);
#133 = AXIS2_PLACEMENT_3D('',#134,#135,#136);
#134 = CARTESIAN_POINT('',(-9.6,-89.05,-24.25));
#135 = DIRECTION('',(-0.,-0.,-1.));
#136 = DIRECTION('',(0.,-1.,0.));
#137 = ORIENTED_EDGE('',*,*,#138,.F.);
#138 = EDGE_CURVE('',#139,#130,#141,.T.);
#139 = VERTEX_POINT('',#140);
#140 = CARTESIAN_POINT('',(-10.,-89.25,-24.25));
#141 = LINE('',#142,#143);
#142 = CARTESIAN_POINT('',(-10.,-108.65,-24.25));
#143 = VECTOR('',#144,1.);
#144 = DIRECTION('',(0.,1.,0.));
#145 = ORIENTED_EDGE('',*,*,#146,.F.);
#146 = EDGE_CURVE('',#147,#139,#149,.T.);
#147 = VERTEX_POINT('',#148);
#148 = CARTESIAN_POINT('',(-9.6,-89.65,-24.25));
#149 = CIRCLE('',#150,0.4);
#150 = AXIS2_PLACEMENT_3D('',#151,#152,#153);
#151 = CARTESIAN_POINT('',(-9.6,-89.25,-24.25));
#152 = DIRECTION('',(-0.,-0.,-1.));
#153 = DIRECTION('',(0.,-1.,0.));
#154 = ORIENTED_EDGE('',*,*,#155,.T.);
#155 = EDGE_CURVE('',#147,#156,#158,.T.);
#156 = VERTEX_POINT('',#157);
#157 = CARTESIAN_POINT('',(-9.,-89.65,-24.25));
#158 = LINE('',#159,#160);
#159 = CARTESIAN_POINT('',(-10.,-89.65,-24.25));
#160 = VECTOR('',#161,1.);
#161 = DIRECTION('',(1.,0.,0.));
#162 = ORIENTED_EDGE('',*,*,#163,.T.);
#163 = EDGE_CURVE('',#156,#164,#166,.T.);
#164 = VERTEX_POINT('',#165);
#165 = CARTESIAN_POINT('',(-9.,-90.65,-24.25));
#166 = LINE('',#167,#168);
#167 = CARTESIAN_POINT('',(-9.,-89.65,-24.25));
#168 = VECTOR('',#169,1.);
#169 = DIRECTION('',(0.,-1.,0.));
#170 = ORIENTED_EDGE('',*,*,#171,.T.);
#171 = EDGE_CURVE('',#164,#172,#174,.T.);
#172 = VERTEX_POINT('',#173);
#173 = CARTESIAN_POINT('',(-9.6,-90.65,-24.25));
#174 = LINE('',#175,#176);
#175 = CARTESIAN_POINT('',(-9.,-90.65,-24.25));
#176 = VECTOR('',#177,1.);
#177 = DIRECTION('',(-1.,0.,0.));
#178 = ORIENTED_EDGE('',*,*,#179,.F.);
#179 = EDGE_CURVE('',#180,#172,#182,.T.);
#180 = VERTEX_POINT('',#181);
#181 = CARTESIAN_POINT('',(-10.,-91.05,-24.25));
#182 = CIRCLE('',#183,0.4);
#183 = AXIS2_PLACEMENT_3D('',#184,#185,#186);
#184 = CARTESIAN_POINT('',(-9.6,-91.05,-24.25));
#185 = DIRECTION('',(-0.,-0.,-1.));
#186 = DIRECTION('',(0.,-1.,0.));
#187 = ORIENTED_EDGE('',*,*,#188,.F.);
#188 = EDGE_CURVE('',#189,#180,#191,.T.);
#189 = VERTEX_POINT('',#190);
#190 = CARTESIAN_POINT('',(-10.,-91.25,-24.25));
#191 = LINE('',#192,#193);
#192 = CARTESIAN_POINT('',(-10.,-108.65,-24.25));
#193 = VECTOR('',#194,1.);
#194 = DIRECTION('',(0.,1.,0.));
#195 = ORIENTED_EDGE('',*,*,#196,.F.);
#196 = EDGE_CURVE('',#197,#189,#199,.T.);
#197 = VERTEX_POINT('',#198);
#198 = CARTESIAN_POINT('',(-9.6,-91.65,-24.25));
#199 = CIRCLE('',#200,0.4);
#200 = AXIS2_PLACEMENT_3D('',#201,#202,#203);
#201 = CARTESIAN_POINT('',(-9.6,-91.25,-24.25));
#202 = DIRECTION('',(-0.,-0.,-1.));
#203 = DIRECTION('',(0.,-1.,0.));
#204 = ORIENTED_EDGE('',*,*,#205,.T.);
#205 = EDGE_CURVE('',#197,#206,#208,.T.);
#206 = VERTEX_POINT('',#207);
#207 = CARTESIAN_POINT('',(-9.,-91.65,-24.25));
#208 = LINE('',#209,#210);
#209 = CARTESIAN_POINT('',(-10.,-91.65,-24.25));
#210 = VECTOR('',#211,1.);
#211 = DIRECTION('',(1.,0.,0.));
#212 = ORIENTED_EDGE('',*,*,#213,.T.);
#213 = EDGE_CURVE('',#206,#214,#216,.T.);
#214 = VERTEX_POINT('',#215);
#215 = CARTESIAN_POINT('',(-9.,-92.65,-24.25));
#216 = LINE('',#217,#218);
#217 = CARTESIAN_POINT('',(-9.,-91.65,-24.25));
#218 = VECTOR('',#219,1.);
#219 = DIRECTION('',(0.,-1.,0.));
#220 = ORIENTED_EDGE('',*,*,#221,.T.);
#221 = EDGE_CURVE('',#214,#222,#224,.T.);
#222 = VERTEX_POINT('',#223);
#223 = CARTESIAN_POINT('',(-9.6,-92.65,-24.25));
#224 = LINE('',#225,#226);
#225 = CARTESIAN_POINT('',(-9.,-92.65,-24.25));
#226 = VECTOR('',#227,1.);
#227 = DIRECTION('',(-1.,0.,0.));
#228 = ORIENTED_EDGE('',*,*,#229,.F.);
#229 = EDGE_CURVE('',#230,#222,#232,.T.);
#230 = VERTEX_POINT('',#231);
#231 = CARTESIAN_POINT('',(-10.,-93.05,-24.25));
#232 = CIRCLE('',#233,0.4);
#233 = AXIS2_PLACEMENT_3D('',#234,#235,#236);
#234 = CARTESIAN_POINT('',(-9.6,-93.05,-24.25));
#235 = DIRECTION('',(-0.,-0.,-1.));
#236 = DIRECTION('',(0.,-1.,0.));
#237 = ORIENTED_EDGE('',*,*,#238,.F.);
#238 = EDGE_CURVE('',#239,#230,#241,.T.);
#239 = VERTEX_POINT('',#240);
#240 = CARTESIAN_POINT('',(-10.,-93.25,-24.25));
#241 = LINE('',#242,#243);
#242 = CARTESIAN_POINT('',(-10.,-108.65,-24.25));
#243 = VECTOR('',#244,1.);
#244 = DIRECTION('',(0.,1.,0.));
#245 = ORIENTED_EDGE('',*,*,#246,.F.);
#246 = EDGE_CURVE('',#247,#239,#249,.T.);
#247 = VERTEX_POINT('',#248);
#248 = CARTESIAN_POINT('',(-9.6,-93.65,-24.25));
#249 = CIRCLE('',#250,0.4);
#250 = AXIS2_PLACEMENT_3D('',#251,#252,#253);
#251 = CARTESIAN_POINT('',(-9.6,-93.25,-24.25));
#252 = DIRECTION('',(-0.,-0.,-1.));
#253 = DIRECTION('',(0.,-1.,0.));
#254 = ORIENTED_EDGE('',*,*,#255,.T.);
#255 = EDGE_CURVE('',#247,#256,#258,.T.);
#256 = VERTEX_POINT('',#257);
#257 = CARTESIAN_POINT('',(-9.,-93.65,-24.25));
#258 = LINE('',#259,#260);
#259 = CARTESIAN_POINT('',(-10.,-93.65,-24.25));
#260 = VECTOR('',#261,1.);
#261 = DIRECTION('',(1.,0.,0.));
#262 = ORIENTED_EDGE('',*,*,#263,.T.);
#263 = EDGE_CURVE('',#256,#264,#266,.T.);
#264 = VERTEX_POINT('',#265);
#265 = CARTESIAN_POINT('',(-9.,-94.65,-24.25));
#266 = LINE('',#267,#268);
#267 = CARTESIAN_POINT('',(-9.,-93.65,-24.25));
#268 = VECTOR('',#269,1.);
#269 = DIRECTION('',(0.,-1.,0.));
#270 = ORIENTED_EDGE('',*,*,#271,.T.);
#271 = EDGE_CURVE('',#264,#272,#274,.T.);
#272 = VERTEX_POINT('',#273);
#273 = CARTESIAN_POINT('',(-9.6,-94.65,-24.25));
#274 = LINE('',#275,#276);
#275 = CARTESIAN_POINT('',(-9.,-94.65,-24.25));
#276 = VECTOR('',#277,1.);
#277 = DIRECTION('',(-1.,0.,0.));
#278 = ORIENTED_EDGE('',*,*,#279,.F.);
#279 = EDGE_CURVE('',#280,#272,#282,.T.);
#280 = VERTEX_POINT('',#281);
#281 = CARTESIAN_POINT('',(-10.,-95.05,-24.25));
#282 = CIRCLE('',#283,0.4);
#283 = AXIS2_PLACEMENT_3D('',#284,#285,#286);
#284 = CARTESIAN_POINT('',(-9.6,-95.05,-24.25));
#285 = DIRECTION('',(-0.,-0.,-1.));
#286 = DIRECTION('',(0.,-1.,0.));
#287 = ORIENTED_EDGE('',*,*,#288,.F.);
#288 = EDGE_CURVE('',#289,#280,#291,.T.);
#289 = VERTEX_POINT('',#290);
#290 = CARTESIAN_POINT('',(-10.,-95.25,-24.25));
#291 = LINE('',#292,#293);
#292 = CARTESIAN_POINT('',(-10.,-108.65,-24.25));
#293 = VECTOR('',#294,1.);
#294 = DIRECTION('',(0.,1.,0.));
#295 = ORIENTED_EDGE('',*,*,#296,.F.);
#296 = EDGE_CURVE('',#297,#289,#299,.T.);
#297 = VERTEX_POINT('',#298);
#298 = CARTESIAN_POINT('',(-9.6,-95.65,-24.25));
#299 = CIRCLE('',#300,0.4);
#300 = AXIS2_PLACEMENT_3D('',#301,#302,#303);
#301 = CARTESIAN_POINT('',(-9.6,-95.25,-24.25));
#302 = DIRECTION('',(-0.,-0.,-1.));
#303 = DIRECTION('',(0.,-1.,0.));
#304 = ORIENTED_EDGE('',*,*,#305,.T.);
#305 = EDGE_CURVE('',#297,#306,#308,.T.);
#306 = VERTEX_POINT('',#307);
#307 = CARTESIAN_POINT('',(-9.,-95.65,-24.25));
#308 = LINE('',#309,#310);
#309 = CARTESIAN_POINT('',(-10.,-95.65,-24.25));
#310 = VECTOR('',#311,1.);
#311 = DIRECTION('',(1.,0.,0.));
#312 = ORIENTED_EDGE('',*,*,#313,.T.);
#313 = EDGE_CURVE('',#306,#314,#316,.T.);
#314 = VERTEX_POINT('',#315);
#315 = CARTESIAN_POINT('',(-9.,-96.65,-24.25));
#316 = LINE('',#317,#318);
#317 = CARTESIAN_POINT('',(-9.,-95.65,-24.25));
#318 = VECTOR('',#319,1.);
#319 = DIRECTION('',(0.,-1.,0.));
#320 = ORIENTED_EDGE('',*,*,#321,.T.);
#321 = EDGE_CURVE('',#314,#322,#324,.T.);
#322 = VERTEX_POINT('',#323);
#323 = CARTESIAN_POINT('',(-9.6,-96.65,-24.25));
#324 = LINE('',#325,#326);
#325 = CARTESIAN_POINT('',(-9.,-96.65,-24.25));
#326 = VECTOR('',#327,1.);
#327 = DIRECTION('',(-1.,0.,0.));
#328 = ORIENTED_EDGE('',*,*,#329,.F.);
#329 = EDGE_CURVE('',#330,#322,#332,.T.);
#330 = VERTEX_POINT('',#331);
#331 = CARTESIAN_POINT('',(-10.,-97.05,-24.25));
#332 = CIRCLE('',#333,0.4);
#333 = AXIS2_PLACEMENT_3D('',#334,#335,#336);
#334 = CARTESIAN_POINT('',(-9.6,-97.05,-24.25));
#335 = DIRECTION('',(-0.,-0.,-1.));
#336 = DIRECTION('',(0.,-1.,0.));
#337 = ORIENTED_EDGE('',*,*,#338,.F.);
#338 = EDGE_CURVE('',#339,#330,#341,.T.);
#339 = VERTEX_POINT('',#340);
#340 = CARTESIAN_POINT('',(-10.,-97.25,-24.25));
#341 = LINE('',#342,#343);
#342 = CARTESIAN_POINT('',(-10.,-108.65,-24.25));
#343 = VECTOR('',#344,1.);
#344 = DIRECTION('',(0.,1.,0.));
#345 = ORIENTED_EDGE('',*,*,#346,.F.);
#346 = EDGE_CURVE('',#347,#339,#349,.T.);
#347 = VERTEX_POINT('',#348);
#348 = CARTESIAN_POINT('',(-9.6,-97.65,-24.25));
#349 = CIRCLE('',#350,0.4);
#350 = AXIS2_PLACEMENT_3D('',#351,#352,#353);
#351 = CARTESIAN_POINT('',(-9.6,-97.25,-24.25));
#352 = DIRECTION('',(-0.,-0.,-1.));
#353 = DIRECTION('',(0.,-1.,0.));
#354 = ORIENTED_EDGE('',*,*,#355,.T.);
#355 = EDGE_CURVE('',#347,#356,#358,.T.);
#356 = VERTEX_POINT('',#357);
#357 = CARTESIAN_POINT('',(-9.,-97.65,-24.25));
#358 = LINE('',#359,#360);
#359 = CARTESIAN_POINT('',(-10.,-97.65,-24.25));
#360 = VECTOR('',#361,1.);
#361 = DIRECTION('',(1.,0.,0.));
#362 = ORIENTED_EDGE('',*,*,#363,.T.);
#363 = EDGE_CURVE('',#356,#364,#366,.T.);
#364 = VERTEX_POINT('',#365);
#365 = CARTESIAN_POINT('',(-9.,-98.65,-24.25));
#366 = LINE('',#367,#368);
#367 = CARTESIAN_POINT('',(-9.,-97.65,-24.25));
#368 = VECTOR('',#369,1.);
#369 = DIRECTION('',(0.,-1.,0.));
#370 = ORIENTED_EDGE('',*,*,#371,.T.);
#371 = EDGE_CURVE('',#364,#372,#374,.T.);
#372 = VERTEX_POINT('',#373);
#373 = CARTESIAN_POINT('',(-9.6,-98.65,-24.25));
#374 = LINE('',#375,#376);
#375 = CARTESIAN_POINT('',(-9.,-98.65,-24.25));
#376 = VECTOR('',#377,1.);
#377 = DIRECTION('',(-1.,0.,0.));
#378 = ORIENTED_EDGE('',*,*,#379,.F.);
#379 = EDGE_CURVE('',#380,#372,#382,.T.);
#380 = VERTEX_POINT('',#381);
#381 = CARTESIAN_POINT('',(-10.,-99.05,-24.25));
#382 = CIRCLE('',#383,0.4);
#383 = AXIS2_PLACEMENT_3D('',#384,#385,#386);
#384 = CARTESIAN_POINT('',(-9.6,-99.05,-24.25));
#385 = DIRECTION('',(-0.,-0.,-1.));
#386 = DIRECTION('',(0.,-1.,0.));
#387 = ORIENTED_EDGE('',*,*,#388,.F.);
#388 = EDGE_CURVE('',#389,#380,#391,.T.);
#389 = VERTEX_POINT('',#390);
#390 = CARTESIAN_POINT('',(-10.,-99.25,-24.25));
#391 = LINE('',#392,#393);
#392 = CARTESIAN_POINT('',(-10.,-108.65,-24.25));
#393 = VECTOR('',#394,1.);
#394 = DIRECTION('',(0.,1.,0.));
#395 = ORIENTED_EDGE('',*,*,#396,.F.);
#396 = EDGE_CURVE('',#397,#389,#399,.T.);
#397 = VERTEX_POINT('',#398);
#398 = CARTESIAN_POINT('',(-9.6,-99.65,-24.25));
#399 = CIRCLE('',#400,0.4);
#400 = AXIS2_PLACEMENT_3D('',#401,#402,#403);
#401 = CARTESIAN_POINT('',(-9.6,-99.25,-24.25));
#402 = DIRECTION('',(-0.,-0.,-1.));
#403 = DIRECTION('',(0.,-1.,0.));
#404 = ORIENTED_EDGE('',*,*,#405,.T.);
#405 = EDGE_CURVE('',#397,#406,#408,.T.);
#406 = VERTEX_POINT('',#407);
#407 = CARTESIAN_POINT('',(-9.,-99.65,-24.25));
#408 = LINE('',#409,#410);
#409 = CARTESIAN_POINT('',(-10.,-99.65,-24.25));
#410 = VECTOR('',#411,1.);
#411 = DIRECTION('',(1.,0.,0.));
#412 = ORIENTED_EDGE('',*,*,#413,.T.);
#413 = EDGE_CURVE('',#406,#414,#416,.T.);
#414 = VERTEX_POINT('',#415);
#415 = CARTESIAN_POINT('',(-9.,-100.65,-24.25));
#416 = LINE('',#417,#418);
#417 = CARTESIAN_POINT('',(-9.,-99.65,-24.25));
#418 = VECTOR('',#419,1.);
#419 = DIRECTION('',(0.,-1.,0.));
#420 = ORIENTED_EDGE('',*,*,#421,.T.);
#421 = EDGE_CURVE('',#414,#422,#424,.T.);
#422 = VERTEX_POINT('',#423);
#423 = CARTESIAN_POINT('',(-9.6,-100.65,-24.25));
#424 = LINE('',#425,#426);
#425 = CARTESIAN_POINT('',(-9.,-100.65,-24.25));
#426 = VECTOR('',#427,1.);
#427 = DIRECTION('',(-1.,0.,0.));
#428 = ORIENTED_EDGE('',*,*,#429,.F.);
#429 = EDGE_CURVE('',#430,#422,#432,.T.);
#430 = VERTEX_POINT('',#431);
#431 = CARTESIAN_POINT('',(-10.,-101.05,-24.25));
#432 = CIRCLE('',#433,0.4);
#433 = AXIS2_PLACEMENT_3D('',#434,#435,#436);
#434 = CARTESIAN_POINT('',(-9.6,-101.05,-24.25));
#435 = DIRECTION('',(-0.,-0.,-1.));
#436 = DIRECTION('',(0.,-1.,0.));
#437 = ORIENTED_EDGE('',*,*,#438,.F.);
#438 = EDGE_CURVE('',#439,#430,#441,.T.);
#439 = VERTEX_POINT('',#440);
#440 = CARTESIAN_POINT('',(-10.,-101.25,-24.25));
#441 = LINE('',#442,#443);
#442 = CARTESIAN_POINT('',(-10.,-108.65,-24.25));
#443 = VECTOR('',#444,1.);
#444 = DIRECTION('',(0.,1.,0.));
#445 = ORIENTED_EDGE('',*,*,#446,.F.);
#446 = EDGE_CURVE('',#447,#439,#449,.T.);
#447 = VERTEX_POINT('',#448);
#448 = CARTESIAN_POINT('',(-9.6,-101.65,-24.25));
#449 = CIRCLE('',#450,0.4);
#450 = AXIS2_PLACEMENT_3D('',#451,#452,#453);
#451 = CARTESIAN_POINT('',(-9.6,-101.25,-24.25));
#452 = DIRECTION('',(-0.,-0.,-1.));
#453 = DIRECTION('',(0.,-1.,0.));
#454 = ORIENTED_EDGE('',*,*,#455,.T.);
#455 = EDGE_CURVE('',#447,#456,#458,.T.);
#456 = VERTEX_POINT('',#457);
#457 = CARTESIAN_POINT('',(-9.,-101.65,-24.25));
#458 = LINE('',#459,#460);
#459 = CARTESIAN_POINT('',(-10.,-101.65,-24.25));
#460 = VECTOR('',#461,1.);
#461 = DIRECTION('',(1.,0.,0.));
#462 = ORIENTED_EDGE('',*,*,#463,.T.);
#463 = EDGE_CURVE('',#456,#464,#466,.T.);
#464 = VERTEX_POINT('',#465);
#465 = CARTESIAN_POINT('',(-9.,-102.65,-24.25));
#466 = LINE('',#467,#468);
#467 = CARTESIAN_POINT('',(-9.,-101.65,-24.25));
#468 = VECTOR('',#469,1.);
#469 = DIRECTION('',(0.,-1.,0.));
#470 = ORIENTED_EDGE('',*,*,#471,.T.);
#471 = EDGE_CURVE('',#464,#472,#474,.T.);
#472 = VERTEX_POINT('',#473);
#473 = CARTESIAN_POINT('',(-9.6,-102.65,-24.25));
#474 = LINE('',#475,#476);
#475 = CARTESIAN_POINT('',(-9.,-102.65,-24.25));
#476 = VECTOR('',#477,1.);
#477 = DIRECTION('',(-1.,0.,0.));
#478 = ORIENTED_EDGE('',*,*,#479,.F.);
#479 = EDGE_CURVE('',#480,#472,#482,.T.);
#480 = VERTEX_POINT('',#481);
#481 = CARTESIAN_POINT('',(-10.,-103.05,-24.25));
#482 = CIRCLE('',#483,0.4);
#483 = AXIS2_PLACEMENT_3D('',#484,#485,#486);
#484 = CARTESIAN_POINT('',(-9.6,-103.05,-24.25));
#485 = DIRECTION('',(-0.,-0.,-1.));
#486 = DIRECTION('',(0.,-1.,0.));
#487 = ORIENTED_EDGE('',*,*,#488,.F.);
#488 = EDGE_CURVE('',#489,#480,#491,.T.);
#489 = VERTEX_POINT('',#490);
#490 = CARTESIAN_POINT('',(-10.,-103.65,-24.25));
#491 = LINE('',#492,#493);
#492 = CARTESIAN_POINT('',(-10.,-108.65,-24.25));
#493 = VECTOR('',#494,1.);
#494 = DIRECTION('',(0.,1.,0.));
#495 = ORIENTED_EDGE('',*,*,#496,.T.);
#496 = EDGE_CURVE('',#489,#497,#499,.T.);
#497 = VERTEX_POINT('',#498);
#498 = CARTESIAN_POINT('',(-9.,-103.65,-24.25));
#499 = LINE('',#500,#501);
#500 = CARTESIAN_POINT('',(-10.,-103.65,-24.25));
#501 = VECTOR('',#502,1.);
#502 = DIRECTION('',(1.,0.,0.));
#503 = ORIENTED_EDGE('',*,*,#504,.T.);
#504 = EDGE_CURVE('',#497,#505,#507,.T.);
#505 = VERTEX_POINT('',#506);
#506 = CARTESIAN_POINT('',(-9.,-104.65,-24.25));
#507 = LINE('',#508,#509);
#508 = CARTESIAN_POINT('',(-9.,-103.65,-24.25));
#509 = VECTOR('',#510,1.);
#510 = DIRECTION('',(0.,-1.,0.));
#511 = ORIENTED_EDGE('',*,*,#512,.T.);
#512 = EDGE_CURVE('',#505,#513,#515,.T.);
#513 = VERTEX_POINT('',#514);
#514 = CARTESIAN_POINT('',(-9.6,-104.65,-24.25));
#515 = LINE('',#516,#517);
#516 = CARTESIAN_POINT('',(-9.,-104.65,-24.25));
#517 = VECTOR('',#518,1.);
#518 = DIRECTION('',(-1.,0.,0.));
#519 = ORIENTED_EDGE('',*,*,#520,.F.);
#520 = EDGE_CURVE('',#521,#513,#523,.T.);
#521 = VERTEX_POINT('',#522);
#522 = CARTESIAN_POINT('',(-10.,-105.05,-24.25));
#523 = CIRCLE('',#524,0.4);
#524 = AXIS2_PLACEMENT_3D('',#525,#526,#527);
#525 = CARTESIAN_POINT('',(-9.6,-105.05,-24.25));
#526 = DIRECTION('',(-0.,-0.,-1.));
#527 = DIRECTION('',(0.,-1.,0.));
#528 = ORIENTED_EDGE('',*,*,#529,.F.);
#529 = EDGE_CURVE('',#530,#521,#532,.T.);
#530 = VERTEX_POINT('',#531);
#531 = CARTESIAN_POINT('',(-10.,-105.25,-24.25));
#532 = LINE('',#533,#534);
#533 = CARTESIAN_POINT('',(-10.,-108.65,-24.25));
#534 = VECTOR('',#535,1.);
#535 = DIRECTION('',(0.,1.,0.));
#536 = ORIENTED_EDGE('',*,*,#537,.F.);
#537 = EDGE_CURVE('',#538,#530,#540,.T.);
#538 = VERTEX_POINT('',#539);
#539 = CARTESIAN_POINT('',(-9.6,-105.65,-24.25));
#540 = CIRCLE('',#541,0.4);
#541 = AXIS2_PLACEMENT_3D('',#542,#543,#544);
#542 = CARTESIAN_POINT('',(-9.6,-105.25,-24.25));
#543 = DIRECTION('',(-0.,-0.,-1.));
#544 = DIRECTION('',(0.,-1.,0.));
#545 = ORIENTED_EDGE('',*,*,#546,.T.);
#546 = EDGE_CURVE('',#538,#547,#549,.T.);
#547 = VERTEX_POINT('',#548);
#548 = CARTESIAN_POINT('',(-9.,-105.65,-24.25));
#549 = LINE('',#550,#551);
#550 = CARTESIAN_POINT('',(-10.,-105.65,-24.25));
#551 = VECTOR('',#552,1.);
#552 = DIRECTION('',(1.,0.,0.));
#553 = ORIENTED_EDGE('',*,*,#554,.T.);
#554 = EDGE_CURVE('',#547,#555,#557,.T.);
#555 = VERTEX_POINT('',#556);
#556 = CARTESIAN_POINT('',(-9.,-106.65,-24.25));
#557 = LINE('',#558,#559);
#558 = CARTESIAN_POINT('',(-9.,-105.65,-24.25));
#559 = VECTOR('',#560,1.);
#560 = DIRECTION('',(0.,-1.,0.));
#561 = ORIENTED_EDGE('',*,*,#562,.T.);
#562 = EDGE_CURVE('',#555,#563,#565,.T.);
#563 = VERTEX_POINT('',#564);
#564 = CARTESIAN_POINT('',(-9.60000032884,-106.65,-24.25));
#565 = LINE('',#566,#567);
#566 = CARTESIAN_POINT('',(-9.,-106.65,-24.25));
#567 = VECTOR('',#568,1.);
#568 = DIRECTION('',(-1.,0.,0.));
#569 = ORIENTED_EDGE('',*,*,#570,.F.);
#570 = EDGE_CURVE('',#571,#563,#573,.T.);
#571 = VERTEX_POINT('',#572);
#572 = CARTESIAN_POINT('',(-10.,-107.05,-24.25));
#573 = CIRCLE('',#574,0.4);
#574 = AXIS2_PLACEMENT_3D('',#575,#576,#577);
#575 = CARTESIAN_POINT('',(-9.6,-107.05,-24.25));
#576 = DIRECTION('',(-0.,-0.,-1.));
#577 = DIRECTION('',(0.,-1.,0.));
#578 = ORIENTED_EDGE('',*,*,#579,.F.);
#579 = EDGE_CURVE('',#580,#571,#582,.T.);
#580 = VERTEX_POINT('',#581);
#581 = CARTESIAN_POINT('',(-10.,-107.25,-24.25));
#582 = LINE('',#583,#584);
#583 = CARTESIAN_POINT('',(-10.,-108.65,-24.25));
#584 = VECTOR('',#585,1.);
#585 = DIRECTION('',(0.,1.,0.));
#586 = ORIENTED_EDGE('',*,*,#587,.F.);
#587 = EDGE_CURVE('',#22,#580,#588,.T.);
#588 = CIRCLE('',#589,0.4);
#589 = AXIS2_PLACEMENT_3D('',#590,#591,#592);
#590 = CARTESIAN_POINT('',(-9.6,-107.25,-24.25));
#591 = DIRECTION('',(-0.,-0.,-1.));
#592 = DIRECTION('',(0.,-1.,0.));
#593 = PLANE('',#594);
#594 = AXIS2_PLACEMENT_3D('',#595,#596,#597);
#595 = CARTESIAN_POINT('',(-10.,-108.65,-24.25));
#596 = DIRECTION('',(0.,0.,1.));
#597 = DIRECTION('',(0.,1.,0.));
#598 = ADVANCED_FACE('',(#599),#624,.F.);
#599 = FACE_BOUND('',#600,.F.);
#600 = EDGE_LOOP('',(#601,#602,#610,#618));
#601 = ORIENTED_EDGE('',*,*,#21,.F.);
#602 = ORIENTED_EDGE('',*,*,#603,.T.);
#603 = EDGE_CURVE('',#22,#604,#606,.T.);
#604 = VERTEX_POINT('',#605);
#605 = CARTESIAN_POINT('',(-9.6,-107.65,-10.75));
#606 = LINE('',#607,#608);
#607 = CARTESIAN_POINT('',(-9.6,-107.65,-24.25));
#608 = VECTOR('',#609,1.);
#609 = DIRECTION('',(0.,0.,1.));
#610 = ORIENTED_EDGE('',*,*,#611,.T.);
#611 = EDGE_CURVE('',#604,#612,#614,.T.);
#612 = VERTEX_POINT('',#613);
#613 = CARTESIAN_POINT('',(-9.,-107.65,-10.75));
#614 = LINE('',#615,#616);
#615 = CARTESIAN_POINT('',(-10.,-107.65,-10.75));
#616 = VECTOR('',#617,1.);
#617 = DIRECTION('',(1.,0.,0.));
#618 = ORIENTED_EDGE('',*,*,#619,.F.);
#619 = EDGE_CURVE('',#24,#612,#620,.T.);
#620 = LINE('',#621,#622);
#621 = CARTESIAN_POINT('',(-9.,-107.65,-24.25));
#622 = VECTOR('',#623,1.);
#623 = DIRECTION('',(0.,0.,1.));
#624 = PLANE('',#625);
#625 = AXIS2_PLACEMENT_3D('',#626,#627,#628);
#626 = CARTESIAN_POINT('',(-10.,-107.65,-24.25));
#627 = DIRECTION('',(0.,1.,0.));
#628 = DIRECTION('',(1.,0.,0.));
#629 = ADVANCED_FACE('',(#630),#649,.T.);
#630 = FACE_BOUND('',#631,.F.);
#631 = EDGE_LOOP('',(#632,#633,#641,#648));
#632 = ORIENTED_EDGE('',*,*,#587,.T.);
#633 = ORIENTED_EDGE('',*,*,#634,.T.);
#634 = EDGE_CURVE('',#580,#635,#637,.T.);
#635 = VERTEX_POINT('',#636);
#636 = CARTESIAN_POINT('',(-10.,-107.25,-10.75));
#637 = LINE('',#638,#639);
#638 = CARTESIAN_POINT('',(-10.,-107.25,-24.25));
#639 = VECTOR('',#640,1.);
#640 = DIRECTION('',(0.,0.,1.));
#641 = ORIENTED_EDGE('',*,*,#642,.F.);
#642 = EDGE_CURVE('',#604,#635,#643,.T.);
#643 = CIRCLE('',#644,0.4);
#644 = AXIS2_PLACEMENT_3D('',#645,#646,#647);
#645 = CARTESIAN_POINT('',(-9.6,-107.25,-10.75));
#646 = DIRECTION('',(-0.,-0.,-1.));
#647 = DIRECTION('',(0.,-1.,0.));
#648 = ORIENTED_EDGE('',*,*,#603,.F.);
#649 = CYLINDRICAL_SURFACE('',#650,0.4);
#650 = AXIS2_PLACEMENT_3D('',#651,#652,#653);
#651 = CARTESIAN_POINT('',(-9.6,-107.25,-24.25));
#652 = DIRECTION('',(0.,0.,1.));
#653 = DIRECTION('',(0.,-1.,0.));
#654 = ADVANCED_FACE('',(#655),#673,.F.);
#655 = FACE_BOUND('',#656,.F.);
#656 = EDGE_LOOP('',(#657,#658,#659,#667));
#657 = ORIENTED_EDGE('',*,*,#31,.F.);
#658 = ORIENTED_EDGE('',*,*,#619,.T.);
#659 = ORIENTED_EDGE('',*,*,#660,.T.);
#660 = EDGE_CURVE('',#612,#661,#663,.T.);
#661 = VERTEX_POINT('',#662);
#662 = CARTESIAN_POINT('',(-9.,-108.65,-10.75));
#663 = LINE('',#664,#665);
#664 = CARTESIAN_POINT('',(-9.,-96.95,-10.75));
#665 = VECTOR('',#666,1.);
#666 = DIRECTION('',(0.,-1.,0.));
#667 = ORIENTED_EDGE('',*,*,#668,.F.);
#668 = EDGE_CURVE('',#32,#661,#669,.T.);
#669 = LINE('',#670,#671);
#670 = CARTESIAN_POINT('',(-9.,-108.65,-24.25));
#671 = VECTOR('',#672,1.);
#672 = DIRECTION('',(0.,0.,1.));
#673 = PLANE('',#674);
#674 = AXIS2_PLACEMENT_3D('',#675,#676,#677);
#675 = CARTESIAN_POINT('',(-9.,-107.65,-24.25));
#676 = DIRECTION('',(1.,0.,0.));
#677 = DIRECTION('',(0.,-1.,0.));
#678 = ADVANCED_FACE('',(#679),#697,.F.);
#679 = FACE_BOUND('',#680,.F.);
#680 = EDGE_LOOP('',(#681,#682,#690,#696));
#681 = ORIENTED_EDGE('',*,*,#579,.T.);
#682 = ORIENTED_EDGE('',*,*,#683,.T.);
#683 = EDGE_CURVE('',#571,#684,#686,.T.);
#684 = VERTEX_POINT('',#685);
#685 = CARTESIAN_POINT('',(-10.,-107.05,-10.75));
#686 = LINE('',#687,#688);
#687 = CARTESIAN_POINT('',(-10.,-107.05,-19.95));
#688 = VECTOR('',#689,1.);
#689 = DIRECTION('',(0.,0.,1.));
#690 = ORIENTED_EDGE('',*,*,#691,.T.);
#691 = EDGE_CURVE('',#684,#635,#692,.T.);
#692 = LINE('',#693,#694);
#693 = CARTESIAN_POINT('',(-10.,-86.25,-10.75));
#694 = VECTOR('',#695,1.);
#695 = DIRECTION('',(0.,-1.,0.));
#696 = ORIENTED_EDGE('',*,*,#634,.F.);
#697 = PLANE('',#698);
#698 = AXIS2_PLACEMENT_3D('',#699,#700,#701);
#699 = CARTESIAN_POINT('',(-10.,-97.45,-18.07973887748));
#700 = DIRECTION('',(1.,0.,0.));
#701 = DIRECTION('',(0.,0.,1.));
#702 = ADVANCED_FACE('',(#703),#721,.F.);
#703 = FACE_BOUND('',#704,.F.);
#704 = EDGE_LOOP('',(#705,#706,#714,#720));
#705 = ORIENTED_EDGE('',*,*,#668,.T.);
#706 = ORIENTED_EDGE('',*,*,#707,.T.);
#707 = EDGE_CURVE('',#661,#708,#710,.T.);
#708 = VERTEX_POINT('',#709);
#709 = CARTESIAN_POINT('',(-4.,-108.65,-10.75));
#710 = LINE('',#711,#712);
#711 = CARTESIAN_POINT('',(-10.,-108.65,-10.75));
#712 = VECTOR('',#713,1.);
#713 = DIRECTION('',(1.,0.,0.));
#714 = ORIENTED_EDGE('',*,*,#715,.T.);
#715 = EDGE_CURVE('',#708,#40,#716,.T.);
#716 = LINE('',#717,#718);
#717 = CARTESIAN_POINT('',(-4.,-108.65,-10.75));
#718 = VECTOR('',#719,1.);
#719 = DIRECTION('',(0.,0.,-1.));
#720 = ORIENTED_EDGE('',*,*,#39,.F.);
#721 = PLANE('',#722);
#722 = AXIS2_PLACEMENT_3D('',#723,#724,#725);
#723 = CARTESIAN_POINT('',(-10.,-108.65,-10.75));
#724 = DIRECTION('',(0.,1.,0.));
#725 = DIRECTION('',(0.,0.,-1.));
#726 = ADVANCED_FACE('',(#727),#841,.T.);
#727 = FACE_BOUND('',#728,.F.);
#728 = EDGE_LOOP('',(#729,#730,#738,#825,#833,#840));
#729 = ORIENTED_EDGE('',*,*,#570,.T.);
#730 = ORIENTED_EDGE('',*,*,#731,.T.);
#731 = EDGE_CURVE('',#563,#732,#734,.T.);
#732 = VERTEX_POINT('',#733);
#733 = CARTESIAN_POINT('',(-9.6,-106.65,-21.55));
#734 = LINE('',#735,#736);
#735 = CARTESIAN_POINT('',(-9.6,-106.65,-19.95));
#736 = VECTOR('',#737,1.);
#737 = DIRECTION('',(0.,0.,1.));
#738 = ORIENTED_EDGE('',*,*,#739,.T.);
#739 = EDGE_CURVE('',#732,#740,#742,.T.);
#740 = VERTEX_POINT('',#741);
#741 = CARTESIAN_POINT('',(-9.6,-106.65,-19.95));
#742 = B_SPLINE_CURVE_WITH_KNOTS('',6,(#743,#744,#745,#746,#747,#748,
    #749,#750,#751,#752,#753,#754,#755,#756,#757,#758,#759,#760,#761,
    #762,#763,#764,#765,#766,#767,#768,#769,#770,#771,#772,#773,#774,
    #775,#776,#777,#778,#779,#780,#781,#782,#783,#784,#785,#786,#787,
    #788,#789,#790,#791,#792,#793,#794,#795,#796,#797,#798,#799,#800,
    #801,#802,#803,#804,#805,#806,#807,#808,#809,#810,#811,#812,#813,
    #814,#815,#816,#817,#818,#819,#820,#821,#822,#823,#824),
  .UNSPECIFIED.,.F.,.F.,(7,5,5,5,5,5,5,5,5,5,5,5,5,5,5,5,7),(0.,
    1.507386080508E-03,2.325846661022E-03,0.149646076473,0.209101442243,
    0.266288795242,0.302645115364,0.397650069725,0.49855520653,
    0.602351207395,0.697355881786,0.73371209477,0.790899279244,
    0.850354469805,0.997860174602,0.998939045484,1.),.UNSPECIFIED.);
#743 = CARTESIAN_POINT('',(-9.6,-106.65,-21.55));
#744 = CARTESIAN_POINT('',(-9.600331494383,-106.65,-21.55));
#745 = CARTESIAN_POINT('',(-9.600662988765,-106.6500003296,
    -21.54999938187));
#746 = CARTESIAN_POINT('',(-9.600994482361,-106.6500009889,
    -21.54999814563));
#747 = CARTESIAN_POINT('',(-9.601325974382,-106.6500019779,
    -21.54999629126));
#748 = CARTESIAN_POINT('',(-9.601657464043,-106.6500032966,
    -21.54999381877));
#749 = CARTESIAN_POINT('',(-9.602168936722,-106.6500058399,
    -21.54998905008));
#750 = CARTESIAN_POINT('',(-9.602348921962,-106.650006832,
    -21.54998718976));
#751 = CARTESIAN_POINT('',(-9.602528906147,-106.6500079213,
    -21.54998514721));
#752 = CARTESIAN_POINT('',(-9.602708889152,-106.6500091079,
    -21.54998292243));
#753 = CARTESIAN_POINT('',(-9.602888870851,-106.6500103916,
    -21.54998051543));
#754 = CARTESIAN_POINT('',(-9.63546471107,-106.6502603249,
    -21.54951187376));
#755 = CARTESIAN_POINT('',(-9.667827575462,-106.6536573539,
    -21.54314149675));
#756 = CARTESIAN_POINT('',(-9.699393760276,-106.6601939735,
    -21.53086573022));
#757 = CARTESIAN_POINT('',(-9.729446770982,-106.6695515518,
    -21.5128344896));
#758 = CARTESIAN_POINT('',(-9.757446251253,-106.6811631801,
    -21.48927943459));
#759 = CARTESIAN_POINT('',(-9.793398120297,-106.6996682408,
    -21.44906392197));
#760 = CARTESIAN_POINT('',(-9.803349041639,-106.7052462474,
    -21.4366681151));
#761 = CARTESIAN_POINT('',(-9.812892809914,-106.7110375172,
    -21.42346557423));
#762 = CARTESIAN_POINT('',(-9.822015390952,-106.7169961149,
    -21.40948458344));
#763 = CARTESIAN_POINT('',(-9.830708688547,-106.7230755037,
    -21.39475566574));
#764 = CARTESIAN_POINT('',(-9.846915951858,-106.7351497248,
    -21.36445591621));
#765 = CARTESIAN_POINT('',(-9.854462320163,-106.7411389894,
    -21.34893850214));
#766 = CARTESIAN_POINT('',(-9.861606549271,-106.7471571635,
    -21.33278757053));
#767 = CARTESIAN_POINT('',(-9.868350836006,-106.753164532,
    -21.31603285268));
#768 = CARTESIAN_POINT('',(-9.874701037861,-106.7591230167,
    -21.29870481667));
#769 = CARTESIAN_POINT('',(-9.884457666483,-106.768731161,
    -21.26947323899));
#770 = CARTESIAN_POINT('',(-9.888093796606,-106.7724312381,
    -21.25789292924));
#771 = CARTESIAN_POINT('',(-9.891576345707,-106.776087926,
    -21.24610124886));
#772 = CARTESIAN_POINT('',(-9.894907898986,-106.7796924257,
    -21.23410614637));
#773 = CARTESIAN_POINT('',(-9.898091364661,-106.7832363415,
    -21.22191561094));
#774 = CARTESIAN_POINT('',(-9.90907035237,-106.7957933068,
    -21.17719211376));
#775 = CARTESIAN_POINT('',(-9.916021173462,-106.8044064992,
    -21.14356764498));
#776 = CARTESIAN_POINT('',(-9.922039671831,-106.812409312,
    -21.10880579081));
#777 = CARTESIAN_POINT('',(-9.927191573971,-106.819679495,
    -21.07305171359));
#778 = CARTESIAN_POINT('',(-9.931541110125,-106.8261161467,
    -21.03645379625));
#779 = CARTESIAN_POINT('',(-9.938964511107,-106.8375097252,
    -20.95955676268));
#780 = CARTESIAN_POINT('',(-9.941942336046,-106.842349998,
    -20.91916824272));
#781 = CARTESIAN_POINT('',(-9.944138339119,-106.8460679867,
    -20.87818294331));
#782 = CARTESIAN_POINT('',(-9.945600960885,-106.8485988394,
    -20.83679142209));
#783 = CARTESIAN_POINT('',(-9.946357436645,-106.84990868,-20.79518928806
    ));
#784 = CARTESIAN_POINT('',(-9.946459989288,-106.850086302,
    -20.71077249367));
#785 = CARTESIAN_POINT('',(-9.945765017519,-106.8488830506,
    -20.66795454518));
#786 = CARTESIAN_POINT('',(-9.944325198393,-106.8463848174,
    -20.62534161384));
#787 = CARTESIAN_POINT('',(-9.942112266909,-106.8426265335,
    -20.58314690986));
#788 = CARTESIAN_POINT('',(-9.939074062961,-106.8376778675,
    -20.54157805578));
#789 = CARTESIAN_POINT('',(-9.931541110125,-106.8261161467,
    -20.46354620374));
#790 = CARTESIAN_POINT('',(-9.927191573971,-106.819679495,-20.4269482864
    ));
#791 = CARTESIAN_POINT('',(-9.922039671831,-106.812409312,
    -20.39119420918));
#792 = CARTESIAN_POINT('',(-9.916021173462,-106.8044064992,
    -20.35643235501));
#793 = CARTESIAN_POINT('',(-9.90907035237,-106.7957933068,
    -20.32280788623));
#794 = CARTESIAN_POINT('',(-9.898091364661,-106.7832363415,
    -20.27808438906));
#795 = CARTESIAN_POINT('',(-9.894907898986,-106.7796924257,
    -20.26589385362));
#796 = CARTESIAN_POINT('',(-9.891576345707,-106.776087926,
    -20.25389875113));
#797 = CARTESIAN_POINT('',(-9.888093796606,-106.7724312381,
    -20.24210707075));
#798 = CARTESIAN_POINT('',(-9.884457666483,-106.768731161,-20.230526761)
  );
#799 = CARTESIAN_POINT('',(-9.874701037861,-106.7591230167,
    -20.20129518332));
#800 = CARTESIAN_POINT('',(-9.868350836006,-106.753164532,
    -20.18396714731));
#801 = CARTESIAN_POINT('',(-9.861606549271,-106.7471571635,
    -20.16721242946));
#802 = CARTESIAN_POINT('',(-9.854462320163,-106.7411389894,
    -20.15106149785));
#803 = CARTESIAN_POINT('',(-9.846915951858,-106.7351497248,
    -20.13554408378));
#804 = CARTESIAN_POINT('',(-9.830708688547,-106.7230755037,
    -20.10524433425));
#805 = CARTESIAN_POINT('',(-9.822015390952,-106.7169961149,
    -20.09051541655));
#806 = CARTESIAN_POINT('',(-9.812892809914,-106.7110375172,
    -20.07653442576));
#807 = CARTESIAN_POINT('',(-9.803349041639,-106.7052462474,
    -20.06333188489));
#808 = CARTESIAN_POINT('',(-9.793398120297,-106.6996682408,
    -20.05093607802));
#809 = CARTESIAN_POINT('',(-9.757413927322,-106.6811465425,
    -20.01068440808));
#810 = CARTESIAN_POINT('',(-9.729376059372,-106.6695222268,
    -19.98710602125));
#811 = CARTESIAN_POINT('',(-9.699279899534,-106.6601585367,
    -19.96906599941));
#812 = CARTESIAN_POINT('',(-9.66766815634,-106.6536243796,-19.9567965764
    ));
#813 = CARTESIAN_POINT('',(-9.635260444292,-106.6502389288,
    -19.95044800481));
#814 = CARTESIAN_POINT('',(-9.602586173351,-106.65000829,-19.9500155441)
  );
#815 = CARTESIAN_POINT('',(-9.602348923559,-106.6500067842,
    -19.95001272064));
#816 = CARTESIAN_POINT('',(-9.602111671767,-106.6500054473,
    -19.95001021382));
#817 = CARTESIAN_POINT('',(-9.601874418262,-106.6500042792,
    -19.95000802363));
#818 = CARTESIAN_POINT('',(-9.601637163334,-106.65000328,-19.95000615008
    ));
#819 = CARTESIAN_POINT('',(-9.601166591222,-106.6500016331,
    -19.95000306211));
#820 = CARTESIAN_POINT('',(-9.600933274075,-106.6500009798,
    -19.95000183727));
#821 = CARTESIAN_POINT('',(-9.600699956105,-106.6500004899,
    -19.95000091863));
#822 = CARTESIAN_POINT('',(-9.600466637586,-106.6500001633,
    -19.95000030621));
#823 = CARTESIAN_POINT('',(-9.600233318793,-106.65,-19.95));
#824 = CARTESIAN_POINT('',(-9.6,-106.65,-19.95));
#825 = ORIENTED_EDGE('',*,*,#826,.T.);
#826 = EDGE_CURVE('',#740,#827,#829,.T.);
#827 = VERTEX_POINT('',#828);
#828 = CARTESIAN_POINT('',(-9.6,-106.65,-10.75));
#829 = LINE('',#830,#831);
#830 = CARTESIAN_POINT('',(-9.6,-106.65,-19.95));
#831 = VECTOR('',#832,1.);
#832 = DIRECTION('',(0.,0.,1.));
#833 = ORIENTED_EDGE('',*,*,#834,.F.);
#834 = EDGE_CURVE('',#684,#827,#835,.T.);
#835 = CIRCLE('',#836,0.4);
#836 = AXIS2_PLACEMENT_3D('',#837,#838,#839);
#837 = CARTESIAN_POINT('',(-9.6,-107.05,-10.75));
#838 = DIRECTION('',(-0.,-0.,-1.));
#839 = DIRECTION('',(0.,-1.,0.));
#840 = ORIENTED_EDGE('',*,*,#683,.F.);
#841 = CYLINDRICAL_SURFACE('',#842,0.4);
#842 = AXIS2_PLACEMENT_3D('',#843,#844,#845);
#843 = CARTESIAN_POINT('',(-9.6,-107.05,-19.95));
#844 = DIRECTION('',(0.,0.,1.));
#845 = DIRECTION('',(-1.,0.,0.));
#846 = ADVANCED_FACE('',(#847,#865,#876),#887,.T.);
#847 = FACE_BOUND('',#848,.T.);
#848 = EDGE_LOOP('',(#849,#850,#851,#859));
#849 = ORIENTED_EDGE('',*,*,#715,.T.);
#850 = ORIENTED_EDGE('',*,*,#47,.T.);
#851 = ORIENTED_EDGE('',*,*,#852,.T.);
#852 = EDGE_CURVE('',#48,#853,#855,.T.);
#853 = VERTEX_POINT('',#854);
#854 = CARTESIAN_POINT('',(-4.,-86.25,-10.75));
#855 = LINE('',#856,#857);
#856 = CARTESIAN_POINT('',(-4.,-86.25,-24.25));
#857 = VECTOR('',#858,1.);
#858 = DIRECTION('',(0.,0.,1.));
#859 = ORIENTED_EDGE('',*,*,#860,.T.);
#860 = EDGE_CURVE('',#853,#708,#861,.T.);
#861 = LINE('',#862,#863);
#862 = CARTESIAN_POINT('',(-4.,-86.25,-10.75));
#863 = VECTOR('',#864,1.);
#864 = DIRECTION('',(0.,-1.,0.));
#865 = FACE_BOUND('',#866,.T.);
#866 = EDGE_LOOP('',(#867));
#867 = ORIENTED_EDGE('',*,*,#868,.F.);
#868 = EDGE_CURVE('',#869,#869,#871,.T.);
#869 = VERTEX_POINT('',#870);
#870 = CARTESIAN_POINT('',(-4.,-89.75,-24.1));
#871 = CIRCLE('',#872,3.35);
#872 = AXIS2_PLACEMENT_3D('',#873,#874,#875);
#873 = CARTESIAN_POINT('',(-4.,-89.75,-20.75));
#874 = DIRECTION('',(1.,-0.,0.));
#875 = DIRECTION('',(0.,0.,-1.));
#876 = FACE_BOUND('',#877,.T.);
#877 = EDGE_LOOP('',(#878));
#878 = ORIENTED_EDGE('',*,*,#879,.F.);
#879 = EDGE_CURVE('',#880,#880,#882,.T.);
#880 = VERTEX_POINT('',#881);
#881 = CARTESIAN_POINT('',(-4.,-105.15,-24.1));
#882 = CIRCLE('',#883,3.35);
#883 = AXIS2_PLACEMENT_3D('',#884,#885,#886);
#884 = CARTESIAN_POINT('',(-4.,-105.15,-20.75));
#885 = DIRECTION('',(1.,-0.,0.));
#886 = DIRECTION('',(0.,0.,-1.));
#887 = PLANE('',#888);
#888 = AXIS2_PLACEMENT_3D('',#889,#890,#891);
#889 = CARTESIAN_POINT('',(-4.,-97.45,-18.07973887748));
#890 = DIRECTION('',(1.,0.,0.));
#891 = DIRECTION('',(0.,0.,1.));
#892 = ADVANCED_FACE('',(#893),#911,.F.);
#893 = FACE_BOUND('',#894,.F.);
#894 = EDGE_LOOP('',(#895,#896,#904,#910));
#895 = ORIENTED_EDGE('',*,*,#562,.F.);
#896 = ORIENTED_EDGE('',*,*,#897,.T.);
#897 = EDGE_CURVE('',#555,#898,#900,.T.);
#898 = VERTEX_POINT('',#899);
#899 = CARTESIAN_POINT('',(-9.,-106.65,-21.55));
#900 = LINE('',#901,#902);
#901 = CARTESIAN_POINT('',(-9.,-106.65,-24.25));
#902 = VECTOR('',#903,1.);
#903 = DIRECTION('',(0.,0.,1.));
#904 = ORIENTED_EDGE('',*,*,#905,.T.);
#905 = EDGE_CURVE('',#898,#732,#906,.T.);
#906 = LINE('',#907,#908);
#907 = CARTESIAN_POINT('',(-5.65,-106.65,-21.55));
#908 = VECTOR('',#909,1.);
#909 = DIRECTION('',(-1.,-0.,-0.));
#910 = ORIENTED_EDGE('',*,*,#731,.F.);
#911 = PLANE('',#912);
#912 = AXIS2_PLACEMENT_3D('',#913,#914,#915);
#913 = CARTESIAN_POINT('',(-9.,-106.65,-24.25));
#914 = DIRECTION('',(0.,-1.,0.));
#915 = DIRECTION('',(-1.,0.,0.));
#916 = ADVANCED_FACE('',(#917),#935,.F.);
#917 = FACE_BOUND('',#918,.F.);
#918 = EDGE_LOOP('',(#919,#927,#928,#929));
#919 = ORIENTED_EDGE('',*,*,#920,.F.);
#920 = EDGE_CURVE('',#56,#921,#923,.T.);
#921 = VERTEX_POINT('',#922);
#922 = CARTESIAN_POINT('',(-9.,-86.25,-10.75));
#923 = LINE('',#924,#925);
#924 = CARTESIAN_POINT('',(-9.,-86.25,-24.25));
#925 = VECTOR('',#926,1.);
#926 = DIRECTION('',(0.,0.,1.));
#927 = ORIENTED_EDGE('',*,*,#55,.T.);
#928 = ORIENTED_EDGE('',*,*,#852,.T.);
#929 = ORIENTED_EDGE('',*,*,#930,.F.);
#930 = EDGE_CURVE('',#921,#853,#931,.T.);
#931 = LINE('',#932,#933);
#932 = CARTESIAN_POINT('',(-10.,-86.25,-10.75));
#933 = VECTOR('',#934,1.);
#934 = DIRECTION('',(1.,0.,0.));
#935 = PLANE('',#936);
#936 = AXIS2_PLACEMENT_3D('',#937,#938,#939);
#937 = CARTESIAN_POINT('',(-10.,-86.25,-24.25));
#938 = DIRECTION('',(0.,-1.,0.));
#939 = DIRECTION('',(0.,0.,1.));
#940 = ADVANCED_FACE('',(#941),#960,.F.);
#941 = FACE_BOUND('',#942,.F.);
#942 = EDGE_LOOP('',(#943,#944,#952,#959));
#943 = ORIENTED_EDGE('',*,*,#554,.F.);
#944 = ORIENTED_EDGE('',*,*,#945,.T.);
#945 = EDGE_CURVE('',#547,#946,#948,.T.);
#946 = VERTEX_POINT('',#947);
#947 = CARTESIAN_POINT('',(-9.,-105.65,-22.37480768092));
#948 = LINE('',#949,#950);
#949 = CARTESIAN_POINT('',(-9.,-105.65,-24.25));
#950 = VECTOR('',#951,1.);
#951 = DIRECTION('',(0.,0.,1.));
#952 = ORIENTED_EDGE('',*,*,#953,.T.);
#953 = EDGE_CURVE('',#946,#898,#954,.T.);
#954 = CIRCLE('',#955,1.7);
#955 = AXIS2_PLACEMENT_3D('',#956,#957,#958);
#956 = CARTESIAN_POINT('',(-9.,-105.15,-20.75));
#957 = DIRECTION('',(-1.,-0.,-0.));
#958 = DIRECTION('',(0.,0.,-1.));
#959 = ORIENTED_EDGE('',*,*,#897,.F.);
#960 = PLANE('',#961);
#961 = AXIS2_PLACEMENT_3D('',#962,#963,#964);
#962 = CARTESIAN_POINT('',(-9.,-105.65,-24.25));
#963 = DIRECTION('',(1.,0.,0.));
#964 = DIRECTION('',(0.,-1.,0.));
#965 = ADVANCED_FACE('',(#966),#984,.F.);
#966 = FACE_BOUND('',#967,.F.);
#967 = EDGE_LOOP('',(#968,#969,#970,#978));
#968 = ORIENTED_EDGE('',*,*,#63,.F.);
#969 = ORIENTED_EDGE('',*,*,#920,.T.);
#970 = ORIENTED_EDGE('',*,*,#971,.T.);
#971 = EDGE_CURVE('',#921,#972,#974,.T.);
#972 = VERTEX_POINT('',#973);
#973 = CARTESIAN_POINT('',(-9.,-86.65,-10.75));
#974 = LINE('',#975,#976);
#975 = CARTESIAN_POINT('',(-9.,-85.95,-10.75));
#976 = VECTOR('',#977,1.);
#977 = DIRECTION('',(0.,-1.,0.));
#978 = ORIENTED_EDGE('',*,*,#979,.F.);
#979 = EDGE_CURVE('',#64,#972,#980,.T.);
#980 = LINE('',#981,#982);
#981 = CARTESIAN_POINT('',(-9.,-86.65,-24.25));
#982 = VECTOR('',#983,1.);
#983 = DIRECTION('',(0.,0.,1.));
#984 = PLANE('',#985);
#985 = AXIS2_PLACEMENT_3D('',#986,#987,#988);
#986 = CARTESIAN_POINT('',(-9.,-85.65,-24.25));
#987 = DIRECTION('',(1.,0.,0.));
#988 = DIRECTION('',(0.,-1.,0.));
#989 = ADVANCED_FACE('',(#990),#1008,.F.);
#990 = FACE_BOUND('',#991,.F.);
#991 = EDGE_LOOP('',(#992,#993,#1001,#1007));
#992 = ORIENTED_EDGE('',*,*,#546,.F.);
#993 = ORIENTED_EDGE('',*,*,#994,.T.);
#994 = EDGE_CURVE('',#538,#995,#997,.T.);
#995 = VERTEX_POINT('',#996);
#996 = CARTESIAN_POINT('',(-9.6,-105.65,-22.37480768092));
#997 = LINE('',#998,#999);
#998 = CARTESIAN_POINT('',(-9.6,-105.65,-24.25));
#999 = VECTOR('',#1000,1.);
#1000 = DIRECTION('',(0.,0.,1.));
#1001 = ORIENTED_EDGE('',*,*,#1002,.F.);
#1002 = EDGE_CURVE('',#946,#995,#1003,.T.);
#1003 = LINE('',#1004,#1005);
#1004 = CARTESIAN_POINT('',(-5.65,-105.65,-22.37480768092));
#1005 = VECTOR('',#1006,1.);
#1006 = DIRECTION('',(-1.,-0.,-0.));
#1007 = ORIENTED_EDGE('',*,*,#945,.F.);
#1008 = PLANE('',#1009);
#1009 = AXIS2_PLACEMENT_3D('',#1010,#1011,#1012);
#1010 = CARTESIAN_POINT('',(-10.,-105.65,-24.25));
#1011 = DIRECTION('',(0.,1.,0.));
#1012 = DIRECTION('',(1.,0.,0.));
#1013 = ADVANCED_FACE('',(#1014),#1032,.F.);
#1014 = FACE_BOUND('',#1015,.F.);
#1015 = EDGE_LOOP('',(#1016,#1017,#1018,#1026));
#1016 = ORIENTED_EDGE('',*,*,#71,.F.);
#1017 = ORIENTED_EDGE('',*,*,#979,.T.);
#1018 = ORIENTED_EDGE('',*,*,#1019,.T.);
#1019 = EDGE_CURVE('',#972,#1020,#1022,.T.);
#1020 = VERTEX_POINT('',#1021);
#1021 = CARTESIAN_POINT('',(-9.6,-86.65,-10.75));
#1022 = LINE('',#1023,#1024);
#1023 = CARTESIAN_POINT('',(-9.5,-86.65,-10.75));
#1024 = VECTOR('',#1025,1.);
#1025 = DIRECTION('',(-1.,-0.,-0.));
#1026 = ORIENTED_EDGE('',*,*,#1027,.F.);
#1027 = EDGE_CURVE('',#72,#1020,#1028,.T.);
#1028 = LINE('',#1029,#1030);
#1029 = CARTESIAN_POINT('',(-9.6,-86.65,-24.25));
#1030 = VECTOR('',#1031,1.);
#1031 = DIRECTION('',(0.,0.,1.));
#1032 = PLANE('',#1033);
#1033 = AXIS2_PLACEMENT_3D('',#1034,#1035,#1036);
#1034 = CARTESIAN_POINT('',(-9.,-86.65,-24.25));
#1035 = DIRECTION('',(0.,-1.,0.));
#1036 = DIRECTION('',(-1.,0.,0.));
#1037 = ADVANCED_FACE('',(#1038),#1067,.T.);
#1038 = FACE_BOUND('',#1039,.F.);
#1039 = EDGE_LOOP('',(#1040,#1041,#1049,#1066));
#1040 = ORIENTED_EDGE('',*,*,#537,.T.);
#1041 = ORIENTED_EDGE('',*,*,#1042,.T.);
#1042 = EDGE_CURVE('',#530,#1043,#1045,.T.);
#1043 = VERTEX_POINT('',#1044);
#1044 = CARTESIAN_POINT('',(-10.,-105.25,-22.44705627484));
#1045 = LINE('',#1046,#1047);
#1046 = CARTESIAN_POINT('',(-10.,-105.25,-24.25));
#1047 = VECTOR('',#1048,1.);
#1048 = DIRECTION('',(0.,0.,1.));
#1049 = ORIENTED_EDGE('',*,*,#1050,.F.);
#1050 = EDGE_CURVE('',#995,#1043,#1051,.T.);
#1051 = B_SPLINE_CURVE_WITH_KNOTS('',7,(#1052,#1053,#1054,#1055,#1056,
    #1057,#1058,#1059,#1060,#1061,#1062,#1063,#1064,#1065),
  .UNSPECIFIED.,.F.,.F.,(8,6,8),(0.,0.646011123411,1.),.UNSPECIFIED.);
#1052 = CARTESIAN_POINT('',(-9.6,-105.65,-22.37480768092));
#1053 = CARTESIAN_POINT('',(-9.656946346132,-105.65,-22.37480768092));
#1054 = CARTESIAN_POINT('',(-9.713889660566,-105.6405417059,
    -22.37771827838));
#1055 = CARTESIAN_POINT('',(-9.769040750803,-105.621626023,
    -22.3835390776));
#1056 = CARTESIAN_POINT('',(-9.820629530083,-105.5936321111,
    -22.39177447147));
#1057 = CARTESIAN_POINT('',(-9.866965216632,-105.5572700191,
    -22.40144283055));
#1058 = CARTESIAN_POINT('',(-9.906434376105,-105.5136465743,
    -22.41140883391));
#1059 = CARTESIAN_POINT('',(-9.954880591598,-105.4373075539,
    -22.42577160453));
#1060 = CARTESIAN_POINT('',(-9.969576376175,-105.4085747772,
    -22.43064947208));
#1061 = CARTESIAN_POINT('',(-9.981597461294,-105.3784003015,
    -22.43515731537));
#1062 = CARTESIAN_POINT('',(-9.99075780694,-105.3470931377,
    -22.43914547065));
#1063 = CARTESIAN_POINT('',(-9.996918239348,-105.3150017282,
    -22.4424971549));
#1064 = CARTESIAN_POINT('',(-10.,-105.282505552,-22.44514086682));
#1065 = CARTESIAN_POINT('',(-10.,-105.25,-22.44705627484));
#1066 = ORIENTED_EDGE('',*,*,#994,.F.);
#1067 = CYLINDRICAL_SURFACE('',#1068,0.4);
#1068 = AXIS2_PLACEMENT_3D('',#1069,#1070,#1071);
#1069 = CARTESIAN_POINT('',(-9.6,-105.25,-24.25));
#1070 = DIRECTION('',(0.,0.,1.));
#1071 = DIRECTION('',(0.,-1.,0.));
#1072 = ADVANCED_FACE('',(#1073),#1092,.T.);
#1073 = FACE_BOUND('',#1074,.F.);
#1074 = EDGE_LOOP('',(#1075,#1076,#1077,#1086));
#1075 = ORIENTED_EDGE('',*,*,#79,.T.);
#1076 = ORIENTED_EDGE('',*,*,#1027,.T.);
#1077 = ORIENTED_EDGE('',*,*,#1078,.F.);
#1078 = EDGE_CURVE('',#1079,#1020,#1081,.T.);
#1079 = VERTEX_POINT('',#1080);
#1080 = CARTESIAN_POINT('',(-10.,-87.05,-10.75));
#1081 = CIRCLE('',#1082,0.4);
#1082 = AXIS2_PLACEMENT_3D('',#1083,#1084,#1085);
#1083 = CARTESIAN_POINT('',(-9.6,-87.05,-10.75));
#1084 = DIRECTION('',(-0.,-0.,-1.));
#1085 = DIRECTION('',(0.,-1.,0.));
#1086 = ORIENTED_EDGE('',*,*,#1087,.F.);
#1087 = EDGE_CURVE('',#80,#1079,#1088,.T.);
#1088 = LINE('',#1089,#1090);
#1089 = CARTESIAN_POINT('',(-10.,-87.05,-24.25));
#1090 = VECTOR('',#1091,1.);
#1091 = DIRECTION('',(0.,0.,1.));
#1092 = CYLINDRICAL_SURFACE('',#1093,0.4);
#1093 = AXIS2_PLACEMENT_3D('',#1094,#1095,#1096);
#1094 = CARTESIAN_POINT('',(-9.6,-87.05,-24.25));
#1095 = DIRECTION('',(0.,0.,1.));
#1096 = DIRECTION('',(-1.,0.,0.));
#1097 = ADVANCED_FACE('',(#1098),#1126,.F.);
#1098 = FACE_BOUND('',#1099,.F.);
#1099 = EDGE_LOOP('',(#1100,#1101,#1109,#1118,#1125));
#1100 = ORIENTED_EDGE('',*,*,#529,.T.);
#1101 = ORIENTED_EDGE('',*,*,#1102,.T.);
#1102 = EDGE_CURVE('',#521,#1103,#1105,.T.);
#1103 = VERTEX_POINT('',#1104);
#1104 = CARTESIAN_POINT('',(-10.,-105.05,-22.44705627484));
#1105 = LINE('',#1106,#1107);
#1106 = CARTESIAN_POINT('',(-10.,-105.05,-24.25));
#1107 = VECTOR('',#1108,1.);
#1108 = DIRECTION('',(0.,0.,1.));
#1109 = ORIENTED_EDGE('',*,*,#1110,.T.);
#1110 = EDGE_CURVE('',#1103,#1111,#1113,.T.);
#1111 = VERTEX_POINT('',#1112);
#1112 = CARTESIAN_POINT('',(-10.,-105.15,-22.45));
#1113 = CIRCLE('',#1114,1.7);
#1114 = AXIS2_PLACEMENT_3D('',#1115,#1116,#1117);
#1115 = CARTESIAN_POINT('',(-10.,-105.15,-20.75));
#1116 = DIRECTION('',(-1.,-0.,-0.));
#1117 = DIRECTION('',(0.,0.,-1.));
#1118 = ORIENTED_EDGE('',*,*,#1119,.T.);
#1119 = EDGE_CURVE('',#1111,#1043,#1120,.T.);
#1120 = CIRCLE('',#1121,1.7);
#1121 = AXIS2_PLACEMENT_3D('',#1122,#1123,#1124);
#1122 = CARTESIAN_POINT('',(-10.,-105.15,-20.75));
#1123 = DIRECTION('',(-1.,-0.,-0.));
#1124 = DIRECTION('',(0.,0.,-1.));
#1125 = ORIENTED_EDGE('',*,*,#1042,.F.);
#1126 = PLANE('',#1127);
#1127 = AXIS2_PLACEMENT_3D('',#1128,#1129,#1130);
#1128 = CARTESIAN_POINT('',(-10.,-97.45,-18.07973887748));
#1129 = DIRECTION('',(1.,0.,0.));
#1130 = DIRECTION('',(0.,0.,1.));
#1131 = ADVANCED_FACE('',(#1132),#1150,.F.);
#1132 = FACE_BOUND('',#1133,.F.);
#1133 = EDGE_LOOP('',(#1134,#1135,#1136,#1144));
#1134 = ORIENTED_EDGE('',*,*,#88,.T.);
#1135 = ORIENTED_EDGE('',*,*,#1087,.T.);
#1136 = ORIENTED_EDGE('',*,*,#1137,.T.);
#1137 = EDGE_CURVE('',#1079,#1138,#1140,.T.);
#1138 = VERTEX_POINT('',#1139);
#1139 = CARTESIAN_POINT('',(-10.,-87.25,-10.75));
#1140 = LINE('',#1141,#1142);
#1141 = CARTESIAN_POINT('',(-10.,-86.25,-10.75));
#1142 = VECTOR('',#1143,1.);
#1143 = DIRECTION('',(0.,-1.,0.));
#1144 = ORIENTED_EDGE('',*,*,#1145,.F.);
#1145 = EDGE_CURVE('',#89,#1138,#1146,.T.);
#1146 = LINE('',#1147,#1148);
#1147 = CARTESIAN_POINT('',(-10.,-87.25,-24.25));
#1148 = VECTOR('',#1149,1.);
#1149 = DIRECTION('',(0.,0.,1.));
#1150 = PLANE('',#1151);
#1151 = AXIS2_PLACEMENT_3D('',#1152,#1153,#1154);
#1152 = CARTESIAN_POINT('',(-10.,-97.45,-18.07973887748));
#1153 = DIRECTION('',(1.,0.,0.));
#1154 = DIRECTION('',(0.,0.,1.));
#1155 = ADVANCED_FACE('',(#1156),#1185,.T.);
#1156 = FACE_BOUND('',#1157,.F.);
#1157 = EDGE_LOOP('',(#1158,#1159,#1167,#1184));
#1158 = ORIENTED_EDGE('',*,*,#520,.T.);
#1159 = ORIENTED_EDGE('',*,*,#1160,.T.);
#1160 = EDGE_CURVE('',#513,#1161,#1163,.T.);
#1161 = VERTEX_POINT('',#1162);
#1162 = CARTESIAN_POINT('',(-9.6,-104.65,-22.37480768092));
#1163 = LINE('',#1164,#1165);
#1164 = CARTESIAN_POINT('',(-9.6,-104.65,-24.25));
#1165 = VECTOR('',#1166,1.);
#1166 = DIRECTION('',(0.,0.,1.));
#1167 = ORIENTED_EDGE('',*,*,#1168,.F.);
#1168 = EDGE_CURVE('',#1103,#1161,#1169,.T.);
#1169 = B_SPLINE_CURVE_WITH_KNOTS('',7,(#1170,#1171,#1172,#1173,#1174,
    #1175,#1176,#1177,#1178,#1179,#1180,#1181,#1182,#1183),
  .UNSPECIFIED.,.F.,.F.,(8,6,8),(0.,0.353986135191,1.),.UNSPECIFIED.);
#1170 = CARTESIAN_POINT('',(-10.,-105.05,-22.44705627484));
#1171 = CARTESIAN_POINT('',(-10.,-105.0174945465,-22.44514087263));
#1172 = CARTESIAN_POINT('',(-9.996918258283,-104.9849983346,
    -22.44249716317));
#1173 = CARTESIAN_POINT('',(-9.990757816558,-104.9529068362,
    -22.43914547119));
#1174 = CARTESIAN_POINT('',(-9.981597438019,-104.9215996034,
    -22.43515730409));
#1175 = CARTESIAN_POINT('',(-9.969576325504,-104.8914251145,
    -22.43064945431));
#1176 = CARTESIAN_POINT('',(-9.954880547244,-104.8626923761,
    -22.42577159138));
#1177 = CARTESIAN_POINT('',(-9.906434081866,-104.786352962,
    -22.41140874668));
#1178 = CARTESIAN_POINT('',(-9.866964752537,-104.7427295925,
    -22.40144272124));
#1179 = CARTESIAN_POINT('',(-9.820629132291,-104.7063677131,
    -22.39177442647));
#1180 = CARTESIAN_POINT('',(-9.769040369006,-104.6783737374,
    -22.38353900412));
#1181 = CARTESIAN_POINT('',(-9.713889136073,-104.6594581268,
    -22.3777182275));
#1182 = CARTESIAN_POINT('',(-9.656945803658,-104.65,-22.37480768092));
#1183 = CARTESIAN_POINT('',(-9.6,-104.65,-22.37480768092));
#1184 = ORIENTED_EDGE('',*,*,#1102,.F.);
#1185 = CYLINDRICAL_SURFACE('',#1186,0.4);
#1186 = AXIS2_PLACEMENT_3D('',#1187,#1188,#1189);
#1187 = CARTESIAN_POINT('',(-9.6,-105.05,-24.25));
#1188 = DIRECTION('',(0.,0.,1.));
#1189 = DIRECTION('',(-1.,0.,0.));
#1190 = ADVANCED_FACE('',(#1191),#1210,.T.);
#1191 = FACE_BOUND('',#1192,.F.);
#1192 = EDGE_LOOP('',(#1193,#1194,#1195,#1204));
#1193 = ORIENTED_EDGE('',*,*,#96,.T.);
#1194 = ORIENTED_EDGE('',*,*,#1145,.T.);
#1195 = ORIENTED_EDGE('',*,*,#1196,.F.);
#1196 = EDGE_CURVE('',#1197,#1138,#1199,.T.);
#1197 = VERTEX_POINT('',#1198);
#1198 = CARTESIAN_POINT('',(-9.6,-87.65,-10.75));
#1199 = CIRCLE('',#1200,0.4);
#1200 = AXIS2_PLACEMENT_3D('',#1201,#1202,#1203);
#1201 = CARTESIAN_POINT('',(-9.6,-87.25,-10.75));
#1202 = DIRECTION('',(-0.,-0.,-1.));
#1203 = DIRECTION('',(0.,-1.,0.));
#1204 = ORIENTED_EDGE('',*,*,#1205,.F.);
#1205 = EDGE_CURVE('',#97,#1197,#1206,.T.);
#1206 = LINE('',#1207,#1208);
#1207 = CARTESIAN_POINT('',(-9.6,-87.65,-24.25));
#1208 = VECTOR('',#1209,1.);
#1209 = DIRECTION('',(0.,0.,1.));
#1210 = CYLINDRICAL_SURFACE('',#1211,0.4);
#1211 = AXIS2_PLACEMENT_3D('',#1212,#1213,#1214);
#1212 = CARTESIAN_POINT('',(-9.6,-87.25,-24.25));
#1213 = DIRECTION('',(0.,0.,1.));
#1214 = DIRECTION('',(0.,-1.,0.));
#1215 = ADVANCED_FACE('',(#1216),#1234,.F.);
#1216 = FACE_BOUND('',#1217,.F.);
#1217 = EDGE_LOOP('',(#1218,#1219,#1227,#1233));
#1218 = ORIENTED_EDGE('',*,*,#512,.F.);
#1219 = ORIENTED_EDGE('',*,*,#1220,.T.);
#1220 = EDGE_CURVE('',#505,#1221,#1223,.T.);
#1221 = VERTEX_POINT('',#1222);
#1222 = CARTESIAN_POINT('',(-9.,-104.65,-22.37480768092));
#1223 = LINE('',#1224,#1225);
#1224 = CARTESIAN_POINT('',(-9.,-104.65,-24.25));
#1225 = VECTOR('',#1226,1.);
#1226 = DIRECTION('',(0.,0.,1.));
#1227 = ORIENTED_EDGE('',*,*,#1228,.T.);
#1228 = EDGE_CURVE('',#1221,#1161,#1229,.T.);
#1229 = LINE('',#1230,#1231);
#1230 = CARTESIAN_POINT('',(-5.65,-104.65,-22.37480768092));
#1231 = VECTOR('',#1232,1.);
#1232 = DIRECTION('',(-1.,-0.,-0.));
#1233 = ORIENTED_EDGE('',*,*,#1160,.F.);
#1234 = PLANE('',#1235);
#1235 = AXIS2_PLACEMENT_3D('',#1236,#1237,#1238);
#1236 = CARTESIAN_POINT('',(-9.,-104.65,-24.25));
#1237 = DIRECTION('',(0.,-1.,0.));
#1238 = DIRECTION('',(-1.,0.,0.));
#1239 = ADVANCED_FACE('',(#1240),#1258,.F.);
#1240 = FACE_BOUND('',#1241,.F.);
#1241 = EDGE_LOOP('',(#1242,#1243,#1244,#1252));
#1242 = ORIENTED_EDGE('',*,*,#105,.F.);
#1243 = ORIENTED_EDGE('',*,*,#1205,.T.);
#1244 = ORIENTED_EDGE('',*,*,#1245,.T.);
#1245 = EDGE_CURVE('',#1197,#1246,#1248,.T.);
#1246 = VERTEX_POINT('',#1247);
#1247 = CARTESIAN_POINT('',(-9.,-87.65,-10.75));
#1248 = LINE('',#1249,#1250);
#1249 = CARTESIAN_POINT('',(-10.,-87.65,-10.75));
#1250 = VECTOR('',#1251,1.);
#1251 = DIRECTION('',(1.,0.,0.));
#1252 = ORIENTED_EDGE('',*,*,#1253,.F.);
#1253 = EDGE_CURVE('',#106,#1246,#1254,.T.);
#1254 = LINE('',#1255,#1256);
#1255 = CARTESIAN_POINT('',(-9.,-87.65,-24.25));
#1256 = VECTOR('',#1257,1.);
#1257 = DIRECTION('',(0.,0.,1.));
#1258 = PLANE('',#1259);
#1259 = AXIS2_PLACEMENT_3D('',#1260,#1261,#1262);
#1260 = CARTESIAN_POINT('',(-10.,-87.65,-24.25));
#1261 = DIRECTION('',(0.,1.,0.));
#1262 = DIRECTION('',(1.,0.,0.));
#1263 = ADVANCED_FACE('',(#1264),#1283,.F.);
#1264 = FACE_BOUND('',#1265,.F.);
#1265 = EDGE_LOOP('',(#1266,#1267,#1275,#1282));
#1266 = ORIENTED_EDGE('',*,*,#504,.F.);
#1267 = ORIENTED_EDGE('',*,*,#1268,.T.);
#1268 = EDGE_CURVE('',#497,#1269,#1271,.T.);
#1269 = VERTEX_POINT('',#1270);
#1270 = CARTESIAN_POINT('',(-9.,-103.65,-21.55));
#1271 = LINE('',#1272,#1273);
#1272 = CARTESIAN_POINT('',(-9.,-103.65,-24.25));
#1273 = VECTOR('',#1274,1.);
#1274 = DIRECTION('',(0.,0.,1.));
#1275 = ORIENTED_EDGE('',*,*,#1276,.T.);
#1276 = EDGE_CURVE('',#1269,#1221,#1277,.T.);
#1277 = CIRCLE('',#1278,1.7);
#1278 = AXIS2_PLACEMENT_3D('',#1279,#1280,#1281);
#1279 = CARTESIAN_POINT('',(-9.,-105.15,-20.75));
#1280 = DIRECTION('',(-1.,-0.,-0.));
#1281 = DIRECTION('',(0.,0.,-1.));
#1282 = ORIENTED_EDGE('',*,*,#1220,.F.);
#1283 = PLANE('',#1284);
#1284 = AXIS2_PLACEMENT_3D('',#1285,#1286,#1287);
#1285 = CARTESIAN_POINT('',(-9.,-103.65,-24.25));
#1286 = DIRECTION('',(1.,0.,0.));
#1287 = DIRECTION('',(0.,-1.,0.));
#1288 = ADVANCED_FACE('',(#1289),#1324,.F.);
#1289 = FACE_BOUND('',#1290,.F.);
#1290 = EDGE_LOOP('',(#1291,#1292,#1293,#1301,#1309,#1318));
#1291 = ORIENTED_EDGE('',*,*,#113,.F.);
#1292 = ORIENTED_EDGE('',*,*,#1253,.T.);
#1293 = ORIENTED_EDGE('',*,*,#1294,.T.);
#1294 = EDGE_CURVE('',#1246,#1295,#1297,.T.);
#1295 = VERTEX_POINT('',#1296);
#1296 = CARTESIAN_POINT('',(-9.,-88.65,-10.75));
#1297 = LINE('',#1298,#1299);
#1298 = CARTESIAN_POINT('',(-9.,-86.95,-10.75));
#1299 = VECTOR('',#1300,1.);
#1300 = DIRECTION('',(0.,-1.,0.));
#1301 = ORIENTED_EDGE('',*,*,#1302,.F.);
#1302 = EDGE_CURVE('',#1303,#1295,#1305,.T.);
#1303 = VERTEX_POINT('',#1304);
#1304 = CARTESIAN_POINT('',(-9.,-88.65,-19.45385186031));
#1305 = LINE('',#1306,#1307);
#1306 = CARTESIAN_POINT('',(-9.,-88.65,-24.25));
#1307 = VECTOR('',#1308,1.);
#1308 = DIRECTION('',(0.,0.,1.));
#1309 = ORIENTED_EDGE('',*,*,#1310,.T.);
#1310 = EDGE_CURVE('',#1303,#1311,#1313,.T.);
#1311 = VERTEX_POINT('',#1312);
#1312 = CARTESIAN_POINT('',(-9.,-88.65,-22.04614813968));
#1313 = CIRCLE('',#1314,1.7);
#1314 = AXIS2_PLACEMENT_3D('',#1315,#1316,#1317);
#1315 = CARTESIAN_POINT('',(-9.,-89.75,-20.75));
#1316 = DIRECTION('',(-1.,-0.,-0.));
#1317 = DIRECTION('',(0.,0.,-1.));
#1318 = ORIENTED_EDGE('',*,*,#1319,.F.);
#1319 = EDGE_CURVE('',#114,#1311,#1320,.T.);
#1320 = LINE('',#1321,#1322);
#1321 = CARTESIAN_POINT('',(-9.,-88.65,-24.25));
#1322 = VECTOR('',#1323,1.);
#1323 = DIRECTION('',(0.,0.,1.));
#1324 = PLANE('',#1325);
#1325 = AXIS2_PLACEMENT_3D('',#1326,#1327,#1328);
#1326 = CARTESIAN_POINT('',(-9.,-87.65,-24.25));
#1327 = DIRECTION('',(1.,0.,0.));
#1328 = DIRECTION('',(0.,-1.,0.));
#1329 = ADVANCED_FACE('',(#1330),#1348,.F.);
#1330 = FACE_BOUND('',#1331,.F.);
#1331 = EDGE_LOOP('',(#1332,#1333,#1341,#1347));
#1332 = ORIENTED_EDGE('',*,*,#496,.F.);
#1333 = ORIENTED_EDGE('',*,*,#1334,.T.);
#1334 = EDGE_CURVE('',#489,#1335,#1337,.T.);
#1335 = VERTEX_POINT('',#1336);
#1336 = CARTESIAN_POINT('',(-10.,-103.65,-21.55));
#1337 = LINE('',#1338,#1339);
#1338 = CARTESIAN_POINT('',(-10.,-103.65,-24.25));
#1339 = VECTOR('',#1340,1.);
#1340 = DIRECTION('',(0.,0.,1.));
#1341 = ORIENTED_EDGE('',*,*,#1342,.F.);
#1342 = EDGE_CURVE('',#1269,#1335,#1343,.T.);
#1343 = LINE('',#1344,#1345);
#1344 = CARTESIAN_POINT('',(-5.65,-103.65,-21.55));
#1345 = VECTOR('',#1346,1.);
#1346 = DIRECTION('',(-1.,-0.,-0.));
#1347 = ORIENTED_EDGE('',*,*,#1268,.F.);
#1348 = PLANE('',#1349);
#1349 = AXIS2_PLACEMENT_3D('',#1350,#1351,#1352);
#1350 = CARTESIAN_POINT('',(-10.,-103.65,-24.25));
#1351 = DIRECTION('',(0.,1.,0.));
#1352 = DIRECTION('',(1.,0.,0.));
#1353 = ADVANCED_FACE('',(#1354),#1372,.F.);
#1354 = FACE_BOUND('',#1355,.F.);
#1355 = EDGE_LOOP('',(#1356,#1357,#1358,#1366));
#1356 = ORIENTED_EDGE('',*,*,#121,.F.);
#1357 = ORIENTED_EDGE('',*,*,#1319,.T.);
#1358 = ORIENTED_EDGE('',*,*,#1359,.T.);
#1359 = EDGE_CURVE('',#1311,#1360,#1362,.T.);
#1360 = VERTEX_POINT('',#1361);
#1361 = CARTESIAN_POINT('',(-9.6,-88.65,-22.04614813968));
#1362 = LINE('',#1363,#1364);
#1363 = CARTESIAN_POINT('',(-5.65,-88.65,-22.04614813968));
#1364 = VECTOR('',#1365,1.);
#1365 = DIRECTION('',(-1.,-0.,-0.));
#1366 = ORIENTED_EDGE('',*,*,#1367,.F.);
#1367 = EDGE_CURVE('',#122,#1360,#1368,.T.);
#1368 = LINE('',#1369,#1370);
#1369 = CARTESIAN_POINT('',(-9.6,-88.65,-24.25));
#1370 = VECTOR('',#1371,1.);
#1371 = DIRECTION('',(0.,0.,1.));
#1372 = PLANE('',#1373);
#1373 = AXIS2_PLACEMENT_3D('',#1374,#1375,#1376);
#1374 = CARTESIAN_POINT('',(-9.,-88.65,-24.25));
#1375 = DIRECTION('',(0.,-1.,0.));
#1376 = DIRECTION('',(-1.,0.,0.));
#1377 = ADVANCED_FACE('',(#1378),#1413,.F.);
#1378 = FACE_BOUND('',#1379,.F.);
#1379 = EDGE_LOOP('',(#1380,#1381,#1389,#1397,#1405,#1412));
#1380 = ORIENTED_EDGE('',*,*,#488,.T.);
#1381 = ORIENTED_EDGE('',*,*,#1382,.T.);
#1382 = EDGE_CURVE('',#480,#1383,#1385,.T.);
#1383 = VERTEX_POINT('',#1384);
#1384 = CARTESIAN_POINT('',(-10.,-103.05,-10.75));
#1385 = LINE('',#1386,#1387);
#1386 = CARTESIAN_POINT('',(-10.,-103.05,-24.25));
#1387 = VECTOR('',#1388,1.);
#1388 = DIRECTION('',(0.,0.,1.));
#1389 = ORIENTED_EDGE('',*,*,#1390,.T.);
#1390 = EDGE_CURVE('',#1383,#1391,#1393,.T.);
#1391 = VERTEX_POINT('',#1392);
#1392 = CARTESIAN_POINT('',(-10.,-103.65,-10.75));
#1393 = LINE('',#1394,#1395);
#1394 = CARTESIAN_POINT('',(-10.,-86.25,-10.75));
#1395 = VECTOR('',#1396,1.);
#1396 = DIRECTION('',(0.,-1.,0.));
#1397 = ORIENTED_EDGE('',*,*,#1398,.F.);
#1398 = EDGE_CURVE('',#1399,#1391,#1401,.T.);
#1399 = VERTEX_POINT('',#1400);
#1400 = CARTESIAN_POINT('',(-10.,-103.65,-19.95));
#1401 = LINE('',#1402,#1403);
#1402 = CARTESIAN_POINT('',(-10.,-103.65,-24.25));
#1403 = VECTOR('',#1404,1.);
#1404 = DIRECTION('',(0.,0.,1.));
#1405 = ORIENTED_EDGE('',*,*,#1406,.T.);
#1406 = EDGE_CURVE('',#1399,#1335,#1407,.T.);
#1407 = CIRCLE('',#1408,1.7);
#1408 = AXIS2_PLACEMENT_3D('',#1409,#1410,#1411);
#1409 = CARTESIAN_POINT('',(-10.,-105.15,-20.75));
#1410 = DIRECTION('',(-1.,-0.,-0.));
#1411 = DIRECTION('',(0.,0.,-1.));
#1412 = ORIENTED_EDGE('',*,*,#1334,.F.);
#1413 = PLANE('',#1414);
#1414 = AXIS2_PLACEMENT_3D('',#1415,#1416,#1417);
#1415 = CARTESIAN_POINT('',(-10.,-97.45,-18.07973887748));
#1416 = DIRECTION('',(1.,0.,0.));
#1417 = DIRECTION('',(0.,0.,1.));
#1418 = ADVANCED_FACE('',(#1419),#1448,.T.);
#1419 = FACE_BOUND('',#1420,.F.);
#1420 = EDGE_LOOP('',(#1421,#1422,#1423,#1442));
#1421 = ORIENTED_EDGE('',*,*,#129,.T.);
#1422 = ORIENTED_EDGE('',*,*,#1367,.T.);
#1423 = ORIENTED_EDGE('',*,*,#1424,.F.);
#1424 = EDGE_CURVE('',#1425,#1360,#1427,.T.);
#1425 = VERTEX_POINT('',#1426);
#1426 = CARTESIAN_POINT('',(-10.,-89.05,-22.29919333848));
#1427 = B_SPLINE_CURVE_WITH_KNOTS('',7,(#1428,#1429,#1430,#1431,#1432,
    #1433,#1434,#1435,#1436,#1437,#1438,#1439,#1440,#1441),
  .UNSPECIFIED.,.F.,.F.,(8,6,8),(0.,0.418842645757,1.),.UNSPECIFIED.);
#1428 = CARTESIAN_POINT('',(-10.,-89.05,-22.29919333848));
#1429 = CARTESIAN_POINT('',(-10.,-89.01175709959,-22.28191335823));
#1430 = CARTESIAN_POINT('',(-9.995734361081,-88.97369128245,
    -22.26338723255));
#1431 = CARTESIAN_POINT('',(-9.987273996154,-88.93640778551,
    -22.243847836));
#1432 = CARTESIAN_POINT('',(-9.97480819474,-88.90044881157,
    -22.2236179259));
#1433 = CARTESIAN_POINT('',(-9.958591680767,-88.86627918255,
    -22.20309568148));
#1434 = CARTESIAN_POINT('',(-9.93890982398,-88.83429240934,
    -22.18273703043));
#1435 = CARTESIAN_POINT('',(-9.884359936901,-88.76396711867,
    -22.13569724635));
#1436 = CARTESIAN_POINT('',(-9.846537047335,-88.7279371893,
    -22.10959991122));
#1437 = CARTESIAN_POINT('',(-9.803384305249,-88.69770551106,
    -22.08608099015));
#1438 = CARTESIAN_POINT('',(-9.755852694472,-88.67415270009,
    -22.06665060319));
#1439 = CARTESIAN_POINT('',(-9.705080656357,-88.65805459777,
    -22.05298269067));
#1440 = CARTESIAN_POINT('',(-9.652551050758,-88.65,-22.04614813968));
#1441 = CARTESIAN_POINT('',(-9.6,-88.65,-22.04614813968));
#1442 = ORIENTED_EDGE('',*,*,#1443,.F.);
#1443 = EDGE_CURVE('',#130,#1425,#1444,.T.);
#1444 = LINE('',#1445,#1446);
#1445 = CARTESIAN_POINT('',(-10.,-89.05,-24.25));
#1446 = VECTOR('',#1447,1.);
#1447 = DIRECTION('',(0.,0.,1.));
#1448 = CYLINDRICAL_SURFACE('',#1449,0.4);
#1449 = AXIS2_PLACEMENT_3D('',#1450,#1451,#1452);
#1450 = CARTESIAN_POINT('',(-9.6,-89.05,-24.25));
#1451 = DIRECTION('',(0.,0.,1.));
#1452 = DIRECTION('',(-1.,0.,0.));
#1453 = ADVANCED_FACE('',(#1454),#1473,.T.);
#1454 = FACE_BOUND('',#1455,.F.);
#1455 = EDGE_LOOP('',(#1456,#1457,#1465,#1472));
#1456 = ORIENTED_EDGE('',*,*,#479,.T.);
#1457 = ORIENTED_EDGE('',*,*,#1458,.T.);
#1458 = EDGE_CURVE('',#472,#1459,#1461,.T.);
#1459 = VERTEX_POINT('',#1460);
#1460 = CARTESIAN_POINT('',(-9.6,-102.65,-10.75));
#1461 = LINE('',#1462,#1463);
#1462 = CARTESIAN_POINT('',(-9.6,-102.65,-24.25));
#1463 = VECTOR('',#1464,1.);
#1464 = DIRECTION('',(0.,0.,1.));
#1465 = ORIENTED_EDGE('',*,*,#1466,.F.);
#1466 = EDGE_CURVE('',#1383,#1459,#1467,.T.);
#1467 = CIRCLE('',#1468,0.4);
#1468 = AXIS2_PLACEMENT_3D('',#1469,#1470,#1471);
#1469 = CARTESIAN_POINT('',(-9.6,-103.05,-10.75));
#1470 = DIRECTION('',(-0.,-0.,-1.));
#1471 = DIRECTION('',(0.,-1.,0.));
#1472 = ORIENTED_EDGE('',*,*,#1382,.F.);
#1473 = CYLINDRICAL_SURFACE('',#1474,0.4);
#1474 = AXIS2_PLACEMENT_3D('',#1475,#1476,#1477);
#1475 = CARTESIAN_POINT('',(-9.6,-103.05,-24.25));
#1476 = DIRECTION('',(0.,0.,1.));
#1477 = DIRECTION('',(-1.,0.,0.));
#1478 = ADVANCED_FACE('',(#1479),#1498,.F.);
#1479 = FACE_BOUND('',#1480,.F.);
#1480 = EDGE_LOOP('',(#1481,#1482,#1483,#1492));
#1481 = ORIENTED_EDGE('',*,*,#138,.T.);
#1482 = ORIENTED_EDGE('',*,*,#1443,.T.);
#1483 = ORIENTED_EDGE('',*,*,#1484,.T.);
#1484 = EDGE_CURVE('',#1425,#1485,#1487,.T.);
#1485 = VERTEX_POINT('',#1486);
#1486 = CARTESIAN_POINT('',(-10.,-89.25,-22.37480768092));
#1487 = CIRCLE('',#1488,1.7);
#1488 = AXIS2_PLACEMENT_3D('',#1489,#1490,#1491);
#1489 = CARTESIAN_POINT('',(-10.,-89.75,-20.75));
#1490 = DIRECTION('',(-1.,-0.,-0.));
#1491 = DIRECTION('',(0.,0.,-1.));
#1492 = ORIENTED_EDGE('',*,*,#1493,.F.);
#1493 = EDGE_CURVE('',#139,#1485,#1494,.T.);
#1494 = LINE('',#1495,#1496);
#1495 = CARTESIAN_POINT('',(-10.,-89.25,-24.25));
#1496 = VECTOR('',#1497,1.);
#1497 = DIRECTION('',(0.,0.,1.));
#1498 = PLANE('',#1499);
#1499 = AXIS2_PLACEMENT_3D('',#1500,#1501,#1502);
#1500 = CARTESIAN_POINT('',(-10.,-97.45,-18.07973887748));
#1501 = DIRECTION('',(1.,0.,0.));
#1502 = DIRECTION('',(0.,0.,1.));
#1503 = ADVANCED_FACE('',(#1504),#1522,.F.);
#1504 = FACE_BOUND('',#1505,.F.);
#1505 = EDGE_LOOP('',(#1506,#1507,#1515,#1521));
#1506 = ORIENTED_EDGE('',*,*,#471,.F.);
#1507 = ORIENTED_EDGE('',*,*,#1508,.T.);
#1508 = EDGE_CURVE('',#464,#1509,#1511,.T.);
#1509 = VERTEX_POINT('',#1510);
#1510 = CARTESIAN_POINT('',(-9.,-102.65,-10.75));
#1511 = LINE('',#1512,#1513);
#1512 = CARTESIAN_POINT('',(-9.,-102.65,-24.25));
#1513 = VECTOR('',#1514,1.);
#1514 = DIRECTION('',(0.,0.,1.));
#1515 = ORIENTED_EDGE('',*,*,#1516,.T.);
#1516 = EDGE_CURVE('',#1509,#1459,#1517,.T.);
#1517 = LINE('',#1518,#1519);
#1518 = CARTESIAN_POINT('',(-9.5,-102.65,-10.75));
#1519 = VECTOR('',#1520,1.);
#1520 = DIRECTION('',(-1.,-0.,-0.));
#1521 = ORIENTED_EDGE('',*,*,#1458,.F.);
#1522 = PLANE('',#1523);
#1523 = AXIS2_PLACEMENT_3D('',#1524,#1525,#1526);
#1524 = CARTESIAN_POINT('',(-9.,-102.65,-24.25));
#1525 = DIRECTION('',(0.,-1.,0.));
#1526 = DIRECTION('',(-1.,0.,0.));
#1527 = ADVANCED_FACE('',(#1528),#1555,.T.);
#1528 = FACE_BOUND('',#1529,.F.);
#1529 = EDGE_LOOP('',(#1530,#1531,#1532,#1549));
#1530 = ORIENTED_EDGE('',*,*,#146,.T.);
#1531 = ORIENTED_EDGE('',*,*,#1493,.T.);
#1532 = ORIENTED_EDGE('',*,*,#1533,.F.);
#1533 = EDGE_CURVE('',#1534,#1485,#1536,.T.);
#1534 = VERTEX_POINT('',#1535);
#1535 = CARTESIAN_POINT('',(-9.6,-89.65,-22.44705627484));
#1536 = B_SPLINE_CURVE_WITH_KNOTS('',6,(#1537,#1538,#1539,#1540,#1541,
    #1542,#1543,#1544,#1545,#1546,#1547,#1548),.UNSPECIFIED.,.F.,.F.,(7,
    5,7),(0.,0.485172673522,1.),.UNSPECIFIED.);
#1537 = CARTESIAN_POINT('',(-9.6,-89.65,-22.44705627484));
#1538 = CARTESIAN_POINT('',(-9.649938930697,-89.65,-22.44705627484));
#1539 = CARTESIAN_POINT('',(-9.699873789873,-89.64251820264,
    -22.44661546321));
#1540 = CARTESIAN_POINT('',(-9.748526597807,-89.62755768828,
    -22.44573360301));
#1541 = CARTESIAN_POINT('',(-9.794595947014,-89.60534437319,
    -22.4441773872));
#1542 = CARTESIAN_POINT('',(-9.836756009849,-89.57639176735,
    -22.44147568881));
#1543 = CARTESIAN_POINT('',(-9.913147023905,-89.50465583026,
    -22.43261433354));
#1544 = CARTESIAN_POINT('',(-9.946767065544,-89.46110577136,
    -22.42624883418));
#1545 = CARTESIAN_POINT('',(-9.973155619136,-89.41206170675,
    -22.41755164168));
#1546 = CARTESIAN_POINT('',(-9.99110650148,-89.35916140197,
    -22.40600399203));
#1547 = CARTESIAN_POINT('',(-10.,-89.30444761758,-22.39156277699));
#1548 = CARTESIAN_POINT('',(-10.,-89.25,-22.37480768092));
#1549 = ORIENTED_EDGE('',*,*,#1550,.F.);
#1550 = EDGE_CURVE('',#147,#1534,#1551,.T.);
#1551 = LINE('',#1552,#1553);
#1552 = CARTESIAN_POINT('',(-9.6,-89.65,-24.25));
#1553 = VECTOR('',#1554,1.);
#1554 = DIRECTION('',(0.,0.,1.));
#1555 = CYLINDRICAL_SURFACE('',#1556,0.4);
#1556 = AXIS2_PLACEMENT_3D('',#1557,#1558,#1559);
#1557 = CARTESIAN_POINT('',(-9.6,-89.25,-24.25));
#1558 = DIRECTION('',(0.,0.,1.));
#1559 = DIRECTION('',(0.,-1.,0.));
#1560 = ADVANCED_FACE('',(#1561),#1579,.F.);
#1561 = FACE_BOUND('',#1562,.F.);
#1562 = EDGE_LOOP('',(#1563,#1564,#1572,#1578));
#1563 = ORIENTED_EDGE('',*,*,#463,.F.);
#1564 = ORIENTED_EDGE('',*,*,#1565,.T.);
#1565 = EDGE_CURVE('',#456,#1566,#1568,.T.);
#1566 = VERTEX_POINT('',#1567);
#1567 = CARTESIAN_POINT('',(-9.,-101.65,-10.75));
#1568 = LINE('',#1569,#1570);
#1569 = CARTESIAN_POINT('',(-9.,-101.65,-24.25));
#1570 = VECTOR('',#1571,1.);
#1571 = DIRECTION('',(0.,0.,1.));
#1572 = ORIENTED_EDGE('',*,*,#1573,.T.);
#1573 = EDGE_CURVE('',#1566,#1509,#1574,.T.);
#1574 = LINE('',#1575,#1576);
#1575 = CARTESIAN_POINT('',(-9.,-93.95,-10.75));
#1576 = VECTOR('',#1577,1.);
#1577 = DIRECTION('',(0.,-1.,0.));
#1578 = ORIENTED_EDGE('',*,*,#1508,.F.);
#1579 = PLANE('',#1580);
#1580 = AXIS2_PLACEMENT_3D('',#1581,#1582,#1583);
#1581 = CARTESIAN_POINT('',(-9.,-101.65,-24.25));
#1582 = DIRECTION('',(1.,0.,0.));
#1583 = DIRECTION('',(0.,-1.,0.));
#1584 = ADVANCED_FACE('',(#1585),#1603,.F.);
#1585 = FACE_BOUND('',#1586,.F.);
#1586 = EDGE_LOOP('',(#1587,#1588,#1589,#1597));
#1587 = ORIENTED_EDGE('',*,*,#155,.F.);
#1588 = ORIENTED_EDGE('',*,*,#1550,.T.);
#1589 = ORIENTED_EDGE('',*,*,#1590,.F.);
#1590 = EDGE_CURVE('',#1591,#1534,#1593,.T.);
#1591 = VERTEX_POINT('',#1592);
#1592 = CARTESIAN_POINT('',(-9.,-89.65,-22.44705627484));
#1593 = LINE('',#1594,#1595);
#1594 = CARTESIAN_POINT('',(-5.65,-89.65,-22.44705627484));
#1595 = VECTOR('',#1596,1.);
#1596 = DIRECTION('',(-1.,-0.,-0.));
#1597 = ORIENTED_EDGE('',*,*,#1598,.F.);
#1598 = EDGE_CURVE('',#156,#1591,#1599,.T.);
#1599 = LINE('',#1600,#1601);
#1600 = CARTESIAN_POINT('',(-9.,-89.65,-24.25));
#1601 = VECTOR('',#1602,1.);
#1602 = DIRECTION('',(0.,0.,1.));
#1603 = PLANE('',#1604);
#1604 = AXIS2_PLACEMENT_3D('',#1605,#1606,#1607);
#1605 = CARTESIAN_POINT('',(-10.,-89.65,-24.25));
#1606 = DIRECTION('',(0.,1.,0.));
#1607 = DIRECTION('',(1.,0.,0.));
#1608 = ADVANCED_FACE('',(#1609),#1627,.F.);
#1609 = FACE_BOUND('',#1610,.F.);
#1610 = EDGE_LOOP('',(#1611,#1612,#1620,#1626));
#1611 = ORIENTED_EDGE('',*,*,#455,.F.);
#1612 = ORIENTED_EDGE('',*,*,#1613,.T.);
#1613 = EDGE_CURVE('',#447,#1614,#1616,.T.);
#1614 = VERTEX_POINT('',#1615);
#1615 = CARTESIAN_POINT('',(-9.6,-101.65,-10.75));
#1616 = LINE('',#1617,#1618);
#1617 = CARTESIAN_POINT('',(-9.6,-101.65,-24.25));
#1618 = VECTOR('',#1619,1.);
#1619 = DIRECTION('',(0.,0.,1.));
#1620 = ORIENTED_EDGE('',*,*,#1621,.T.);
#1621 = EDGE_CURVE('',#1614,#1566,#1622,.T.);
#1622 = LINE('',#1623,#1624);
#1623 = CARTESIAN_POINT('',(-10.,-101.65,-10.75));
#1624 = VECTOR('',#1625,1.);
#1625 = DIRECTION('',(1.,0.,0.));
#1626 = ORIENTED_EDGE('',*,*,#1565,.F.);
#1627 = PLANE('',#1628);
#1628 = AXIS2_PLACEMENT_3D('',#1629,#1630,#1631);
#1629 = CARTESIAN_POINT('',(-10.,-101.65,-24.25));
#1630 = DIRECTION('',(0.,1.,0.));
#1631 = DIRECTION('',(1.,0.,0.));
#1632 = ADVANCED_FACE('',(#1633),#1661,.F.);
#1633 = FACE_BOUND('',#1634,.F.);
#1634 = EDGE_LOOP('',(#1635,#1636,#1637,#1646,#1655));
#1635 = ORIENTED_EDGE('',*,*,#163,.F.);
#1636 = ORIENTED_EDGE('',*,*,#1598,.T.);
#1637 = ORIENTED_EDGE('',*,*,#1638,.T.);
#1638 = EDGE_CURVE('',#1591,#1639,#1641,.T.);
#1639 = VERTEX_POINT('',#1640);
#1640 = CARTESIAN_POINT('',(-9.,-89.75,-22.45));
#1641 = CIRCLE('',#1642,1.7);
#1642 = AXIS2_PLACEMENT_3D('',#1643,#1644,#1645);
#1643 = CARTESIAN_POINT('',(-9.,-89.75,-20.75));
#1644 = DIRECTION('',(-1.,-0.,-0.));
#1645 = DIRECTION('',(0.,0.,-1.));
#1646 = ORIENTED_EDGE('',*,*,#1647,.T.);
#1647 = EDGE_CURVE('',#1639,#1648,#1650,.T.);
#1648 = VERTEX_POINT('',#1649);
#1649 = CARTESIAN_POINT('',(-9.,-90.65,-22.19222051018));
#1650 = CIRCLE('',#1651,1.7);
#1651 = AXIS2_PLACEMENT_3D('',#1652,#1653,#1654);
#1652 = CARTESIAN_POINT('',(-9.,-89.75,-20.75));
#1653 = DIRECTION('',(-1.,-0.,-0.));
#1654 = DIRECTION('',(0.,0.,-1.));
#1655 = ORIENTED_EDGE('',*,*,#1656,.F.);
#1656 = EDGE_CURVE('',#164,#1648,#1657,.T.);
#1657 = LINE('',#1658,#1659);
#1658 = CARTESIAN_POINT('',(-9.,-90.65,-24.25));
#1659 = VECTOR('',#1660,1.);
#1660 = DIRECTION('',(0.,0.,1.));
#1661 = PLANE('',#1662);
#1662 = AXIS2_PLACEMENT_3D('',#1663,#1664,#1665);
#1663 = CARTESIAN_POINT('',(-9.,-89.65,-24.25));
#1664 = DIRECTION('',(1.,0.,0.));
#1665 = DIRECTION('',(0.,-1.,0.));
#1666 = ADVANCED_FACE('',(#1667),#1686,.T.);
#1667 = FACE_BOUND('',#1668,.F.);
#1668 = EDGE_LOOP('',(#1669,#1670,#1678,#1685));
#1669 = ORIENTED_EDGE('',*,*,#446,.T.);
#1670 = ORIENTED_EDGE('',*,*,#1671,.T.);
#1671 = EDGE_CURVE('',#439,#1672,#1674,.T.);
#1672 = VERTEX_POINT('',#1673);
#1673 = CARTESIAN_POINT('',(-10.,-101.25,-10.75));
#1674 = LINE('',#1675,#1676);
#1675 = CARTESIAN_POINT('',(-10.,-101.25,-24.25));
#1676 = VECTOR('',#1677,1.);
#1677 = DIRECTION('',(0.,0.,1.));
#1678 = ORIENTED_EDGE('',*,*,#1679,.F.);
#1679 = EDGE_CURVE('',#1614,#1672,#1680,.T.);
#1680 = CIRCLE('',#1681,0.4);
#1681 = AXIS2_PLACEMENT_3D('',#1682,#1683,#1684);
#1682 = CARTESIAN_POINT('',(-9.6,-101.25,-10.75));
#1683 = DIRECTION('',(-0.,-0.,-1.));
#1684 = DIRECTION('',(0.,-1.,0.));
#1685 = ORIENTED_EDGE('',*,*,#1613,.F.);
#1686 = CYLINDRICAL_SURFACE('',#1687,0.4);
#1687 = AXIS2_PLACEMENT_3D('',#1688,#1689,#1690);
#1688 = CARTESIAN_POINT('',(-9.6,-101.25,-24.25));
#1689 = DIRECTION('',(0.,0.,1.));
#1690 = DIRECTION('',(0.,-1.,0.));
#1691 = ADVANCED_FACE('',(#1692),#1710,.F.);
#1692 = FACE_BOUND('',#1693,.F.);
#1693 = EDGE_LOOP('',(#1694,#1695,#1696,#1704));
#1694 = ORIENTED_EDGE('',*,*,#171,.F.);
#1695 = ORIENTED_EDGE('',*,*,#1656,.T.);
#1696 = ORIENTED_EDGE('',*,*,#1697,.T.);
#1697 = EDGE_CURVE('',#1648,#1698,#1700,.T.);
#1698 = VERTEX_POINT('',#1699);
#1699 = CARTESIAN_POINT('',(-9.6,-90.65,-22.19222051018));
#1700 = LINE('',#1701,#1702);
#1701 = CARTESIAN_POINT('',(-5.65,-90.65,-22.19222051018));
#1702 = VECTOR('',#1703,1.);
#1703 = DIRECTION('',(-1.,-0.,-0.));
#1704 = ORIENTED_EDGE('',*,*,#1705,.F.);
#1705 = EDGE_CURVE('',#172,#1698,#1706,.T.);
#1706 = LINE('',#1707,#1708);
#1707 = CARTESIAN_POINT('',(-9.6,-90.65,-24.25));
#1708 = VECTOR('',#1709,1.);
#1709 = DIRECTION('',(0.,0.,1.));
#1710 = PLANE('',#1711);
#1711 = AXIS2_PLACEMENT_3D('',#1712,#1713,#1714);
#1712 = CARTESIAN_POINT('',(-9.,-90.65,-24.25));
#1713 = DIRECTION('',(0.,-1.,0.));
#1714 = DIRECTION('',(-1.,0.,0.));
#1715 = ADVANCED_FACE('',(#1716),#1734,.F.);
#1716 = FACE_BOUND('',#1717,.F.);
#1717 = EDGE_LOOP('',(#1718,#1719,#1727,#1733));
#1718 = ORIENTED_EDGE('',*,*,#438,.T.);
#1719 = ORIENTED_EDGE('',*,*,#1720,.T.);
#1720 = EDGE_CURVE('',#430,#1721,#1723,.T.);
#1721 = VERTEX_POINT('',#1722);
#1722 = CARTESIAN_POINT('',(-10.,-101.05,-10.75));
#1723 = LINE('',#1724,#1725);
#1724 = CARTESIAN_POINT('',(-10.,-101.05,-24.25));
#1725 = VECTOR('',#1726,1.);
#1726 = DIRECTION('',(0.,0.,1.));
#1727 = ORIENTED_EDGE('',*,*,#1728,.T.);
#1728 = EDGE_CURVE('',#1721,#1672,#1729,.T.);
#1729 = LINE('',#1730,#1731);
#1730 = CARTESIAN_POINT('',(-10.,-86.25,-10.75));
#1731 = VECTOR('',#1732,1.);
#1732 = DIRECTION('',(0.,-1.,0.));
#1733 = ORIENTED_EDGE('',*,*,#1671,.F.);
#1734 = PLANE('',#1735);
#1735 = AXIS2_PLACEMENT_3D('',#1736,#1737,#1738);
#1736 = CARTESIAN_POINT('',(-10.,-97.45,-18.07973887748));
#1737 = DIRECTION('',(1.,0.,0.));
#1738 = DIRECTION('',(0.,0.,1.));
#1739 = ADVANCED_FACE('',(#1740),#1777,.T.);
#1740 = FACE_BOUND('',#1741,.F.);
#1741 = EDGE_LOOP('',(#1742,#1743,#1744,#1771));
#1742 = ORIENTED_EDGE('',*,*,#179,.T.);
#1743 = ORIENTED_EDGE('',*,*,#1705,.T.);
#1744 = ORIENTED_EDGE('',*,*,#1745,.F.);
#1745 = EDGE_CURVE('',#1746,#1698,#1748,.T.);
#1746 = VERTEX_POINT('',#1747);
#1747 = CARTESIAN_POINT('',(-10.,-91.05,-21.84544511501));
#1748 = B_SPLINE_CURVE_WITH_KNOTS('',6,(#1749,#1750,#1751,#1752,#1753,
    #1754,#1755,#1756,#1757,#1758,#1759,#1760,#1761,#1762,#1763,#1764,
    #1765,#1766,#1767,#1768,#1769,#1770),.UNSPECIFIED.,.F.,.F.,(7,5,5,5,
    7),(0.,0.143407089959,0.444537665265,0.710723326832,1.),
  .UNSPECIFIED.);
#1749 = CARTESIAN_POINT('',(-10.,-91.05,-21.84544511501));
#1750 = CARTESIAN_POINT('',(-10.,-91.03643100728,-21.86154787569));
#1751 = CARTESIAN_POINT('',(-9.999447847632,-91.02273785644,
    -21.87731230824));
#1752 = CARTESIAN_POINT('',(-9.998323999618,-91.00894918997,
    -21.8927196727));
#1753 = CARTESIAN_POINT('',(-9.996611627244,-90.99509705237,
    -21.90775170667));
#1754 = CARTESIAN_POINT('',(-9.994296616356,-90.9812168901,
    -21.92239062524));
#1755 = CARTESIAN_POINT('',(-9.985217061077,-90.93822429238,
    -21.96649654992));
#1756 = CARTESIAN_POINT('',(-9.976358790172,-90.90914302725,
    -21.99457044136));
#1757 = CARTESIAN_POINT('',(-9.964693411822,-90.88047261965,
    -22.02067137497));
#1758 = CARTESIAN_POINT('',(-9.950196817962,-90.85262696538,
    -22.04466962951));
#1759 = CARTESIAN_POINT('',(-9.932950447012,-90.82604327151,
    -22.06648609666));
#1760 = CARTESIAN_POINT('',(-9.895650856124,-90.77910923864,
    -22.10341023835));
#1761 = CARTESIAN_POINT('',(-9.876152316905,-90.7583892222,
    -22.1190058571));
#1762 = CARTESIAN_POINT('',(-9.854788754165,-90.73925223641,
    -22.13284906548));
#1763 = CARTESIAN_POINT('',(-9.831749625521,-90.72194633506,
    -22.14495372487));
#1764 = CARTESIAN_POINT('',(-9.807266166411,-90.70667689155,
    -22.15535282852));
#1765 = CARTESIAN_POINT('',(-9.753699421121,-90.67938327158,
    -22.17356550214));
#1766 = CARTESIAN_POINT('',(-9.724399932612,-90.66775500076,
    -22.18107670441));
#1767 = CARTESIAN_POINT('',(-9.694022961205,-90.65890818268,
    -22.1866621235));
#1768 = CARTESIAN_POINT('',(-9.66292188509,-90.65296939208,
    -22.19036712399));
#1769 = CARTESIAN_POINT('',(-9.631461285767,-90.65,-22.19222051018));
#1770 = CARTESIAN_POINT('',(-9.6,-90.65,-22.19222051018));
#1771 = ORIENTED_EDGE('',*,*,#1772,.F.);
#1772 = EDGE_CURVE('',#180,#1746,#1773,.T.);
#1773 = LINE('',#1774,#1775);
#1774 = CARTESIAN_POINT('',(-10.,-91.05,-24.25));
#1775 = VECTOR('',#1776,1.);
#1776 = DIRECTION('',(0.,0.,1.));
#1777 = CYLINDRICAL_SURFACE('',#1778,0.4);
#1778 = AXIS2_PLACEMENT_3D('',#1779,#1780,#1781);
#1779 = CARTESIAN_POINT('',(-9.6,-91.05,-24.25));
#1780 = DIRECTION('',(0.,0.,1.));
#1781 = DIRECTION('',(-1.,0.,0.));
#1782 = ADVANCED_FACE('',(#1783),#1802,.T.);
#1783 = FACE_BOUND('',#1784,.F.);
#1784 = EDGE_LOOP('',(#1785,#1786,#1794,#1801));
#1785 = ORIENTED_EDGE('',*,*,#429,.T.);
#1786 = ORIENTED_EDGE('',*,*,#1787,.T.);
#1787 = EDGE_CURVE('',#422,#1788,#1790,.T.);
#1788 = VERTEX_POINT('',#1789);
#1789 = CARTESIAN_POINT('',(-9.6,-100.65,-10.75));
#1790 = LINE('',#1791,#1792);
#1791 = CARTESIAN_POINT('',(-9.6,-100.65,-24.25));
#1792 = VECTOR('',#1793,1.);
#1793 = DIRECTION('',(0.,0.,1.));
#1794 = ORIENTED_EDGE('',*,*,#1795,.F.);
#1795 = EDGE_CURVE('',#1721,#1788,#1796,.T.);
#1796 = CIRCLE('',#1797,0.4);
#1797 = AXIS2_PLACEMENT_3D('',#1798,#1799,#1800);
#1798 = CARTESIAN_POINT('',(-9.6,-101.05,-10.75));
#1799 = DIRECTION('',(-0.,-0.,-1.));
#1800 = DIRECTION('',(0.,-1.,0.));
#1801 = ORIENTED_EDGE('',*,*,#1720,.F.);
#1802 = CYLINDRICAL_SURFACE('',#1803,0.4);
#1803 = AXIS2_PLACEMENT_3D('',#1804,#1805,#1806);
#1804 = CARTESIAN_POINT('',(-9.6,-101.05,-24.25));
#1805 = DIRECTION('',(0.,0.,1.));
#1806 = DIRECTION('',(-1.,0.,0.));
#1807 = ADVANCED_FACE('',(#1808),#1827,.F.);
#1808 = FACE_BOUND('',#1809,.F.);
#1809 = EDGE_LOOP('',(#1810,#1819,#1825,#1826));
#1810 = ORIENTED_EDGE('',*,*,#1811,.T.);
#1811 = EDGE_CURVE('',#1746,#1812,#1814,.T.);
#1812 = VERTEX_POINT('',#1813);
#1813 = CARTESIAN_POINT('',(-10.,-91.25,-21.55));
#1814 = CIRCLE('',#1815,1.7);
#1815 = AXIS2_PLACEMENT_3D('',#1816,#1817,#1818);
#1816 = CARTESIAN_POINT('',(-10.,-89.75,-20.75));
#1817 = DIRECTION('',(-1.,-0.,-0.));
#1818 = DIRECTION('',(0.,0.,-1.));
#1819 = ORIENTED_EDGE('',*,*,#1820,.F.);
#1820 = EDGE_CURVE('',#189,#1812,#1821,.T.);
#1821 = LINE('',#1822,#1823);
#1822 = CARTESIAN_POINT('',(-10.,-91.25,-24.25));
#1823 = VECTOR('',#1824,1.);
#1824 = DIRECTION('',(0.,0.,1.));
#1825 = ORIENTED_EDGE('',*,*,#188,.T.);
#1826 = ORIENTED_EDGE('',*,*,#1772,.T.);
#1827 = PLANE('',#1828);
#1828 = AXIS2_PLACEMENT_3D('',#1829,#1830,#1831);
#1829 = CARTESIAN_POINT('',(-10.,-97.45,-18.07973887748));
#1830 = DIRECTION('',(1.,0.,0.));
#1831 = DIRECTION('',(0.,0.,1.));
#1832 = ADVANCED_FACE('',(#1833),#1851,.F.);
#1833 = FACE_BOUND('',#1834,.F.);
#1834 = EDGE_LOOP('',(#1835,#1836,#1844,#1850));
#1835 = ORIENTED_EDGE('',*,*,#421,.F.);
#1836 = ORIENTED_EDGE('',*,*,#1837,.T.);
#1837 = EDGE_CURVE('',#414,#1838,#1840,.T.);
#1838 = VERTEX_POINT('',#1839);
#1839 = CARTESIAN_POINT('',(-9.,-100.65,-10.75));
#1840 = LINE('',#1841,#1842);
#1841 = CARTESIAN_POINT('',(-9.,-100.65,-24.25));
#1842 = VECTOR('',#1843,1.);
#1843 = DIRECTION('',(0.,0.,1.));
#1844 = ORIENTED_EDGE('',*,*,#1845,.T.);
#1845 = EDGE_CURVE('',#1838,#1788,#1846,.T.);
#1846 = LINE('',#1847,#1848);
#1847 = CARTESIAN_POINT('',(-9.5,-100.65,-10.75));
#1848 = VECTOR('',#1849,1.);
#1849 = DIRECTION('',(-1.,-0.,-0.));
#1850 = ORIENTED_EDGE('',*,*,#1787,.F.);
#1851 = PLANE('',#1852);
#1852 = AXIS2_PLACEMENT_3D('',#1853,#1854,#1855);
#1853 = CARTESIAN_POINT('',(-9.,-100.65,-24.25));
#1854 = DIRECTION('',(0.,-1.,0.));
#1855 = DIRECTION('',(-1.,0.,0.));
#1856 = ADVANCED_FACE('',(#1857),#1876,.T.);
#1857 = FACE_BOUND('',#1858,.F.);
#1858 = EDGE_LOOP('',(#1859,#1860,#1861,#1870));
#1859 = ORIENTED_EDGE('',*,*,#196,.T.);
#1860 = ORIENTED_EDGE('',*,*,#1820,.T.);
#1861 = ORIENTED_EDGE('',*,*,#1862,.F.);
#1862 = EDGE_CURVE('',#1863,#1812,#1865,.T.);
#1863 = VERTEX_POINT('',#1864);
#1864 = CARTESIAN_POINT('',(-9.6,-91.65,-21.55));
#1865 = CIRCLE('',#1866,0.4);
#1866 = AXIS2_PLACEMENT_3D('',#1867,#1868,#1869);
#1867 = CARTESIAN_POINT('',(-9.6,-91.25,-21.55));
#1868 = DIRECTION('',(-0.,-0.,-1.));
#1869 = DIRECTION('',(0.,-1.,0.));
#1870 = ORIENTED_EDGE('',*,*,#1871,.F.);
#1871 = EDGE_CURVE('',#197,#1863,#1872,.T.);
#1872 = LINE('',#1873,#1874);
#1873 = CARTESIAN_POINT('',(-9.6,-91.65,-24.25));
#1874 = VECTOR('',#1875,1.);
#1875 = DIRECTION('',(0.,0.,1.));
#1876 = CYLINDRICAL_SURFACE('',#1877,0.4);
#1877 = AXIS2_PLACEMENT_3D('',#1878,#1879,#1880);
#1878 = CARTESIAN_POINT('',(-9.6,-91.25,-24.25));
#1879 = DIRECTION('',(0.,0.,1.));
#1880 = DIRECTION('',(0.,-1.,0.));
#1881 = ADVANCED_FACE('',(#1882),#1900,.F.);
#1882 = FACE_BOUND('',#1883,.F.);
#1883 = EDGE_LOOP('',(#1884,#1885,#1893,#1899));
#1884 = ORIENTED_EDGE('',*,*,#413,.F.);
#1885 = ORIENTED_EDGE('',*,*,#1886,.T.);
#1886 = EDGE_CURVE('',#406,#1887,#1889,.T.);
#1887 = VERTEX_POINT('',#1888);
#1888 = CARTESIAN_POINT('',(-9.,-99.65,-10.75));
#1889 = LINE('',#1890,#1891);
#1890 = CARTESIAN_POINT('',(-9.,-99.65,-24.25));
#1891 = VECTOR('',#1892,1.);
#1892 = DIRECTION('',(0.,0.,1.));
#1893 = ORIENTED_EDGE('',*,*,#1894,.T.);
#1894 = EDGE_CURVE('',#1887,#1838,#1895,.T.);
#1895 = LINE('',#1896,#1897);
#1896 = CARTESIAN_POINT('',(-9.,-92.95,-10.75));
#1897 = VECTOR('',#1898,1.);
#1898 = DIRECTION('',(0.,-1.,0.));
#1899 = ORIENTED_EDGE('',*,*,#1837,.F.);
#1900 = PLANE('',#1901);
#1901 = AXIS2_PLACEMENT_3D('',#1902,#1903,#1904);
#1902 = CARTESIAN_POINT('',(-9.,-99.65,-24.25));
#1903 = DIRECTION('',(1.,0.,0.));
#1904 = DIRECTION('',(0.,-1.,0.));
#1905 = ADVANCED_FACE('',(#1906),#1946,.F.);
#1906 = FACE_BOUND('',#1907,.F.);
#1907 = EDGE_LOOP('',(#1908,#1909,#1910,#1924,#1932,#1940));
#1908 = ORIENTED_EDGE('',*,*,#205,.F.);
#1909 = ORIENTED_EDGE('',*,*,#1871,.T.);
#1910 = ORIENTED_EDGE('',*,*,#1911,.T.);
#1911 = EDGE_CURVE('',#1863,#1912,#1914,.T.);
#1912 = VERTEX_POINT('',#1913);
#1913 = CARTESIAN_POINT('',(-9.6,-91.65,-19.95));
#1914 = ( BOUNDED_CURVE() B_SPLINE_CURVE(8,(#1915,#1916,#1917,#1918,
    #1919,#1920,#1921,#1922,#1923),.UNSPECIFIED.,.F.,.F.) 
B_SPLINE_CURVE_WITH_KNOTS((9,9),(2.7,4.3),.PIECEWISE_BEZIER_KNOTS.) 
CURVE() GEOMETRIC_REPRESENTATION_ITEM() RATIONAL_B_SPLINE_CURVE((1.,1.,
1.,1.,1.,1.,1.,1.,1.)) REPRESENTATION_ITEM('') );
#1915 = CARTESIAN_POINT('',(-9.6,-91.65,-21.55));
#1916 = CARTESIAN_POINT('',(-9.6,-91.65,-21.35));
#1917 = CARTESIAN_POINT('',(-9.632545685242,-91.65,-21.15));
#1918 = CARTESIAN_POINT('',(-9.655816000785,-91.65,-20.95));
#1919 = CARTESIAN_POINT('',(-9.680635219542,-91.65,-20.75));
#1920 = CARTESIAN_POINT('',(-9.655816000785,-91.65,-20.55));
#1921 = CARTESIAN_POINT('',(-9.632545685242,-91.65,-20.35));
#1922 = CARTESIAN_POINT('',(-9.6,-91.65,-20.15));
#1923 = CARTESIAN_POINT('',(-9.6,-91.65,-19.95));
#1924 = ORIENTED_EDGE('',*,*,#1925,.T.);
#1925 = EDGE_CURVE('',#1912,#1926,#1928,.T.);
#1926 = VERTEX_POINT('',#1927);
#1927 = CARTESIAN_POINT('',(-9.6,-91.65,-10.75));
#1928 = LINE('',#1929,#1930);
#1929 = CARTESIAN_POINT('',(-9.6,-91.65,-24.25));
#1930 = VECTOR('',#1931,1.);
#1931 = DIRECTION('',(0.,0.,1.));
#1932 = ORIENTED_EDGE('',*,*,#1933,.T.);
#1933 = EDGE_CURVE('',#1926,#1934,#1936,.T.);
#1934 = VERTEX_POINT('',#1935);
#1935 = CARTESIAN_POINT('',(-9.,-91.65,-10.75));
#1936 = LINE('',#1937,#1938);
#1937 = CARTESIAN_POINT('',(-10.,-91.65,-10.75));
#1938 = VECTOR('',#1939,1.);
#1939 = DIRECTION('',(1.,0.,0.));
#1940 = ORIENTED_EDGE('',*,*,#1941,.F.);
#1941 = EDGE_CURVE('',#206,#1934,#1942,.T.);
#1942 = LINE('',#1943,#1944);
#1943 = CARTESIAN_POINT('',(-9.,-91.65,-24.25));
#1944 = VECTOR('',#1945,1.);
#1945 = DIRECTION('',(0.,0.,1.));
#1946 = PLANE('',#1947);
#1947 = AXIS2_PLACEMENT_3D('',#1948,#1949,#1950);
#1948 = CARTESIAN_POINT('',(-10.,-91.65,-24.25));
#1949 = DIRECTION('',(0.,1.,0.));
#1950 = DIRECTION('',(1.,0.,0.));
#1951 = ADVANCED_FACE('',(#1952),#1970,.F.);
#1952 = FACE_BOUND('',#1953,.F.);
#1953 = EDGE_LOOP('',(#1954,#1955,#1963,#1969));
#1954 = ORIENTED_EDGE('',*,*,#405,.F.);
#1955 = ORIENTED_EDGE('',*,*,#1956,.T.);
#1956 = EDGE_CURVE('',#397,#1957,#1959,.T.);
#1957 = VERTEX_POINT('',#1958);
#1958 = CARTESIAN_POINT('',(-9.6,-99.65,-10.75));
#1959 = LINE('',#1960,#1961);
#1960 = CARTESIAN_POINT('',(-9.6,-99.65,-24.25));
#1961 = VECTOR('',#1962,1.);
#1962 = DIRECTION('',(0.,0.,1.));
#1963 = ORIENTED_EDGE('',*,*,#1964,.T.);
#1964 = EDGE_CURVE('',#1957,#1887,#1965,.T.);
#1965 = LINE('',#1966,#1967);
#1966 = CARTESIAN_POINT('',(-10.,-99.65,-10.75));
#1967 = VECTOR('',#1968,1.);
#1968 = DIRECTION('',(1.,0.,0.));
#1969 = ORIENTED_EDGE('',*,*,#1886,.F.);
#1970 = PLANE('',#1971);
#1971 = AXIS2_PLACEMENT_3D('',#1972,#1973,#1974);
#1972 = CARTESIAN_POINT('',(-10.,-99.65,-24.25));
#1973 = DIRECTION('',(0.,1.,0.));
#1974 = DIRECTION('',(1.,0.,0.));
#1975 = ADVANCED_FACE('',(#1976),#1994,.F.);
#1976 = FACE_BOUND('',#1977,.F.);
#1977 = EDGE_LOOP('',(#1978,#1979,#1980,#1988));
#1978 = ORIENTED_EDGE('',*,*,#213,.F.);
#1979 = ORIENTED_EDGE('',*,*,#1941,.T.);
#1980 = ORIENTED_EDGE('',*,*,#1981,.T.);
#1981 = EDGE_CURVE('',#1934,#1982,#1984,.T.);
#1982 = VERTEX_POINT('',#1983);
#1983 = CARTESIAN_POINT('',(-9.,-92.65,-10.75));
#1984 = LINE('',#1985,#1986);
#1985 = CARTESIAN_POINT('',(-9.,-88.95,-10.75));
#1986 = VECTOR('',#1987,1.);
#1987 = DIRECTION('',(0.,-1.,0.));
#1988 = ORIENTED_EDGE('',*,*,#1989,.F.);
#1989 = EDGE_CURVE('',#214,#1982,#1990,.T.);
#1990 = LINE('',#1991,#1992);
#1991 = CARTESIAN_POINT('',(-9.,-92.65,-24.25));
#1992 = VECTOR('',#1993,1.);
#1993 = DIRECTION('',(0.,0.,1.));
#1994 = PLANE('',#1995);
#1995 = AXIS2_PLACEMENT_3D('',#1996,#1997,#1998);
#1996 = CARTESIAN_POINT('',(-9.,-91.65,-24.25));
#1997 = DIRECTION('',(1.,0.,0.));
#1998 = DIRECTION('',(0.,-1.,0.));
#1999 = ADVANCED_FACE('',(#2000),#2019,.T.);
#2000 = FACE_BOUND('',#2001,.F.);
#2001 = EDGE_LOOP('',(#2002,#2003,#2011,#2018));
#2002 = ORIENTED_EDGE('',*,*,#396,.T.);
#2003 = ORIENTED_EDGE('',*,*,#2004,.T.);
#2004 = EDGE_CURVE('',#389,#2005,#2007,.T.);
#2005 = VERTEX_POINT('',#2006);
#2006 = CARTESIAN_POINT('',(-10.,-99.25,-10.75));
#2007 = LINE('',#2008,#2009);
#2008 = CARTESIAN_POINT('',(-10.,-99.25,-24.25));
#2009 = VECTOR('',#2010,1.);
#2010 = DIRECTION('',(0.,0.,1.));
#2011 = ORIENTED_EDGE('',*,*,#2012,.F.);
#2012 = EDGE_CURVE('',#1957,#2005,#2013,.T.);
#2013 = CIRCLE('',#2014,0.4);
#2014 = AXIS2_PLACEMENT_3D('',#2015,#2016,#2017);
#2015 = CARTESIAN_POINT('',(-9.6,-99.25,-10.75));
#2016 = DIRECTION('',(-0.,-0.,-1.));
#2017 = DIRECTION('',(0.,-1.,0.));
#2018 = ORIENTED_EDGE('',*,*,#1956,.F.);
#2019 = CYLINDRICAL_SURFACE('',#2020,0.4);
#2020 = AXIS2_PLACEMENT_3D('',#2021,#2022,#2023);
#2021 = CARTESIAN_POINT('',(-9.6,-99.25,-24.25));
#2022 = DIRECTION('',(0.,0.,1.));
#2023 = DIRECTION('',(0.,-1.,0.));
#2024 = ADVANCED_FACE('',(#2025),#2043,.F.);
#2025 = FACE_BOUND('',#2026,.F.);
#2026 = EDGE_LOOP('',(#2027,#2028,#2029,#2037));
#2027 = ORIENTED_EDGE('',*,*,#221,.F.);
#2028 = ORIENTED_EDGE('',*,*,#1989,.T.);
#2029 = ORIENTED_EDGE('',*,*,#2030,.T.);
#2030 = EDGE_CURVE('',#1982,#2031,#2033,.T.);
#2031 = VERTEX_POINT('',#2032);
#2032 = CARTESIAN_POINT('',(-9.6,-92.65,-10.75));
#2033 = LINE('',#2034,#2035);
#2034 = CARTESIAN_POINT('',(-9.5,-92.65,-10.75));
#2035 = VECTOR('',#2036,1.);
#2036 = DIRECTION('',(-1.,-0.,-0.));
#2037 = ORIENTED_EDGE('',*,*,#2038,.F.);
#2038 = EDGE_CURVE('',#222,#2031,#2039,.T.);
#2039 = LINE('',#2040,#2041);
#2040 = CARTESIAN_POINT('',(-9.6,-92.65,-24.25));
#2041 = VECTOR('',#2042,1.);
#2042 = DIRECTION('',(0.,0.,1.));
#2043 = PLANE('',#2044);
#2044 = AXIS2_PLACEMENT_3D('',#2045,#2046,#2047);
#2045 = CARTESIAN_POINT('',(-9.,-92.65,-24.25));
#2046 = DIRECTION('',(0.,-1.,0.));
#2047 = DIRECTION('',(-1.,0.,0.));
#2048 = ADVANCED_FACE('',(#2049),#2067,.F.);
#2049 = FACE_BOUND('',#2050,.F.);
#2050 = EDGE_LOOP('',(#2051,#2052,#2060,#2066));
#2051 = ORIENTED_EDGE('',*,*,#388,.T.);
#2052 = ORIENTED_EDGE('',*,*,#2053,.T.);
#2053 = EDGE_CURVE('',#380,#2054,#2056,.T.);
#2054 = VERTEX_POINT('',#2055);
#2055 = CARTESIAN_POINT('',(-10.,-99.05,-10.75));
#2056 = LINE('',#2057,#2058);
#2057 = CARTESIAN_POINT('',(-10.,-99.05,-24.25));
#2058 = VECTOR('',#2059,1.);
#2059 = DIRECTION('',(0.,0.,1.));
#2060 = ORIENTED_EDGE('',*,*,#2061,.T.);
#2061 = EDGE_CURVE('',#2054,#2005,#2062,.T.);
#2062 = LINE('',#2063,#2064);
#2063 = CARTESIAN_POINT('',(-10.,-86.25,-10.75));
#2064 = VECTOR('',#2065,1.);
#2065 = DIRECTION('',(0.,-1.,0.));
#2066 = ORIENTED_EDGE('',*,*,#2004,.F.);
#2067 = PLANE('',#2068);
#2068 = AXIS2_PLACEMENT_3D('',#2069,#2070,#2071);
#2069 = CARTESIAN_POINT('',(-10.,-97.45,-18.07973887748));
#2070 = DIRECTION('',(1.,0.,0.));
#2071 = DIRECTION('',(0.,0.,1.));
#2072 = ADVANCED_FACE('',(#2073),#2092,.T.);
#2073 = FACE_BOUND('',#2074,.F.);
#2074 = EDGE_LOOP('',(#2075,#2076,#2077,#2086));
#2075 = ORIENTED_EDGE('',*,*,#229,.T.);
#2076 = ORIENTED_EDGE('',*,*,#2038,.T.);
#2077 = ORIENTED_EDGE('',*,*,#2078,.F.);
#2078 = EDGE_CURVE('',#2079,#2031,#2081,.T.);
#2079 = VERTEX_POINT('',#2080);
#2080 = CARTESIAN_POINT('',(-10.,-93.05,-10.75));
#2081 = CIRCLE('',#2082,0.4);
#2082 = AXIS2_PLACEMENT_3D('',#2083,#2084,#2085);
#2083 = CARTESIAN_POINT('',(-9.6,-93.05,-10.75));
#2084 = DIRECTION('',(-0.,-0.,-1.));
#2085 = DIRECTION('',(0.,-1.,0.));
#2086 = ORIENTED_EDGE('',*,*,#2087,.F.);
#2087 = EDGE_CURVE('',#230,#2079,#2088,.T.);
#2088 = LINE('',#2089,#2090);
#2089 = CARTESIAN_POINT('',(-10.,-93.05,-24.25));
#2090 = VECTOR('',#2091,1.);
#2091 = DIRECTION('',(0.,0.,1.));
#2092 = CYLINDRICAL_SURFACE('',#2093,0.4);
#2093 = AXIS2_PLACEMENT_3D('',#2094,#2095,#2096);
#2094 = CARTESIAN_POINT('',(-9.6,-93.05,-24.25));
#2095 = DIRECTION('',(0.,0.,1.));
#2096 = DIRECTION('',(-1.,0.,0.));
#2097 = ADVANCED_FACE('',(#2098),#2117,.T.);
#2098 = FACE_BOUND('',#2099,.F.);
#2099 = EDGE_LOOP('',(#2100,#2101,#2109,#2116));
#2100 = ORIENTED_EDGE('',*,*,#379,.T.);
#2101 = ORIENTED_EDGE('',*,*,#2102,.T.);
#2102 = EDGE_CURVE('',#372,#2103,#2105,.T.);
#2103 = VERTEX_POINT('',#2104);
#2104 = CARTESIAN_POINT('',(-9.6,-98.65,-10.75));
#2105 = LINE('',#2106,#2107);
#2106 = CARTESIAN_POINT('',(-9.6,-98.65,-24.25));
#2107 = VECTOR('',#2108,1.);
#2108 = DIRECTION('',(0.,0.,1.));
#2109 = ORIENTED_EDGE('',*,*,#2110,.F.);
#2110 = EDGE_CURVE('',#2054,#2103,#2111,.T.);
#2111 = CIRCLE('',#2112,0.4);
#2112 = AXIS2_PLACEMENT_3D('',#2113,#2114,#2115);
#2113 = CARTESIAN_POINT('',(-9.6,-99.05,-10.75));
#2114 = DIRECTION('',(-0.,-0.,-1.));
#2115 = DIRECTION('',(0.,-1.,0.));
#2116 = ORIENTED_EDGE('',*,*,#2053,.F.);
#2117 = CYLINDRICAL_SURFACE('',#2118,0.4);
#2118 = AXIS2_PLACEMENT_3D('',#2119,#2120,#2121);
#2119 = CARTESIAN_POINT('',(-9.6,-99.05,-24.25));
#2120 = DIRECTION('',(0.,0.,1.));
#2121 = DIRECTION('',(-1.,0.,0.));
#2122 = ADVANCED_FACE('',(#2123),#2141,.F.);
#2123 = FACE_BOUND('',#2124,.F.);
#2124 = EDGE_LOOP('',(#2125,#2126,#2127,#2135));
#2125 = ORIENTED_EDGE('',*,*,#238,.T.);
#2126 = ORIENTED_EDGE('',*,*,#2087,.T.);
#2127 = ORIENTED_EDGE('',*,*,#2128,.T.);
#2128 = EDGE_CURVE('',#2079,#2129,#2131,.T.);
#2129 = VERTEX_POINT('',#2130);
#2130 = CARTESIAN_POINT('',(-10.,-93.25,-10.75));
#2131 = LINE('',#2132,#2133);
#2132 = CARTESIAN_POINT('',(-10.,-86.25,-10.75));
#2133 = VECTOR('',#2134,1.);
#2134 = DIRECTION('',(0.,-1.,0.));
#2135 = ORIENTED_EDGE('',*,*,#2136,.F.);
#2136 = EDGE_CURVE('',#239,#2129,#2137,.T.);
#2137 = LINE('',#2138,#2139);
#2138 = CARTESIAN_POINT('',(-10.,-93.25,-24.25));
#2139 = VECTOR('',#2140,1.);
#2140 = DIRECTION('',(0.,0.,1.));
#2141 = PLANE('',#2142);
#2142 = AXIS2_PLACEMENT_3D('',#2143,#2144,#2145);
#2143 = CARTESIAN_POINT('',(-10.,-97.45,-18.07973887748));
#2144 = DIRECTION('',(1.,0.,0.));
#2145 = DIRECTION('',(0.,0.,1.));
#2146 = ADVANCED_FACE('',(#2147),#2165,.F.);
#2147 = FACE_BOUND('',#2148,.F.);
#2148 = EDGE_LOOP('',(#2149,#2150,#2158,#2164));
#2149 = ORIENTED_EDGE('',*,*,#371,.F.);
#2150 = ORIENTED_EDGE('',*,*,#2151,.T.);
#2151 = EDGE_CURVE('',#364,#2152,#2154,.T.);
#2152 = VERTEX_POINT('',#2153);
#2153 = CARTESIAN_POINT('',(-9.,-98.65,-10.75));
#2154 = LINE('',#2155,#2156);
#2155 = CARTESIAN_POINT('',(-9.,-98.65,-24.25));
#2156 = VECTOR('',#2157,1.);
#2157 = DIRECTION('',(0.,0.,1.));
#2158 = ORIENTED_EDGE('',*,*,#2159,.T.);
#2159 = EDGE_CURVE('',#2152,#2103,#2160,.T.);
#2160 = LINE('',#2161,#2162);
#2161 = CARTESIAN_POINT('',(-9.5,-98.65,-10.75));
#2162 = VECTOR('',#2163,1.);
#2163 = DIRECTION('',(-1.,-0.,-0.));
#2164 = ORIENTED_EDGE('',*,*,#2102,.F.);
#2165 = PLANE('',#2166);
#2166 = AXIS2_PLACEMENT_3D('',#2167,#2168,#2169);
#2167 = CARTESIAN_POINT('',(-9.,-98.65,-24.25));
#2168 = DIRECTION('',(0.,-1.,0.));
#2169 = DIRECTION('',(-1.,0.,0.));
#2170 = ADVANCED_FACE('',(#2171),#2190,.T.);
#2171 = FACE_BOUND('',#2172,.F.);
#2172 = EDGE_LOOP('',(#2173,#2174,#2175,#2184));
#2173 = ORIENTED_EDGE('',*,*,#246,.T.);
#2174 = ORIENTED_EDGE('',*,*,#2136,.T.);
#2175 = ORIENTED_EDGE('',*,*,#2176,.F.);
#2176 = EDGE_CURVE('',#2177,#2129,#2179,.T.);
#2177 = VERTEX_POINT('',#2178);
#2178 = CARTESIAN_POINT('',(-9.6,-93.65,-10.75));
#2179 = CIRCLE('',#2180,0.4);
#2180 = AXIS2_PLACEMENT_3D('',#2181,#2182,#2183);
#2181 = CARTESIAN_POINT('',(-9.6,-93.25,-10.75));
#2182 = DIRECTION('',(-0.,-0.,-1.));
#2183 = DIRECTION('',(0.,-1.,0.));
#2184 = ORIENTED_EDGE('',*,*,#2185,.F.);
#2185 = EDGE_CURVE('',#247,#2177,#2186,.T.);
#2186 = LINE('',#2187,#2188);
#2187 = CARTESIAN_POINT('',(-9.6,-93.65,-24.25));
#2188 = VECTOR('',#2189,1.);
#2189 = DIRECTION('',(0.,0.,1.));
#2190 = CYLINDRICAL_SURFACE('',#2191,0.4);
#2191 = AXIS2_PLACEMENT_3D('',#2192,#2193,#2194);
#2192 = CARTESIAN_POINT('',(-9.6,-93.25,-24.25));
#2193 = DIRECTION('',(0.,0.,1.));
#2194 = DIRECTION('',(0.,-1.,0.));
#2195 = ADVANCED_FACE('',(#2196),#2214,.F.);
#2196 = FACE_BOUND('',#2197,.F.);
#2197 = EDGE_LOOP('',(#2198,#2199,#2207,#2213));
#2198 = ORIENTED_EDGE('',*,*,#363,.F.);
#2199 = ORIENTED_EDGE('',*,*,#2200,.T.);
#2200 = EDGE_CURVE('',#356,#2201,#2203,.T.);
#2201 = VERTEX_POINT('',#2202);
#2202 = CARTESIAN_POINT('',(-9.,-97.65,-10.75));
#2203 = LINE('',#2204,#2205);
#2204 = CARTESIAN_POINT('',(-9.,-97.65,-24.25));
#2205 = VECTOR('',#2206,1.);
#2206 = DIRECTION('',(0.,0.,1.));
#2207 = ORIENTED_EDGE('',*,*,#2208,.T.);
#2208 = EDGE_CURVE('',#2201,#2152,#2209,.T.);
#2209 = LINE('',#2210,#2211);
#2210 = CARTESIAN_POINT('',(-9.,-91.95,-10.75));
#2211 = VECTOR('',#2212,1.);
#2212 = DIRECTION('',(0.,-1.,0.));
#2213 = ORIENTED_EDGE('',*,*,#2151,.F.);
#2214 = PLANE('',#2215);
#2215 = AXIS2_PLACEMENT_3D('',#2216,#2217,#2218);
#2216 = CARTESIAN_POINT('',(-9.,-97.65,-24.25));
#2217 = DIRECTION('',(1.,0.,0.));
#2218 = DIRECTION('',(0.,-1.,0.));
#2219 = ADVANCED_FACE('',(#2220),#2238,.F.);
#2220 = FACE_BOUND('',#2221,.F.);
#2221 = EDGE_LOOP('',(#2222,#2223,#2224,#2232));
#2222 = ORIENTED_EDGE('',*,*,#255,.F.);
#2223 = ORIENTED_EDGE('',*,*,#2185,.T.);
#2224 = ORIENTED_EDGE('',*,*,#2225,.T.);
#2225 = EDGE_CURVE('',#2177,#2226,#2228,.T.);
#2226 = VERTEX_POINT('',#2227);
#2227 = CARTESIAN_POINT('',(-9.,-93.65,-10.75));
#2228 = LINE('',#2229,#2230);
#2229 = CARTESIAN_POINT('',(-10.,-93.65,-10.75));
#2230 = VECTOR('',#2231,1.);
#2231 = DIRECTION('',(1.,0.,0.));
#2232 = ORIENTED_EDGE('',*,*,#2233,.F.);
#2233 = EDGE_CURVE('',#256,#2226,#2234,.T.);
#2234 = LINE('',#2235,#2236);
#2235 = CARTESIAN_POINT('',(-9.,-93.65,-24.25));
#2236 = VECTOR('',#2237,1.);
#2237 = DIRECTION('',(0.,0.,1.));
#2238 = PLANE('',#2239);
#2239 = AXIS2_PLACEMENT_3D('',#2240,#2241,#2242);
#2240 = CARTESIAN_POINT('',(-10.,-93.65,-24.25));
#2241 = DIRECTION('',(0.,1.,0.));
#2242 = DIRECTION('',(1.,0.,0.));
#2243 = ADVANCED_FACE('',(#2244),#2262,.F.);
#2244 = FACE_BOUND('',#2245,.F.);
#2245 = EDGE_LOOP('',(#2246,#2247,#2255,#2261));
#2246 = ORIENTED_EDGE('',*,*,#355,.F.);
#2247 = ORIENTED_EDGE('',*,*,#2248,.T.);
#2248 = EDGE_CURVE('',#347,#2249,#2251,.T.);
#2249 = VERTEX_POINT('',#2250);
#2250 = CARTESIAN_POINT('',(-9.6,-97.65,-10.75));
#2251 = LINE('',#2252,#2253);
#2252 = CARTESIAN_POINT('',(-9.6,-97.65,-24.25));
#2253 = VECTOR('',#2254,1.);
#2254 = DIRECTION('',(0.,0.,1.));
#2255 = ORIENTED_EDGE('',*,*,#2256,.T.);
#2256 = EDGE_CURVE('',#2249,#2201,#2257,.T.);
#2257 = LINE('',#2258,#2259);
#2258 = CARTESIAN_POINT('',(-10.,-97.65,-10.75));
#2259 = VECTOR('',#2260,1.);
#2260 = DIRECTION('',(1.,0.,0.));
#2261 = ORIENTED_EDGE('',*,*,#2200,.F.);
#2262 = PLANE('',#2263);
#2263 = AXIS2_PLACEMENT_3D('',#2264,#2265,#2266);
#2264 = CARTESIAN_POINT('',(-10.,-97.65,-24.25));
#2265 = DIRECTION('',(0.,1.,0.));
#2266 = DIRECTION('',(1.,0.,0.));
#2267 = ADVANCED_FACE('',(#2268),#2286,.F.);
#2268 = FACE_BOUND('',#2269,.F.);
#2269 = EDGE_LOOP('',(#2270,#2271,#2272,#2280));
#2270 = ORIENTED_EDGE('',*,*,#263,.F.);
#2271 = ORIENTED_EDGE('',*,*,#2233,.T.);
#2272 = ORIENTED_EDGE('',*,*,#2273,.T.);
#2273 = EDGE_CURVE('',#2226,#2274,#2276,.T.);
#2274 = VERTEX_POINT('',#2275);
#2275 = CARTESIAN_POINT('',(-9.,-94.65,-10.75));
#2276 = LINE('',#2277,#2278);
#2277 = CARTESIAN_POINT('',(-9.,-89.95,-10.75));
#2278 = VECTOR('',#2279,1.);
#2279 = DIRECTION('',(0.,-1.,0.));
#2280 = ORIENTED_EDGE('',*,*,#2281,.F.);
#2281 = EDGE_CURVE('',#264,#2274,#2282,.T.);
#2282 = LINE('',#2283,#2284);
#2283 = CARTESIAN_POINT('',(-9.,-94.65,-24.25));
#2284 = VECTOR('',#2285,1.);
#2285 = DIRECTION('',(0.,0.,1.));
#2286 = PLANE('',#2287);
#2287 = AXIS2_PLACEMENT_3D('',#2288,#2289,#2290);
#2288 = CARTESIAN_POINT('',(-9.,-93.65,-24.25));
#2289 = DIRECTION('',(1.,0.,0.));
#2290 = DIRECTION('',(0.,-1.,0.));
#2291 = ADVANCED_FACE('',(#2292),#2311,.T.);
#2292 = FACE_BOUND('',#2293,.F.);
#2293 = EDGE_LOOP('',(#2294,#2295,#2303,#2310));
#2294 = ORIENTED_EDGE('',*,*,#346,.T.);
#2295 = ORIENTED_EDGE('',*,*,#2296,.T.);
#2296 = EDGE_CURVE('',#339,#2297,#2299,.T.);
#2297 = VERTEX_POINT('',#2298);
#2298 = CARTESIAN_POINT('',(-10.,-97.25,-10.75));
#2299 = LINE('',#2300,#2301);
#2300 = CARTESIAN_POINT('',(-10.,-97.25,-24.25));
#2301 = VECTOR('',#2302,1.);
#2302 = DIRECTION('',(0.,0.,1.));
#2303 = ORIENTED_EDGE('',*,*,#2304,.F.);
#2304 = EDGE_CURVE('',#2249,#2297,#2305,.T.);
#2305 = CIRCLE('',#2306,0.4);
#2306 = AXIS2_PLACEMENT_3D('',#2307,#2308,#2309);
#2307 = CARTESIAN_POINT('',(-9.6,-97.25,-10.75));
#2308 = DIRECTION('',(-0.,-0.,-1.));
#2309 = DIRECTION('',(0.,-1.,0.));
#2310 = ORIENTED_EDGE('',*,*,#2248,.F.);
#2311 = CYLINDRICAL_SURFACE('',#2312,0.4);
#2312 = AXIS2_PLACEMENT_3D('',#2313,#2314,#2315);
#2313 = CARTESIAN_POINT('',(-9.6,-97.25,-24.25));
#2314 = DIRECTION('',(0.,0.,1.));
#2315 = DIRECTION('',(0.,-1.,0.));
#2316 = ADVANCED_FACE('',(#2317),#2335,.F.);
#2317 = FACE_BOUND('',#2318,.F.);
#2318 = EDGE_LOOP('',(#2319,#2320,#2321,#2329));
#2319 = ORIENTED_EDGE('',*,*,#271,.F.);
#2320 = ORIENTED_EDGE('',*,*,#2281,.T.);
#2321 = ORIENTED_EDGE('',*,*,#2322,.T.);
#2322 = EDGE_CURVE('',#2274,#2323,#2325,.T.);
#2323 = VERTEX_POINT('',#2324);
#2324 = CARTESIAN_POINT('',(-9.6,-94.65,-10.75));
#2325 = LINE('',#2326,#2327);
#2326 = CARTESIAN_POINT('',(-9.5,-94.65,-10.75));
#2327 = VECTOR('',#2328,1.);
#2328 = DIRECTION('',(-1.,-0.,-0.));
#2329 = ORIENTED_EDGE('',*,*,#2330,.F.);
#2330 = EDGE_CURVE('',#272,#2323,#2331,.T.);
#2331 = LINE('',#2332,#2333);
#2332 = CARTESIAN_POINT('',(-9.6,-94.65,-24.25));
#2333 = VECTOR('',#2334,1.);
#2334 = DIRECTION('',(0.,0.,1.));
#2335 = PLANE('',#2336);
#2336 = AXIS2_PLACEMENT_3D('',#2337,#2338,#2339);
#2337 = CARTESIAN_POINT('',(-9.,-94.65,-24.25));
#2338 = DIRECTION('',(0.,-1.,0.));
#2339 = DIRECTION('',(-1.,0.,0.));
#2340 = ADVANCED_FACE('',(#2341),#2359,.F.);
#2341 = FACE_BOUND('',#2342,.F.);
#2342 = EDGE_LOOP('',(#2343,#2344,#2352,#2358));
#2343 = ORIENTED_EDGE('',*,*,#338,.T.);
#2344 = ORIENTED_EDGE('',*,*,#2345,.T.);
#2345 = EDGE_CURVE('',#330,#2346,#2348,.T.);
#2346 = VERTEX_POINT('',#2347);
#2347 = CARTESIAN_POINT('',(-10.,-97.05,-10.75));
#2348 = LINE('',#2349,#2350);
#2349 = CARTESIAN_POINT('',(-10.,-97.05,-24.25));
#2350 = VECTOR('',#2351,1.);
#2351 = DIRECTION('',(0.,0.,1.));
#2352 = ORIENTED_EDGE('',*,*,#2353,.T.);
#2353 = EDGE_CURVE('',#2346,#2297,#2354,.T.);
#2354 = LINE('',#2355,#2356);
#2355 = CARTESIAN_POINT('',(-10.,-86.25,-10.75));
#2356 = VECTOR('',#2357,1.);
#2357 = DIRECTION('',(0.,-1.,0.));
#2358 = ORIENTED_EDGE('',*,*,#2296,.F.);
#2359 = PLANE('',#2360);
#2360 = AXIS2_PLACEMENT_3D('',#2361,#2362,#2363);
#2361 = CARTESIAN_POINT('',(-10.,-97.45,-18.07973887748));
#2362 = DIRECTION('',(1.,0.,0.));
#2363 = DIRECTION('',(0.,0.,1.));
#2364 = ADVANCED_FACE('',(#2365),#2384,.T.);
#2365 = FACE_BOUND('',#2366,.F.);
#2366 = EDGE_LOOP('',(#2367,#2368,#2369,#2378));
#2367 = ORIENTED_EDGE('',*,*,#279,.T.);
#2368 = ORIENTED_EDGE('',*,*,#2330,.T.);
#2369 = ORIENTED_EDGE('',*,*,#2370,.F.);
#2370 = EDGE_CURVE('',#2371,#2323,#2373,.T.);
#2371 = VERTEX_POINT('',#2372);
#2372 = CARTESIAN_POINT('',(-10.,-95.05,-10.75));
#2373 = CIRCLE('',#2374,0.4);
#2374 = AXIS2_PLACEMENT_3D('',#2375,#2376,#2377);
#2375 = CARTESIAN_POINT('',(-9.6,-95.05,-10.75));
#2376 = DIRECTION('',(-0.,-0.,-1.));
#2377 = DIRECTION('',(0.,-1.,0.));
#2378 = ORIENTED_EDGE('',*,*,#2379,.F.);
#2379 = EDGE_CURVE('',#280,#2371,#2380,.T.);
#2380 = LINE('',#2381,#2382);
#2381 = CARTESIAN_POINT('',(-10.,-95.05,-24.25));
#2382 = VECTOR('',#2383,1.);
#2383 = DIRECTION('',(0.,0.,1.));
#2384 = CYLINDRICAL_SURFACE('',#2385,0.4);
#2385 = AXIS2_PLACEMENT_3D('',#2386,#2387,#2388);
#2386 = CARTESIAN_POINT('',(-9.6,-95.05,-24.25));
#2387 = DIRECTION('',(0.,0.,1.));
#2388 = DIRECTION('',(-1.,0.,0.));
#2389 = ADVANCED_FACE('',(#2390),#2409,.T.);
#2390 = FACE_BOUND('',#2391,.F.);
#2391 = EDGE_LOOP('',(#2392,#2393,#2401,#2408));
#2392 = ORIENTED_EDGE('',*,*,#329,.T.);
#2393 = ORIENTED_EDGE('',*,*,#2394,.T.);
#2394 = EDGE_CURVE('',#322,#2395,#2397,.T.);
#2395 = VERTEX_POINT('',#2396);
#2396 = CARTESIAN_POINT('',(-9.6,-96.65,-10.75));
#2397 = LINE('',#2398,#2399);
#2398 = CARTESIAN_POINT('',(-9.6,-96.65,-24.25));
#2399 = VECTOR('',#2400,1.);
#2400 = DIRECTION('',(0.,0.,1.));
#2401 = ORIENTED_EDGE('',*,*,#2402,.F.);
#2402 = EDGE_CURVE('',#2346,#2395,#2403,.T.);
#2403 = CIRCLE('',#2404,0.4);
#2404 = AXIS2_PLACEMENT_3D('',#2405,#2406,#2407);
#2405 = CARTESIAN_POINT('',(-9.6,-97.05,-10.75));
#2406 = DIRECTION('',(-0.,-0.,-1.));
#2407 = DIRECTION('',(0.,-1.,0.));
#2408 = ORIENTED_EDGE('',*,*,#2345,.F.);
#2409 = CYLINDRICAL_SURFACE('',#2410,0.4);
#2410 = AXIS2_PLACEMENT_3D('',#2411,#2412,#2413);
#2411 = CARTESIAN_POINT('',(-9.6,-97.05,-24.25));
#2412 = DIRECTION('',(0.,0.,1.));
#2413 = DIRECTION('',(-1.,0.,0.));
#2414 = ADVANCED_FACE('',(#2415),#2433,.F.);
#2415 = FACE_BOUND('',#2416,.F.);
#2416 = EDGE_LOOP('',(#2417,#2418,#2419,#2427));
#2417 = ORIENTED_EDGE('',*,*,#288,.T.);
#2418 = ORIENTED_EDGE('',*,*,#2379,.T.);
#2419 = ORIENTED_EDGE('',*,*,#2420,.T.);
#2420 = EDGE_CURVE('',#2371,#2421,#2423,.T.);
#2421 = VERTEX_POINT('',#2422);
#2422 = CARTESIAN_POINT('',(-10.,-95.25,-10.75));
#2423 = LINE('',#2424,#2425);
#2424 = CARTESIAN_POINT('',(-10.,-86.25,-10.75));
#2425 = VECTOR('',#2426,1.);
#2426 = DIRECTION('',(0.,-1.,0.));
#2427 = ORIENTED_EDGE('',*,*,#2428,.F.);
#2428 = EDGE_CURVE('',#289,#2421,#2429,.T.);
#2429 = LINE('',#2430,#2431);
#2430 = CARTESIAN_POINT('',(-10.,-95.25,-24.25));
#2431 = VECTOR('',#2432,1.);
#2432 = DIRECTION('',(0.,0.,1.));
#2433 = PLANE('',#2434);
#2434 = AXIS2_PLACEMENT_3D('',#2435,#2436,#2437);
#2435 = CARTESIAN_POINT('',(-10.,-97.45,-18.07973887748));
#2436 = DIRECTION('',(1.,0.,0.));
#2437 = DIRECTION('',(0.,0.,1.));
#2438 = ADVANCED_FACE('',(#2439),#2457,.F.);
#2439 = FACE_BOUND('',#2440,.F.);
#2440 = EDGE_LOOP('',(#2441,#2442,#2450,#2456));
#2441 = ORIENTED_EDGE('',*,*,#321,.F.);
#2442 = ORIENTED_EDGE('',*,*,#2443,.T.);
#2443 = EDGE_CURVE('',#314,#2444,#2446,.T.);
#2444 = VERTEX_POINT('',#2445);
#2445 = CARTESIAN_POINT('',(-9.,-96.65,-10.75));
#2446 = LINE('',#2447,#2448);
#2447 = CARTESIAN_POINT('',(-9.,-96.65,-24.25));
#2448 = VECTOR('',#2449,1.);
#2449 = DIRECTION('',(0.,0.,1.));
#2450 = ORIENTED_EDGE('',*,*,#2451,.T.);
#2451 = EDGE_CURVE('',#2444,#2395,#2452,.T.);
#2452 = LINE('',#2453,#2454);
#2453 = CARTESIAN_POINT('',(-9.5,-96.65,-10.75));
#2454 = VECTOR('',#2455,1.);
#2455 = DIRECTION('',(-1.,-0.,-0.));
#2456 = ORIENTED_EDGE('',*,*,#2394,.F.);
#2457 = PLANE('',#2458);
#2458 = AXIS2_PLACEMENT_3D('',#2459,#2460,#2461);
#2459 = CARTESIAN_POINT('',(-9.,-96.65,-24.25));
#2460 = DIRECTION('',(0.,-1.,0.));
#2461 = DIRECTION('',(-1.,0.,0.));
#2462 = ADVANCED_FACE('',(#2463),#2482,.T.);
#2463 = FACE_BOUND('',#2464,.F.);
#2464 = EDGE_LOOP('',(#2465,#2466,#2467,#2476));
#2465 = ORIENTED_EDGE('',*,*,#296,.T.);
#2466 = ORIENTED_EDGE('',*,*,#2428,.T.);
#2467 = ORIENTED_EDGE('',*,*,#2468,.F.);
#2468 = EDGE_CURVE('',#2469,#2421,#2471,.T.);
#2469 = VERTEX_POINT('',#2470);
#2470 = CARTESIAN_POINT('',(-9.6,-95.65,-10.75));
#2471 = CIRCLE('',#2472,0.4);
#2472 = AXIS2_PLACEMENT_3D('',#2473,#2474,#2475);
#2473 = CARTESIAN_POINT('',(-9.6,-95.25,-10.75));
#2474 = DIRECTION('',(-0.,-0.,-1.));
#2475 = DIRECTION('',(0.,-1.,0.));
#2476 = ORIENTED_EDGE('',*,*,#2477,.F.);
#2477 = EDGE_CURVE('',#297,#2469,#2478,.T.);
#2478 = LINE('',#2479,#2480);
#2479 = CARTESIAN_POINT('',(-9.6,-95.65,-24.25));
#2480 = VECTOR('',#2481,1.);
#2481 = DIRECTION('',(0.,0.,1.));
#2482 = CYLINDRICAL_SURFACE('',#2483,0.4);
#2483 = AXIS2_PLACEMENT_3D('',#2484,#2485,#2486);
#2484 = CARTESIAN_POINT('',(-9.6,-95.25,-24.25));
#2485 = DIRECTION('',(0.,0.,1.));
#2486 = DIRECTION('',(0.,-1.,0.));
#2487 = ADVANCED_FACE('',(#2488),#2506,.F.);
#2488 = FACE_BOUND('',#2489,.F.);
#2489 = EDGE_LOOP('',(#2490,#2491,#2499,#2505));
#2490 = ORIENTED_EDGE('',*,*,#313,.F.);
#2491 = ORIENTED_EDGE('',*,*,#2492,.T.);
#2492 = EDGE_CURVE('',#306,#2493,#2495,.T.);
#2493 = VERTEX_POINT('',#2494);
#2494 = CARTESIAN_POINT('',(-9.,-95.65,-10.75));
#2495 = LINE('',#2496,#2497);
#2496 = CARTESIAN_POINT('',(-9.,-95.65,-24.25));
#2497 = VECTOR('',#2498,1.);
#2498 = DIRECTION('',(0.,0.,1.));
#2499 = ORIENTED_EDGE('',*,*,#2500,.T.);
#2500 = EDGE_CURVE('',#2493,#2444,#2501,.T.);
#2501 = LINE('',#2502,#2503);
#2502 = CARTESIAN_POINT('',(-9.,-90.95,-10.75));
#2503 = VECTOR('',#2504,1.);
#2504 = DIRECTION('',(0.,-1.,0.));
#2505 = ORIENTED_EDGE('',*,*,#2443,.F.);
#2506 = PLANE('',#2507);
#2507 = AXIS2_PLACEMENT_3D('',#2508,#2509,#2510);
#2508 = CARTESIAN_POINT('',(-9.,-95.65,-24.25));
#2509 = DIRECTION('',(1.,0.,0.));
#2510 = DIRECTION('',(0.,-1.,0.));
#2511 = ADVANCED_FACE('',(#2512),#2523,.F.);
#2512 = FACE_BOUND('',#2513,.F.);
#2513 = EDGE_LOOP('',(#2514,#2515,#2516,#2522));
#2514 = ORIENTED_EDGE('',*,*,#305,.F.);
#2515 = ORIENTED_EDGE('',*,*,#2477,.T.);
#2516 = ORIENTED_EDGE('',*,*,#2517,.T.);
#2517 = EDGE_CURVE('',#2469,#2493,#2518,.T.);
#2518 = LINE('',#2519,#2520);
#2519 = CARTESIAN_POINT('',(-10.,-95.65,-10.75));
#2520 = VECTOR('',#2521,1.);
#2521 = DIRECTION('',(1.,0.,0.));
#2522 = ORIENTED_EDGE('',*,*,#2492,.F.);
#2523 = PLANE('',#2524);
#2524 = AXIS2_PLACEMENT_3D('',#2525,#2526,#2527);
#2525 = CARTESIAN_POINT('',(-10.,-95.65,-24.25));
#2526 = DIRECTION('',(0.,1.,0.));
#2527 = DIRECTION('',(1.,0.,0.));
#2528 = ADVANCED_FACE('',(#2529),#2735,.F.);
#2529 = FACE_BOUND('',#2530,.F.);
#2530 = EDGE_LOOP('',(#2531,#2532,#2533,#2534,#2535,#2536,#2537,#2538,
    #2539,#2540,#2541,#2542,#2543,#2551,#2559,#2567,#2576,#2584,#2593,
    #2601,#2609,#2615,#2616,#2617,#2618,#2619,#2620,#2621,#2622,#2623,
    #2624,#2625,#2626,#2627,#2628,#2629,#2630,#2631,#2632,#2633,#2634,
    #2635,#2636,#2637,#2638,#2639,#2640,#2641,#2642,#2643,#2644,#2645,
    #2646,#2647,#2648,#2649,#2650,#2659,#2667,#2676,#2684,#2692,#2700,
    #2709,#2717,#2726,#2732,#2733,#2734));
#2531 = ORIENTED_EDGE('',*,*,#1137,.F.);
#2532 = ORIENTED_EDGE('',*,*,#1078,.T.);
#2533 = ORIENTED_EDGE('',*,*,#1019,.F.);
#2534 = ORIENTED_EDGE('',*,*,#971,.F.);
#2535 = ORIENTED_EDGE('',*,*,#930,.T.);
#2536 = ORIENTED_EDGE('',*,*,#860,.T.);
#2537 = ORIENTED_EDGE('',*,*,#707,.F.);
#2538 = ORIENTED_EDGE('',*,*,#660,.F.);
#2539 = ORIENTED_EDGE('',*,*,#611,.F.);
#2540 = ORIENTED_EDGE('',*,*,#642,.T.);
#2541 = ORIENTED_EDGE('',*,*,#691,.F.);
#2542 = ORIENTED_EDGE('',*,*,#834,.T.);
#2543 = ORIENTED_EDGE('',*,*,#2544,.F.);
#2544 = EDGE_CURVE('',#2545,#827,#2547,.T.);
#2545 = VERTEX_POINT('',#2546);
#2546 = CARTESIAN_POINT('',(-9.,-106.65,-10.75));
#2547 = LINE('',#2548,#2549);
#2548 = CARTESIAN_POINT('',(-9.5,-106.65,-10.75));
#2549 = VECTOR('',#2550,1.);
#2550 = DIRECTION('',(-1.,-0.,-0.));
#2551 = ORIENTED_EDGE('',*,*,#2552,.F.);
#2552 = EDGE_CURVE('',#2553,#2545,#2555,.T.);
#2553 = VERTEX_POINT('',#2554);
#2554 = CARTESIAN_POINT('',(-9.,-105.65,-10.75));
#2555 = LINE('',#2556,#2557);
#2556 = CARTESIAN_POINT('',(-9.,-95.95,-10.75));
#2557 = VECTOR('',#2558,1.);
#2558 = DIRECTION('',(0.,-1.,0.));
#2559 = ORIENTED_EDGE('',*,*,#2560,.F.);
#2560 = EDGE_CURVE('',#2561,#2553,#2563,.T.);
#2561 = VERTEX_POINT('',#2562);
#2562 = CARTESIAN_POINT('',(-9.6,-105.65,-10.75));
#2563 = LINE('',#2564,#2565);
#2564 = CARTESIAN_POINT('',(-10.,-105.65,-10.75));
#2565 = VECTOR('',#2566,1.);
#2566 = DIRECTION('',(1.,0.,0.));
#2567 = ORIENTED_EDGE('',*,*,#2568,.F.);
#2568 = EDGE_CURVE('',#2569,#2561,#2571,.T.);
#2569 = VERTEX_POINT('',#2570);
#2570 = CARTESIAN_POINT('',(-10.,-105.25,-10.75));
#2571 = CIRCLE('',#2572,0.4);
#2572 = AXIS2_PLACEMENT_3D('',#2573,#2574,#2575);
#2573 = CARTESIAN_POINT('',(-9.6,-105.25,-10.75));
#2574 = DIRECTION('',(-0.,0.,1.));
#2575 = DIRECTION('',(0.,-1.,0.));
#2576 = ORIENTED_EDGE('',*,*,#2577,.F.);
#2577 = EDGE_CURVE('',#2578,#2569,#2580,.T.);
#2578 = VERTEX_POINT('',#2579);
#2579 = CARTESIAN_POINT('',(-10.,-105.05,-10.75));
#2580 = LINE('',#2581,#2582);
#2581 = CARTESIAN_POINT('',(-10.,-86.25,-10.75));
#2582 = VECTOR('',#2583,1.);
#2583 = DIRECTION('',(0.,-1.,0.));
#2584 = ORIENTED_EDGE('',*,*,#2585,.F.);
#2585 = EDGE_CURVE('',#2586,#2578,#2588,.T.);
#2586 = VERTEX_POINT('',#2587);
#2587 = CARTESIAN_POINT('',(-9.6,-104.65,-10.75));
#2588 = CIRCLE('',#2589,0.4);
#2589 = AXIS2_PLACEMENT_3D('',#2590,#2591,#2592);
#2590 = CARTESIAN_POINT('',(-9.6,-105.05,-10.75));
#2591 = DIRECTION('',(-0.,0.,1.));
#2592 = DIRECTION('',(0.,-1.,0.));
#2593 = ORIENTED_EDGE('',*,*,#2594,.F.);
#2594 = EDGE_CURVE('',#2595,#2586,#2597,.T.);
#2595 = VERTEX_POINT('',#2596);
#2596 = CARTESIAN_POINT('',(-9.,-104.65,-10.75));
#2597 = LINE('',#2598,#2599);
#2598 = CARTESIAN_POINT('',(-9.5,-104.65,-10.75));
#2599 = VECTOR('',#2600,1.);
#2600 = DIRECTION('',(-1.,-0.,-0.));
#2601 = ORIENTED_EDGE('',*,*,#2602,.F.);
#2602 = EDGE_CURVE('',#2603,#2595,#2605,.T.);
#2603 = VERTEX_POINT('',#2604);
#2604 = CARTESIAN_POINT('',(-9.,-103.65,-10.75));
#2605 = LINE('',#2606,#2607);
#2606 = CARTESIAN_POINT('',(-9.,-94.95,-10.75));
#2607 = VECTOR('',#2608,1.);
#2608 = DIRECTION('',(0.,-1.,0.));
#2609 = ORIENTED_EDGE('',*,*,#2610,.F.);
#2610 = EDGE_CURVE('',#1391,#2603,#2611,.T.);
#2611 = LINE('',#2612,#2613);
#2612 = CARTESIAN_POINT('',(-10.,-103.65,-10.75));
#2613 = VECTOR('',#2614,1.);
#2614 = DIRECTION('',(1.,0.,0.));
#2615 = ORIENTED_EDGE('',*,*,#1390,.F.);
#2616 = ORIENTED_EDGE('',*,*,#1466,.T.);
#2617 = ORIENTED_EDGE('',*,*,#1516,.F.);
#2618 = ORIENTED_EDGE('',*,*,#1573,.F.);
#2619 = ORIENTED_EDGE('',*,*,#1621,.F.);
#2620 = ORIENTED_EDGE('',*,*,#1679,.T.);
#2621 = ORIENTED_EDGE('',*,*,#1728,.F.);
#2622 = ORIENTED_EDGE('',*,*,#1795,.T.);
#2623 = ORIENTED_EDGE('',*,*,#1845,.F.);
#2624 = ORIENTED_EDGE('',*,*,#1894,.F.);
#2625 = ORIENTED_EDGE('',*,*,#1964,.F.);
#2626 = ORIENTED_EDGE('',*,*,#2012,.T.);
#2627 = ORIENTED_EDGE('',*,*,#2061,.F.);
#2628 = ORIENTED_EDGE('',*,*,#2110,.T.);
#2629 = ORIENTED_EDGE('',*,*,#2159,.F.);
#2630 = ORIENTED_EDGE('',*,*,#2208,.F.);
#2631 = ORIENTED_EDGE('',*,*,#2256,.F.);
#2632 = ORIENTED_EDGE('',*,*,#2304,.T.);
#2633 = ORIENTED_EDGE('',*,*,#2353,.F.);
#2634 = ORIENTED_EDGE('',*,*,#2402,.T.);
#2635 = ORIENTED_EDGE('',*,*,#2451,.F.);
#2636 = ORIENTED_EDGE('',*,*,#2500,.F.);
#2637 = ORIENTED_EDGE('',*,*,#2517,.F.);
#2638 = ORIENTED_EDGE('',*,*,#2468,.T.);
#2639 = ORIENTED_EDGE('',*,*,#2420,.F.);
#2640 = ORIENTED_EDGE('',*,*,#2370,.T.);
#2641 = ORIENTED_EDGE('',*,*,#2322,.F.);
#2642 = ORIENTED_EDGE('',*,*,#2273,.F.);
#2643 = ORIENTED_EDGE('',*,*,#2225,.F.);
#2644 = ORIENTED_EDGE('',*,*,#2176,.T.);
#2645 = ORIENTED_EDGE('',*,*,#2128,.F.);
#2646 = ORIENTED_EDGE('',*,*,#2078,.T.);
#2647 = ORIENTED_EDGE('',*,*,#2030,.F.);
#2648 = ORIENTED_EDGE('',*,*,#1981,.F.);
#2649 = ORIENTED_EDGE('',*,*,#1933,.F.);
#2650 = ORIENTED_EDGE('',*,*,#2651,.T.);
#2651 = EDGE_CURVE('',#1926,#2652,#2654,.T.);
#2652 = VERTEX_POINT('',#2653);
#2653 = CARTESIAN_POINT('',(-10.,-91.25,-10.75));
#2654 = CIRCLE('',#2655,0.4);
#2655 = AXIS2_PLACEMENT_3D('',#2656,#2657,#2658);
#2656 = CARTESIAN_POINT('',(-9.6,-91.25,-10.75));
#2657 = DIRECTION('',(-0.,-0.,-1.));
#2658 = DIRECTION('',(0.,-1.,0.));
#2659 = ORIENTED_EDGE('',*,*,#2660,.F.);
#2660 = EDGE_CURVE('',#2661,#2652,#2663,.T.);
#2661 = VERTEX_POINT('',#2662);
#2662 = CARTESIAN_POINT('',(-10.,-91.05,-10.75));
#2663 = LINE('',#2664,#2665);
#2664 = CARTESIAN_POINT('',(-10.,-86.25,-10.75));
#2665 = VECTOR('',#2666,1.);
#2666 = DIRECTION('',(0.,-1.,0.));
#2667 = ORIENTED_EDGE('',*,*,#2668,.T.);
#2668 = EDGE_CURVE('',#2661,#2669,#2671,.T.);
#2669 = VERTEX_POINT('',#2670);
#2670 = CARTESIAN_POINT('',(-9.6,-90.65,-10.75));
#2671 = CIRCLE('',#2672,0.4);
#2672 = AXIS2_PLACEMENT_3D('',#2673,#2674,#2675);
#2673 = CARTESIAN_POINT('',(-9.6,-91.05,-10.75));
#2674 = DIRECTION('',(-0.,-0.,-1.));
#2675 = DIRECTION('',(0.,-1.,0.));
#2676 = ORIENTED_EDGE('',*,*,#2677,.F.);
#2677 = EDGE_CURVE('',#2678,#2669,#2680,.T.);
#2678 = VERTEX_POINT('',#2679);
#2679 = CARTESIAN_POINT('',(-9.,-90.65,-10.75));
#2680 = LINE('',#2681,#2682);
#2681 = CARTESIAN_POINT('',(-9.5,-90.65,-10.75));
#2682 = VECTOR('',#2683,1.);
#2683 = DIRECTION('',(-1.,-0.,-0.));
#2684 = ORIENTED_EDGE('',*,*,#2685,.F.);
#2685 = EDGE_CURVE('',#2686,#2678,#2688,.T.);
#2686 = VERTEX_POINT('',#2687);
#2687 = CARTESIAN_POINT('',(-9.,-89.65,-10.75));
#2688 = LINE('',#2689,#2690);
#2689 = CARTESIAN_POINT('',(-9.,-87.95,-10.75));
#2690 = VECTOR('',#2691,1.);
#2691 = DIRECTION('',(0.,-1.,0.));
#2692 = ORIENTED_EDGE('',*,*,#2693,.F.);
#2693 = EDGE_CURVE('',#2694,#2686,#2696,.T.);
#2694 = VERTEX_POINT('',#2695);
#2695 = CARTESIAN_POINT('',(-9.6,-89.65,-10.75));
#2696 = LINE('',#2697,#2698);
#2697 = CARTESIAN_POINT('',(-10.,-89.65,-10.75));
#2698 = VECTOR('',#2699,1.);
#2699 = DIRECTION('',(1.,0.,0.));
#2700 = ORIENTED_EDGE('',*,*,#2701,.F.);
#2701 = EDGE_CURVE('',#2702,#2694,#2704,.T.);
#2702 = VERTEX_POINT('',#2703);
#2703 = CARTESIAN_POINT('',(-10.,-89.25,-10.75));
#2704 = CIRCLE('',#2705,0.4);
#2705 = AXIS2_PLACEMENT_3D('',#2706,#2707,#2708);
#2706 = CARTESIAN_POINT('',(-9.6,-89.25,-10.75));
#2707 = DIRECTION('',(-0.,0.,1.));
#2708 = DIRECTION('',(0.,-1.,0.));
#2709 = ORIENTED_EDGE('',*,*,#2710,.F.);
#2710 = EDGE_CURVE('',#2711,#2702,#2713,.T.);
#2711 = VERTEX_POINT('',#2712);
#2712 = CARTESIAN_POINT('',(-10.,-89.05,-10.75));
#2713 = LINE('',#2714,#2715);
#2714 = CARTESIAN_POINT('',(-10.,-86.25,-10.75));
#2715 = VECTOR('',#2716,1.);
#2716 = DIRECTION('',(0.,-1.,0.));
#2717 = ORIENTED_EDGE('',*,*,#2718,.F.);
#2718 = EDGE_CURVE('',#2719,#2711,#2721,.T.);
#2719 = VERTEX_POINT('',#2720);
#2720 = CARTESIAN_POINT('',(-9.6,-88.65,-10.75));
#2721 = CIRCLE('',#2722,0.4);
#2722 = AXIS2_PLACEMENT_3D('',#2723,#2724,#2725);
#2723 = CARTESIAN_POINT('',(-9.6,-89.05,-10.75));
#2724 = DIRECTION('',(-0.,0.,1.));
#2725 = DIRECTION('',(0.,-1.,0.));
#2726 = ORIENTED_EDGE('',*,*,#2727,.F.);
#2727 = EDGE_CURVE('',#1295,#2719,#2728,.T.);
#2728 = LINE('',#2729,#2730);
#2729 = CARTESIAN_POINT('',(-9.5,-88.65,-10.75));
#2730 = VECTOR('',#2731,1.);
#2731 = DIRECTION('',(-1.,-0.,-0.));
#2732 = ORIENTED_EDGE('',*,*,#1294,.F.);
#2733 = ORIENTED_EDGE('',*,*,#1245,.F.);
#2734 = ORIENTED_EDGE('',*,*,#1196,.T.);
#2735 = PLANE('',#2736);
#2736 = AXIS2_PLACEMENT_3D('',#2737,#2738,#2739);
#2737 = CARTESIAN_POINT('',(-10.,-86.25,-10.75));
#2738 = DIRECTION('',(0.,0.,-1.));
#2739 = DIRECTION('',(0.,-1.,0.));
#2740 = ADVANCED_FACE('',(#2741),#2866,.F.);
#2741 = FACE_BOUND('',#2742,.T.);
#2742 = EDGE_LOOP('',(#2743,#2744,#2752,#2759,#2760,#2761,#2762,#2763,
    #2764,#2765,#2766,#2774,#2783,#2791,#2810,#2819,#2838,#2846,#2855,
    #2861,#2862,#2863,#2864,#2865));
#2743 = ORIENTED_EDGE('',*,*,#1110,.T.);
#2744 = ORIENTED_EDGE('',*,*,#2745,.F.);
#2745 = EDGE_CURVE('',#2746,#1111,#2748,.T.);
#2746 = VERTEX_POINT('',#2747);
#2747 = CARTESIAN_POINT('',(-5.65,-105.15,-22.45));
#2748 = LINE('',#2749,#2750);
#2749 = CARTESIAN_POINT('',(-5.65,-105.15,-22.45));
#2750 = VECTOR('',#2751,1.);
#2751 = DIRECTION('',(-1.,0.,7.E-17));
#2752 = ORIENTED_EDGE('',*,*,#2753,.T.);
#2753 = EDGE_CURVE('',#2746,#2746,#2754,.T.);
#2754 = CIRCLE('',#2755,1.7);
#2755 = AXIS2_PLACEMENT_3D('',#2756,#2757,#2758);
#2756 = CARTESIAN_POINT('',(-5.65,-105.15,-20.75));
#2757 = DIRECTION('',(1.,-0.,0.));
#2758 = DIRECTION('',(0.,0.,-1.));
#2759 = ORIENTED_EDGE('',*,*,#2745,.T.);
#2760 = ORIENTED_EDGE('',*,*,#1119,.T.);
#2761 = ORIENTED_EDGE('',*,*,#1050,.F.);
#2762 = ORIENTED_EDGE('',*,*,#1002,.F.);
#2763 = ORIENTED_EDGE('',*,*,#953,.T.);
#2764 = ORIENTED_EDGE('',*,*,#905,.T.);
#2765 = ORIENTED_EDGE('',*,*,#739,.T.);
#2766 = ORIENTED_EDGE('',*,*,#2767,.F.);
#2767 = EDGE_CURVE('',#2768,#740,#2770,.T.);
#2768 = VERTEX_POINT('',#2769);
#2769 = CARTESIAN_POINT('',(-9.,-106.65,-19.95));
#2770 = LINE('',#2771,#2772);
#2771 = CARTESIAN_POINT('',(-5.65,-106.65,-19.95));
#2772 = VECTOR('',#2773,1.);
#2773 = DIRECTION('',(-1.,-0.,-0.));
#2774 = ORIENTED_EDGE('',*,*,#2775,.T.);
#2775 = EDGE_CURVE('',#2768,#2776,#2778,.T.);
#2776 = VERTEX_POINT('',#2777);
#2777 = CARTESIAN_POINT('',(-9.,-105.65,-19.12519231907));
#2778 = CIRCLE('',#2779,1.7);
#2779 = AXIS2_PLACEMENT_3D('',#2780,#2781,#2782);
#2780 = CARTESIAN_POINT('',(-9.,-105.15,-20.75));
#2781 = DIRECTION('',(-1.,-0.,-0.));
#2782 = DIRECTION('',(0.,0.,-1.));
#2783 = ORIENTED_EDGE('',*,*,#2784,.T.);
#2784 = EDGE_CURVE('',#2776,#2785,#2787,.T.);
#2785 = VERTEX_POINT('',#2786);
#2786 = CARTESIAN_POINT('',(-9.6,-105.65,-19.12519231907));
#2787 = LINE('',#2788,#2789);
#2788 = CARTESIAN_POINT('',(-5.65,-105.65,-19.12519231907));
#2789 = VECTOR('',#2790,1.);
#2790 = DIRECTION('',(-1.,-0.,-0.));
#2791 = ORIENTED_EDGE('',*,*,#2792,.F.);
#2792 = EDGE_CURVE('',#2793,#2785,#2795,.T.);
#2793 = VERTEX_POINT('',#2794);
#2794 = CARTESIAN_POINT('',(-10.,-105.25,-19.05294372515));
#2795 = B_SPLINE_CURVE_WITH_KNOTS('',7,(#2796,#2797,#2798,#2799,#2800,
    #2801,#2802,#2803,#2804,#2805,#2806,#2807,#2808,#2809),
  .UNSPECIFIED.,.F.,.F.,(8,6,8),(0.,0.353986135191,1.),.UNSPECIFIED.);
#2796 = CARTESIAN_POINT('',(-10.,-105.25,-19.05294372515));
#2797 = CARTESIAN_POINT('',(-10.,-105.2825054534,-19.05485912736));
#2798 = CARTESIAN_POINT('',(-9.996918258283,-105.3150016653,
    -19.05750283682));
#2799 = CARTESIAN_POINT('',(-9.990757816558,-105.3470931637,
    -19.0608545288));
#2800 = CARTESIAN_POINT('',(-9.981597438019,-105.3784003965,
    -19.0648426959));
#2801 = CARTESIAN_POINT('',(-9.969576325504,-105.4085748854,
    -19.06935054568));
#2802 = CARTESIAN_POINT('',(-9.954880547244,-105.4373076238,
    -19.07422840861));
#2803 = CARTESIAN_POINT('',(-9.906434081866,-105.5136470379,
    -19.08859125331));
#2804 = CARTESIAN_POINT('',(-9.866964752537,-105.5572704074,
    -19.09855727875));
#2805 = CARTESIAN_POINT('',(-9.820629132291,-105.5936322868,
    -19.10822557353));
#2806 = CARTESIAN_POINT('',(-9.769040369006,-105.6216262625,
    -19.11646099587));
#2807 = CARTESIAN_POINT('',(-9.713889136073,-105.6405418731,
    -19.12228177249));
#2808 = CARTESIAN_POINT('',(-9.656945803658,-105.65,-19.12519231907));
#2809 = CARTESIAN_POINT('',(-9.6,-105.65,-19.12519231907));
#2810 = ORIENTED_EDGE('',*,*,#2811,.T.);
#2811 = EDGE_CURVE('',#2793,#2812,#2814,.T.);
#2812 = VERTEX_POINT('',#2813);
#2813 = CARTESIAN_POINT('',(-10.,-105.05,-19.05294372515));
#2814 = CIRCLE('',#2815,1.7);
#2815 = AXIS2_PLACEMENT_3D('',#2816,#2817,#2818);
#2816 = CARTESIAN_POINT('',(-10.,-105.15,-20.75));
#2817 = DIRECTION('',(-1.,-0.,-0.));
#2818 = DIRECTION('',(0.,0.,-1.));
#2819 = ORIENTED_EDGE('',*,*,#2820,.F.);
#2820 = EDGE_CURVE('',#2821,#2812,#2823,.T.);
#2821 = VERTEX_POINT('',#2822);
#2822 = CARTESIAN_POINT('',(-9.6,-104.65,-19.12519231907));
#2823 = B_SPLINE_CURVE_WITH_KNOTS('',7,(#2824,#2825,#2826,#2827,#2828,
    #2829,#2830,#2831,#2832,#2833,#2834,#2835,#2836,#2837),
  .UNSPECIFIED.,.F.,.F.,(8,6,8),(0.,0.646013864809,1.),.UNSPECIFIED.);
#2824 = CARTESIAN_POINT('',(-9.6,-104.65,-19.12519231907));
#2825 = CARTESIAN_POINT('',(-9.656945803658,-104.65,-19.12519231907));
#2826 = CARTESIAN_POINT('',(-9.713889136072,-104.6594581268,
    -19.12228177249));
#2827 = CARTESIAN_POINT('',(-9.769040369006,-104.6783737374,
    -19.11646099587));
#2828 = CARTESIAN_POINT('',(-9.82062913229,-104.7063677131,
    -19.10822557353));
#2829 = CARTESIAN_POINT('',(-9.866964752537,-104.7427295925,
    -19.09855727875));
#2830 = CARTESIAN_POINT('',(-9.906434081866,-104.786352962,
    -19.08859125331));
#2831 = CARTESIAN_POINT('',(-9.954880547244,-104.8626923761,
    -19.07422840861));
#2832 = CARTESIAN_POINT('',(-9.969576325504,-104.8914251145,
    -19.06935054568));
#2833 = CARTESIAN_POINT('',(-9.981597438019,-104.9215996034,
    -19.0648426959));
#2834 = CARTESIAN_POINT('',(-9.990757816558,-104.9529068362,
    -19.0608545288));
#2835 = CARTESIAN_POINT('',(-9.996918258283,-104.9849983346,
    -19.05750283682));
#2836 = CARTESIAN_POINT('',(-10.,-105.0174945465,-19.05485912736));
#2837 = CARTESIAN_POINT('',(-10.,-105.05,-19.05294372515));
#2838 = ORIENTED_EDGE('',*,*,#2839,.F.);
#2839 = EDGE_CURVE('',#2840,#2821,#2842,.T.);
#2840 = VERTEX_POINT('',#2841);
#2841 = CARTESIAN_POINT('',(-9.,-104.65,-19.12519231907));
#2842 = LINE('',#2843,#2844);
#2843 = CARTESIAN_POINT('',(-5.65,-104.65,-19.12519231907));
#2844 = VECTOR('',#2845,1.);
#2845 = DIRECTION('',(-1.,-0.,-0.));
#2846 = ORIENTED_EDGE('',*,*,#2847,.T.);
#2847 = EDGE_CURVE('',#2840,#2848,#2850,.T.);
#2848 = VERTEX_POINT('',#2849);
#2849 = CARTESIAN_POINT('',(-9.,-103.65,-19.95));
#2850 = CIRCLE('',#2851,1.7);
#2851 = AXIS2_PLACEMENT_3D('',#2852,#2853,#2854);
#2852 = CARTESIAN_POINT('',(-9.,-105.15,-20.75));
#2853 = DIRECTION('',(-1.,-0.,-0.));
#2854 = DIRECTION('',(0.,0.,-1.));
#2855 = ORIENTED_EDGE('',*,*,#2856,.T.);
#2856 = EDGE_CURVE('',#2848,#1399,#2857,.T.);
#2857 = LINE('',#2858,#2859);
#2858 = CARTESIAN_POINT('',(-5.65,-103.65,-19.95));
#2859 = VECTOR('',#2860,1.);
#2860 = DIRECTION('',(-1.,-0.,-0.));
#2861 = ORIENTED_EDGE('',*,*,#1406,.T.);
#2862 = ORIENTED_EDGE('',*,*,#1342,.F.);
#2863 = ORIENTED_EDGE('',*,*,#1276,.T.);
#2864 = ORIENTED_EDGE('',*,*,#1228,.T.);
#2865 = ORIENTED_EDGE('',*,*,#1168,.F.);
#2866 = CYLINDRICAL_SURFACE('',#2867,1.7);
#2867 = AXIS2_PLACEMENT_3D('',#2868,#2869,#2870);
#2868 = CARTESIAN_POINT('',(-5.65,-105.15,-20.75));
#2869 = DIRECTION('',(-1.,-0.,-0.));
#2870 = DIRECTION('',(0.,0.,-1.));
#2871 = ADVANCED_FACE('',(#2872),#2883,.F.);
#2872 = FACE_BOUND('',#2873,.F.);
#2873 = EDGE_LOOP('',(#2874,#2875,#2881,#2882));
#2874 = ORIENTED_EDGE('',*,*,#2767,.F.);
#2875 = ORIENTED_EDGE('',*,*,#2876,.T.);
#2876 = EDGE_CURVE('',#2768,#2545,#2877,.T.);
#2877 = LINE('',#2878,#2879);
#2878 = CARTESIAN_POINT('',(-9.,-106.65,-24.25));
#2879 = VECTOR('',#2880,1.);
#2880 = DIRECTION('',(0.,0.,1.));
#2881 = ORIENTED_EDGE('',*,*,#2544,.T.);
#2882 = ORIENTED_EDGE('',*,*,#826,.F.);
#2883 = PLANE('',#2884);
#2884 = AXIS2_PLACEMENT_3D('',#2885,#2886,#2887);
#2885 = CARTESIAN_POINT('',(-9.,-106.65,-24.25));
#2886 = DIRECTION('',(0.,-1.,0.));
#2887 = DIRECTION('',(-1.,0.,0.));
#2888 = ADVANCED_FACE('',(#2889),#2908,.F.);
#2889 = FACE_BOUND('',#2890,.T.);
#2890 = EDGE_LOOP('',(#2891,#2899,#2900,#2901));
#2891 = ORIENTED_EDGE('',*,*,#2892,.F.);
#2892 = EDGE_CURVE('',#869,#2893,#2895,.T.);
#2893 = VERTEX_POINT('',#2894);
#2894 = CARTESIAN_POINT('',(-5.65,-89.75,-22.45));
#2895 = LINE('',#2896,#2897);
#2896 = CARTESIAN_POINT('',(-4.,-89.75,-24.1));
#2897 = VECTOR('',#2898,1.);
#2898 = DIRECTION('',(-0.707106781187,0.,0.707106781187));
#2899 = ORIENTED_EDGE('',*,*,#868,.T.);
#2900 = ORIENTED_EDGE('',*,*,#2892,.T.);
#2901 = ORIENTED_EDGE('',*,*,#2902,.F.);
#2902 = EDGE_CURVE('',#2893,#2893,#2903,.T.);
#2903 = CIRCLE('',#2904,1.7);
#2904 = AXIS2_PLACEMENT_3D('',#2905,#2906,#2907);
#2905 = CARTESIAN_POINT('',(-5.65,-89.75,-20.75));
#2906 = DIRECTION('',(1.,-0.,0.));
#2907 = DIRECTION('',(0.,0.,-1.));
#2908 = CONICAL_SURFACE('',#2909,3.35,0.785398163397);
#2909 = AXIS2_PLACEMENT_3D('',#2910,#2911,#2912);
#2910 = CARTESIAN_POINT('',(-4.,-89.75,-20.75));
#2911 = DIRECTION('',(1.,0.,0.));
#2912 = DIRECTION('',(0.,0.,-1.));
#2913 = ADVANCED_FACE('',(#2914),#2925,.F.);
#2914 = FACE_BOUND('',#2915,.T.);
#2915 = EDGE_LOOP('',(#2916,#2922,#2923,#2924));
#2916 = ORIENTED_EDGE('',*,*,#2917,.F.);
#2917 = EDGE_CURVE('',#880,#2746,#2918,.T.);
#2918 = LINE('',#2919,#2920);
#2919 = CARTESIAN_POINT('',(-4.,-105.15,-24.1));
#2920 = VECTOR('',#2921,1.);
#2921 = DIRECTION('',(-0.707106781187,0.,0.707106781187));
#2922 = ORIENTED_EDGE('',*,*,#879,.T.);
#2923 = ORIENTED_EDGE('',*,*,#2917,.T.);
#2924 = ORIENTED_EDGE('',*,*,#2753,.F.);
#2925 = CONICAL_SURFACE('',#2926,3.35,0.785398163397);
#2926 = AXIS2_PLACEMENT_3D('',#2927,#2928,#2929);
#2927 = CARTESIAN_POINT('',(-4.,-105.15,-20.75));
#2928 = DIRECTION('',(1.,0.,0.));
#2929 = DIRECTION('',(0.,0.,-1.));
#2930 = ADVANCED_FACE('',(#2931),#3075,.F.);
#2931 = FACE_BOUND('',#2932,.T.);
#2932 = EDGE_LOOP('',(#2933,#2934,#2935,#2941,#2942,#2943,#2944,#2945,
    #2946,#2947,#2961,#2970,#2997,#3005,#3014,#3022,#3036,#3045,#3064,
    #3070,#3071,#3072,#3073,#3074));
#2933 = ORIENTED_EDGE('',*,*,#1590,.F.);
#2934 = ORIENTED_EDGE('',*,*,#1638,.T.);
#2935 = ORIENTED_EDGE('',*,*,#2936,.F.);
#2936 = EDGE_CURVE('',#2893,#1639,#2937,.T.);
#2937 = LINE('',#2938,#2939);
#2938 = CARTESIAN_POINT('',(-5.65,-89.75,-22.45));
#2939 = VECTOR('',#2940,1.);
#2940 = DIRECTION('',(-1.,0.,7.E-17));
#2941 = ORIENTED_EDGE('',*,*,#2902,.T.);
#2942 = ORIENTED_EDGE('',*,*,#2936,.T.);
#2943 = ORIENTED_EDGE('',*,*,#1647,.T.);
#2944 = ORIENTED_EDGE('',*,*,#1697,.T.);
#2945 = ORIENTED_EDGE('',*,*,#1745,.F.);
#2946 = ORIENTED_EDGE('',*,*,#1811,.T.);
#2947 = ORIENTED_EDGE('',*,*,#2948,.T.);
#2948 = EDGE_CURVE('',#1812,#2949,#2951,.T.);
#2949 = VERTEX_POINT('',#2950);
#2950 = CARTESIAN_POINT('',(-10.,-91.25,-19.95));
#2951 = ( BOUNDED_CURVE() B_SPLINE_CURVE(8,(#2952,#2953,#2954,#2955,
    #2956,#2957,#2958,#2959,#2960),.UNSPECIFIED.,.F.,.F.) 
B_SPLINE_CURVE_WITH_KNOTS((9,9),(2.7,4.3),.PIECEWISE_BEZIER_KNOTS.) 
CURVE() GEOMETRIC_REPRESENTATION_ITEM() RATIONAL_B_SPLINE_CURVE((1.,1.,
1.,1.,1.,1.,1.,1.,1.)) REPRESENTATION_ITEM('') );
#2952 = CARTESIAN_POINT('',(-10.,-91.25,-21.55));
#2953 = CARTESIAN_POINT('',(-10.,-91.35666666666,-21.35));
#2954 = CARTESIAN_POINT('',(-10.,-91.42419807913,-21.15));
#2955 = CARTESIAN_POINT('',(-10.,-91.46362702907,-20.95));
#2956 = CARTESIAN_POINT('',(-10.,-91.47588542444,-20.75));
#2957 = CARTESIAN_POINT('',(-10.,-91.46362702907,-20.55));
#2958 = CARTESIAN_POINT('',(-10.,-91.42419807913,-20.35));
#2959 = CARTESIAN_POINT('',(-10.,-91.35666666666,-20.15));
#2960 = CARTESIAN_POINT('',(-10.,-91.25,-19.95));
#2961 = ORIENTED_EDGE('',*,*,#2962,.T.);
#2962 = EDGE_CURVE('',#2949,#2963,#2965,.T.);
#2963 = VERTEX_POINT('',#2964);
#2964 = CARTESIAN_POINT('',(-10.,-91.05,-19.65455488499));
#2965 = CIRCLE('',#2966,1.7);
#2966 = AXIS2_PLACEMENT_3D('',#2967,#2968,#2969);
#2967 = CARTESIAN_POINT('',(-10.,-89.75,-20.75));
#2968 = DIRECTION('',(-1.,-0.,-0.));
#2969 = DIRECTION('',(0.,0.,-1.));
#2970 = ORIENTED_EDGE('',*,*,#2971,.T.);
#2971 = EDGE_CURVE('',#2963,#2972,#2974,.T.);
#2972 = VERTEX_POINT('',#2973);
#2973 = CARTESIAN_POINT('',(-9.6,-90.65,-19.30777948981));
#2974 = B_SPLINE_CURVE_WITH_KNOTS('',6,(#2975,#2976,#2977,#2978,#2979,
    #2980,#2981,#2982,#2983,#2984,#2985,#2986,#2987,#2988,#2989,#2990,
    #2991,#2992,#2993,#2994,#2995,#2996),.UNSPECIFIED.,.F.,.F.,(7,5,5,5,
    7),(0.,0.143407089959,0.444537665265,0.710723326832,1.),
  .UNSPECIFIED.);
#2975 = CARTESIAN_POINT('',(-10.,-91.05,-19.65455488499));
#2976 = CARTESIAN_POINT('',(-10.,-91.03643100728,-19.6384521243));
#2977 = CARTESIAN_POINT('',(-9.999447847632,-91.02273785644,
    -19.62268769175));
#2978 = CARTESIAN_POINT('',(-9.998323999618,-91.00894918997,
    -19.60728032729));
#2979 = CARTESIAN_POINT('',(-9.996611627244,-90.99509705237,
    -19.59224829332));
#2980 = CARTESIAN_POINT('',(-9.994296616356,-90.9812168901,
    -19.57760937475));
#2981 = CARTESIAN_POINT('',(-9.985217061077,-90.93822429238,
    -19.53350345007));
#2982 = CARTESIAN_POINT('',(-9.976358790172,-90.90914302725,
    -19.50542955863));
#2983 = CARTESIAN_POINT('',(-9.964693411822,-90.88047261965,
    -19.47932862502));
#2984 = CARTESIAN_POINT('',(-9.950196817962,-90.85262696538,
    -19.45533037049));
#2985 = CARTESIAN_POINT('',(-9.932950447012,-90.82604327151,
    -19.43351390333));
#2986 = CARTESIAN_POINT('',(-9.895650856124,-90.77910923864,
    -19.39658976164));
#2987 = CARTESIAN_POINT('',(-9.876152316905,-90.7583892222,
    -19.38099414289));
#2988 = CARTESIAN_POINT('',(-9.854788754165,-90.73925223641,
    -19.36715093451));
#2989 = CARTESIAN_POINT('',(-9.831749625521,-90.72194633506,
    -19.35504627512));
#2990 = CARTESIAN_POINT('',(-9.807266166411,-90.70667689155,
    -19.34464717147));
#2991 = CARTESIAN_POINT('',(-9.753699421121,-90.67938327158,
    -19.32643449785));
#2992 = CARTESIAN_POINT('',(-9.724399932612,-90.66775500076,
    -19.31892329558));
#2993 = CARTESIAN_POINT('',(-9.694022961205,-90.65890818268,
    -19.31333787649));
#2994 = CARTESIAN_POINT('',(-9.66292188509,-90.65296939208,-19.309632876
    ));
#2995 = CARTESIAN_POINT('',(-9.631461285767,-90.65,-19.30777948981));
#2996 = CARTESIAN_POINT('',(-9.6,-90.65,-19.30777948981));
#2997 = ORIENTED_EDGE('',*,*,#2998,.F.);
#2998 = EDGE_CURVE('',#2999,#2972,#3001,.T.);
#2999 = VERTEX_POINT('',#3000);
#3000 = CARTESIAN_POINT('',(-9.,-90.65,-19.30777948981));
#3001 = LINE('',#3002,#3003);
#3002 = CARTESIAN_POINT('',(-5.65,-90.65,-19.30777948981));
#3003 = VECTOR('',#3004,1.);
#3004 = DIRECTION('',(-1.,-0.,-0.));
#3005 = ORIENTED_EDGE('',*,*,#3006,.T.);
#3006 = EDGE_CURVE('',#2999,#3007,#3009,.T.);
#3007 = VERTEX_POINT('',#3008);
#3008 = CARTESIAN_POINT('',(-9.,-89.65,-19.05294372515));
#3009 = CIRCLE('',#3010,1.7);
#3010 = AXIS2_PLACEMENT_3D('',#3011,#3012,#3013);
#3011 = CARTESIAN_POINT('',(-9.,-89.75,-20.75));
#3012 = DIRECTION('',(-1.,-0.,-0.));
#3013 = DIRECTION('',(0.,0.,-1.));
#3014 = ORIENTED_EDGE('',*,*,#3015,.T.);
#3015 = EDGE_CURVE('',#3007,#3016,#3018,.T.);
#3016 = VERTEX_POINT('',#3017);
#3017 = CARTESIAN_POINT('',(-9.6,-89.65,-19.05294372515));
#3018 = LINE('',#3019,#3020);
#3019 = CARTESIAN_POINT('',(-5.65,-89.65,-19.05294372515));
#3020 = VECTOR('',#3021,1.);
#3021 = DIRECTION('',(-1.,-0.,-0.));
#3022 = ORIENTED_EDGE('',*,*,#3023,.F.);
#3023 = EDGE_CURVE('',#3024,#3016,#3026,.T.);
#3024 = VERTEX_POINT('',#3025);
#3025 = CARTESIAN_POINT('',(-10.,-89.25,-19.12519231907));
#3026 = B_SPLINE_CURVE_WITH_KNOTS('',8,(#3027,#3028,#3029,#3030,#3031,
    #3032,#3033,#3034,#3035),.UNSPECIFIED.,.F.,.F.,(9,9),(0.,1.),
  .PIECEWISE_BEZIER_KNOTS.);
#3027 = CARTESIAN_POINT('',(-10.,-89.25,-19.12519231907));
#3028 = CARTESIAN_POINT('',(-10.,-89.32941805754,-19.10075310128));
#3029 = CARTESIAN_POINT('',(-9.981979818012,-89.40933287953,
    -19.0810166752));
#3030 = CARTESIAN_POINT('',(-9.94554106292,-89.48410729125,
    -19.06753880059));
#3031 = CARTESIAN_POINT('',(-9.892918612782,-89.54850673495,
    -19.05988006236));
#3032 = CARTESIAN_POINT('',(-9.827793729609,-89.59890914169,
    -19.05595192375));
#3033 = CARTESIAN_POINT('',(-9.754355248088,-89.63305530259,
    -19.05394273345));
#3034 = CARTESIAN_POINT('',(-9.677010356652,-89.65,-19.05294372515));
#3035 = CARTESIAN_POINT('',(-9.6,-89.65,-19.05294372515));
#3036 = ORIENTED_EDGE('',*,*,#3037,.T.);
#3037 = EDGE_CURVE('',#3024,#3038,#3040,.T.);
#3038 = VERTEX_POINT('',#3039);
#3039 = CARTESIAN_POINT('',(-10.,-89.05,-19.20080666151));
#3040 = CIRCLE('',#3041,1.7);
#3041 = AXIS2_PLACEMENT_3D('',#3042,#3043,#3044);
#3042 = CARTESIAN_POINT('',(-10.,-89.75,-20.75));
#3043 = DIRECTION('',(-1.,-0.,-0.));
#3044 = DIRECTION('',(0.,0.,-1.));
#3045 = ORIENTED_EDGE('',*,*,#3046,.F.);
#3046 = EDGE_CURVE('',#3047,#3038,#3049,.T.);
#3047 = VERTEX_POINT('',#3048);
#3048 = CARTESIAN_POINT('',(-9.6,-88.65,-19.45385186031));
#3049 = B_SPLINE_CURVE_WITH_KNOTS('',7,(#3050,#3051,#3052,#3053,#3054,
    #3055,#3056,#3057,#3058,#3059,#3060,#3061,#3062,#3063),
  .UNSPECIFIED.,.F.,.F.,(8,6,8),(0.,0.581157354243,1.),.UNSPECIFIED.);
#3050 = CARTESIAN_POINT('',(-9.6,-88.65,-19.45385186031));
#3051 = CARTESIAN_POINT('',(-9.652551050758,-88.65,-19.45385186031));
#3052 = CARTESIAN_POINT('',(-9.705080656357,-88.65805459777,
    -19.44701730932));
#3053 = CARTESIAN_POINT('',(-9.755852694472,-88.67415270009,
    -19.4333493968));
#3054 = CARTESIAN_POINT('',(-9.803384305249,-88.69770551106,
    -19.41391900984));
#3055 = CARTESIAN_POINT('',(-9.846537047335,-88.7279371893,
    -19.39040008877));
#3056 = CARTESIAN_POINT('',(-9.884359936901,-88.76396711867,
    -19.36430275364));
#3057 = CARTESIAN_POINT('',(-9.93890982398,-88.83429240934,
    -19.31726296956));
#3058 = CARTESIAN_POINT('',(-9.958591680767,-88.86627918255,
    -19.29690431851));
#3059 = CARTESIAN_POINT('',(-9.97480819474,-88.90044881157,
    -19.27638207409));
#3060 = CARTESIAN_POINT('',(-9.987273996154,-88.93640778551,
    -19.25615216399));
#3061 = CARTESIAN_POINT('',(-9.995734361081,-88.97369128245,
    -19.23661276745));
#3062 = CARTESIAN_POINT('',(-10.,-89.01175709959,-19.21808664176));
#3063 = CARTESIAN_POINT('',(-10.,-89.05,-19.20080666151));
#3064 = ORIENTED_EDGE('',*,*,#3065,.F.);
#3065 = EDGE_CURVE('',#1303,#3047,#3066,.T.);
#3066 = LINE('',#3067,#3068);
#3067 = CARTESIAN_POINT('',(-5.65,-88.65,-19.45385186031));
#3068 = VECTOR('',#3069,1.);
#3069 = DIRECTION('',(-1.,-0.,-0.));
#3070 = ORIENTED_EDGE('',*,*,#1310,.T.);
#3071 = ORIENTED_EDGE('',*,*,#1359,.T.);
#3072 = ORIENTED_EDGE('',*,*,#1424,.F.);
#3073 = ORIENTED_EDGE('',*,*,#1484,.T.);
#3074 = ORIENTED_EDGE('',*,*,#1533,.F.);
#3075 = CYLINDRICAL_SURFACE('',#3076,1.7);
#3076 = AXIS2_PLACEMENT_3D('',#3077,#3078,#3079);
#3077 = CARTESIAN_POINT('',(-5.65,-89.75,-20.75));
#3078 = DIRECTION('',(-1.,-0.,-0.));
#3079 = DIRECTION('',(0.,0.,-1.));
#3080 = ADVANCED_FACE('',(#3081),#3092,.F.);
#3081 = FACE_BOUND('',#3082,.F.);
#3082 = EDGE_LOOP('',(#3083,#3084,#3085,#3086));
#3083 = ORIENTED_EDGE('',*,*,#3065,.F.);
#3084 = ORIENTED_EDGE('',*,*,#1302,.T.);
#3085 = ORIENTED_EDGE('',*,*,#2727,.T.);
#3086 = ORIENTED_EDGE('',*,*,#3087,.F.);
#3087 = EDGE_CURVE('',#3047,#2719,#3088,.T.);
#3088 = LINE('',#3089,#3090);
#3089 = CARTESIAN_POINT('',(-9.6,-88.65,-19.45385186031));
#3090 = VECTOR('',#3091,1.);
#3091 = DIRECTION('',(0.,0.,1.));
#3092 = PLANE('',#3093);
#3093 = AXIS2_PLACEMENT_3D('',#3094,#3095,#3096);
#3094 = CARTESIAN_POINT('',(-9.,-88.65,-24.25));
#3095 = DIRECTION('',(0.,-1.,0.));
#3096 = DIRECTION('',(-1.,0.,0.));
#3097 = ADVANCED_FACE('',(#3098),#3109,.F.);
#3098 = FACE_BOUND('',#3099,.F.);
#3099 = EDGE_LOOP('',(#3100,#3101,#3102,#3103));
#3100 = ORIENTED_EDGE('',*,*,#2856,.T.);
#3101 = ORIENTED_EDGE('',*,*,#1398,.T.);
#3102 = ORIENTED_EDGE('',*,*,#2610,.T.);
#3103 = ORIENTED_EDGE('',*,*,#3104,.F.);
#3104 = EDGE_CURVE('',#2848,#2603,#3105,.T.);
#3105 = LINE('',#3106,#3107);
#3106 = CARTESIAN_POINT('',(-9.,-103.65,-24.25));
#3107 = VECTOR('',#3108,1.);
#3108 = DIRECTION('',(0.,0.,1.));
#3109 = PLANE('',#3110);
#3110 = AXIS2_PLACEMENT_3D('',#3111,#3112,#3113);
#3111 = CARTESIAN_POINT('',(-10.,-103.65,-24.25));
#3112 = DIRECTION('',(0.,1.,0.));
#3113 = DIRECTION('',(1.,0.,0.));
#3114 = ADVANCED_FACE('',(#3115),#3126,.F.);
#3115 = FACE_BOUND('',#3116,.F.);
#3116 = EDGE_LOOP('',(#3117,#3118,#3119,#3125));
#3117 = ORIENTED_EDGE('',*,*,#1862,.T.);
#3118 = ORIENTED_EDGE('',*,*,#2948,.T.);
#3119 = ORIENTED_EDGE('',*,*,#3120,.F.);
#3120 = EDGE_CURVE('',#1912,#2949,#3121,.T.);
#3121 = ( BOUNDED_CURVE() B_SPLINE_CURVE(2,(#3122,#3123,#3124),
.UNSPECIFIED.,.F.,.F.) B_SPLINE_CURVE_WITH_KNOTS((3,3),(0.,1.6),
.PIECEWISE_BEZIER_KNOTS.) CURVE() GEOMETRIC_REPRESENTATION_ITEM() 
RATIONAL_B_SPLINE_CURVE((1.,0.707106781187,1.)) REPRESENTATION_ITEM('') 
  );
#3122 = CARTESIAN_POINT('',(-9.6,-91.65,-19.95));
#3123 = CARTESIAN_POINT('',(-10.,-91.65,-19.95));
#3124 = CARTESIAN_POINT('',(-10.,-91.25,-19.95));
#3125 = ORIENTED_EDGE('',*,*,#1911,.F.);
#3126 = ( BOUNDED_SURFACE() B_SPLINE_SURFACE(2,8,(
    (#3127,#3128,#3129,#3130,#3131,#3132,#3133,#3134,#3135)
    ,(#3136,#3137,#3138,#3139,#3140,#3141,#3142,#3143,#3144)
    ,(#3145,#3146,#3147,#3148,#3149,#3150,#3151,#3152,#3153
)),.UNSPECIFIED.,.F.,.F.,.F.) B_SPLINE_SURFACE_WITH_KNOTS((3,3),(9,9),(
    0.,1.6),(2.7,4.3),.PIECEWISE_BEZIER_KNOTS.) 
GEOMETRIC_REPRESENTATION_ITEM() RATIONAL_B_SPLINE_SURFACE((
    (1.,1.,1.,1.,1.,1.,1.,1.,1.)
    ,(0.707106781187,0.801387685345,0.846867268117,0.877692783119
      ,0.881991711592,0.877692783119,0.846867268117,0.801387685345
      ,0.707106781187)
,(1.,1.,1.,1.,1.,1.,1.,1.,1.))) REPRESENTATION_ITEM('') SURFACE() );
#3127 = CARTESIAN_POINT('',(-9.6,-91.65,-21.55));
#3128 = CARTESIAN_POINT('',(-9.6,-91.65,-21.35));
#3129 = CARTESIAN_POINT('',(-9.632545685242,-91.65,-21.15));
#3130 = CARTESIAN_POINT('',(-9.655816000785,-91.65,-20.95));
#3131 = CARTESIAN_POINT('',(-9.680635219542,-91.65,-20.75));
#3132 = CARTESIAN_POINT('',(-9.655816000785,-91.65,-20.55));
#3133 = CARTESIAN_POINT('',(-9.632545685242,-91.65,-20.35));
#3134 = CARTESIAN_POINT('',(-9.6,-91.65,-20.15));
#3135 = CARTESIAN_POINT('',(-9.6,-91.65,-19.95));
#3136 = CARTESIAN_POINT('',(-10.,-91.65,-21.55));
#3137 = CARTESIAN_POINT('',(-9.905882352941,-91.65,-21.37352941176));
#3138 = CARTESIAN_POINT('',(-9.881812030033,-91.65,-21.16566105571));
#3139 = CARTESIAN_POINT('',(-9.879122601069,-91.65,-20.96116645799));
#3140 = CARTESIAN_POINT('',(-9.888137826663,-91.65,-20.75));
#3141 = CARTESIAN_POINT('',(-9.879122601069,-91.65,-20.538833542));
#3142 = CARTESIAN_POINT('',(-9.881812030033,-91.65,-20.33433894429));
#3143 = CARTESIAN_POINT('',(-9.905882352941,-91.65,-20.12647058823));
#3144 = CARTESIAN_POINT('',(-10.,-91.65,-19.95));
#3145 = CARTESIAN_POINT('',(-10.,-91.25,-21.55));
#3146 = CARTESIAN_POINT('',(-10.,-91.35666666666,-21.35));
#3147 = CARTESIAN_POINT('',(-10.,-91.42419807913,-21.15));
#3148 = CARTESIAN_POINT('',(-10.,-91.46362702907,-20.95));
#3149 = CARTESIAN_POINT('',(-10.,-91.47588542444,-20.75));
#3150 = CARTESIAN_POINT('',(-10.,-91.46362702907,-20.55));
#3151 = CARTESIAN_POINT('',(-10.,-91.42419807913,-20.35));
#3152 = CARTESIAN_POINT('',(-10.,-91.35666666666,-20.15));
#3153 = CARTESIAN_POINT('',(-10.,-91.25,-19.95));
#3154 = ADVANCED_FACE('',(#3155),#3166,.T.);
#3155 = FACE_BOUND('',#3156,.F.);
#3156 = EDGE_LOOP('',(#3157,#3158,#3164,#3165));
#3157 = ORIENTED_EDGE('',*,*,#3120,.T.);
#3158 = ORIENTED_EDGE('',*,*,#3159,.T.);
#3159 = EDGE_CURVE('',#2949,#2652,#3160,.T.);
#3160 = LINE('',#3161,#3162);
#3161 = CARTESIAN_POINT('',(-10.,-91.25,-24.25));
#3162 = VECTOR('',#3163,1.);
#3163 = DIRECTION('',(0.,0.,1.));
#3164 = ORIENTED_EDGE('',*,*,#2651,.F.);
#3165 = ORIENTED_EDGE('',*,*,#1925,.F.);
#3166 = CYLINDRICAL_SURFACE('',#3167,0.4);
#3167 = AXIS2_PLACEMENT_3D('',#3168,#3169,#3170);
#3168 = CARTESIAN_POINT('',(-9.6,-91.25,-24.25));
#3169 = DIRECTION('',(0.,0.,1.));
#3170 = DIRECTION('',(0.,-1.,0.));
#3171 = ADVANCED_FACE('',(#3172),#3183,.T.);
#3172 = FACE_BOUND('',#3173,.T.);
#3173 = EDGE_LOOP('',(#3174,#3175,#3181,#3182));
#3174 = ORIENTED_EDGE('',*,*,#3046,.T.);
#3175 = ORIENTED_EDGE('',*,*,#3176,.T.);
#3176 = EDGE_CURVE('',#3038,#2711,#3177,.T.);
#3177 = LINE('',#3178,#3179);
#3178 = CARTESIAN_POINT('',(-10.,-89.05,-19.45385186031));
#3179 = VECTOR('',#3180,1.);
#3180 = DIRECTION('',(0.,0.,1.));
#3181 = ORIENTED_EDGE('',*,*,#2718,.F.);
#3182 = ORIENTED_EDGE('',*,*,#3087,.F.);
#3183 = CYLINDRICAL_SURFACE('',#3184,0.4);
#3184 = AXIS2_PLACEMENT_3D('',#3185,#3186,#3187);
#3185 = CARTESIAN_POINT('',(-9.6,-89.05,-19.45385186031));
#3186 = DIRECTION('',(0.,0.,1.));
#3187 = DIRECTION('',(0.,1.,0.));
#3188 = ADVANCED_FACE('',(#3189),#3200,.F.);
#3189 = FACE_BOUND('',#3190,.F.);
#3190 = EDGE_LOOP('',(#3191,#3192,#3193,#3194));
#3191 = ORIENTED_EDGE('',*,*,#3037,.T.);
#3192 = ORIENTED_EDGE('',*,*,#3176,.T.);
#3193 = ORIENTED_EDGE('',*,*,#2710,.T.);
#3194 = ORIENTED_EDGE('',*,*,#3195,.F.);
#3195 = EDGE_CURVE('',#3024,#2702,#3196,.T.);
#3196 = LINE('',#3197,#3198);
#3197 = CARTESIAN_POINT('',(-10.,-89.25,-19.05294372515));
#3198 = VECTOR('',#3199,1.);
#3199 = DIRECTION('',(0.,0.,1.));
#3200 = PLANE('',#3201);
#3201 = AXIS2_PLACEMENT_3D('',#3202,#3203,#3204);
#3202 = CARTESIAN_POINT('',(-10.,-97.45,-18.07973887748));
#3203 = DIRECTION('',(1.,0.,0.));
#3204 = DIRECTION('',(0.,0.,1.));
#3205 = ADVANCED_FACE('',(#3206),#3217,.T.);
#3206 = FACE_BOUND('',#3207,.T.);
#3207 = EDGE_LOOP('',(#3208,#3209,#3215,#3216));
#3208 = ORIENTED_EDGE('',*,*,#3023,.T.);
#3209 = ORIENTED_EDGE('',*,*,#3210,.T.);
#3210 = EDGE_CURVE('',#3016,#2694,#3211,.T.);
#3211 = LINE('',#3212,#3213);
#3212 = CARTESIAN_POINT('',(-9.6,-89.65,-19.05294372515));
#3213 = VECTOR('',#3214,1.);
#3214 = DIRECTION('',(0.,0.,1.));
#3215 = ORIENTED_EDGE('',*,*,#2701,.F.);
#3216 = ORIENTED_EDGE('',*,*,#3195,.F.);
#3217 = CYLINDRICAL_SURFACE('',#3218,0.4);
#3218 = AXIS2_PLACEMENT_3D('',#3219,#3220,#3221);
#3219 = CARTESIAN_POINT('',(-9.6,-89.25,-19.05294372515));
#3220 = DIRECTION('',(0.,0.,1.));
#3221 = DIRECTION('',(-1.,0.,0.));
#3222 = ADVANCED_FACE('',(#3223),#3234,.F.);
#3223 = FACE_BOUND('',#3224,.F.);
#3224 = EDGE_LOOP('',(#3225,#3226,#3227,#3228));
#3225 = ORIENTED_EDGE('',*,*,#3015,.T.);
#3226 = ORIENTED_EDGE('',*,*,#3210,.T.);
#3227 = ORIENTED_EDGE('',*,*,#2693,.T.);
#3228 = ORIENTED_EDGE('',*,*,#3229,.F.);
#3229 = EDGE_CURVE('',#3007,#2686,#3230,.T.);
#3230 = LINE('',#3231,#3232);
#3231 = CARTESIAN_POINT('',(-9.,-89.65,-24.25));
#3232 = VECTOR('',#3233,1.);
#3233 = DIRECTION('',(0.,0.,1.));
#3234 = PLANE('',#3235);
#3235 = AXIS2_PLACEMENT_3D('',#3236,#3237,#3238);
#3236 = CARTESIAN_POINT('',(-10.,-89.65,-24.25));
#3237 = DIRECTION('',(0.,1.,0.));
#3238 = DIRECTION('',(1.,0.,0.));
#3239 = ADVANCED_FACE('',(#3240),#3251,.F.);
#3240 = FACE_BOUND('',#3241,.F.);
#3241 = EDGE_LOOP('',(#3242,#3243,#3244,#3245));
#3242 = ORIENTED_EDGE('',*,*,#3006,.T.);
#3243 = ORIENTED_EDGE('',*,*,#3229,.T.);
#3244 = ORIENTED_EDGE('',*,*,#2685,.T.);
#3245 = ORIENTED_EDGE('',*,*,#3246,.F.);
#3246 = EDGE_CURVE('',#2999,#2678,#3247,.T.);
#3247 = LINE('',#3248,#3249);
#3248 = CARTESIAN_POINT('',(-9.,-90.65,-24.25));
#3249 = VECTOR('',#3250,1.);
#3250 = DIRECTION('',(0.,0.,1.));
#3251 = PLANE('',#3252);
#3252 = AXIS2_PLACEMENT_3D('',#3253,#3254,#3255);
#3253 = CARTESIAN_POINT('',(-9.,-89.65,-24.25));
#3254 = DIRECTION('',(1.,0.,0.));
#3255 = DIRECTION('',(0.,-1.,0.));
#3256 = ADVANCED_FACE('',(#3257),#3268,.F.);
#3257 = FACE_BOUND('',#3258,.F.);
#3258 = EDGE_LOOP('',(#3259,#3260,#3261,#3262));
#3259 = ORIENTED_EDGE('',*,*,#2998,.F.);
#3260 = ORIENTED_EDGE('',*,*,#3246,.T.);
#3261 = ORIENTED_EDGE('',*,*,#2677,.T.);
#3262 = ORIENTED_EDGE('',*,*,#3263,.F.);
#3263 = EDGE_CURVE('',#2972,#2669,#3264,.T.);
#3264 = LINE('',#3265,#3266);
#3265 = CARTESIAN_POINT('',(-9.6,-90.65,-19.30777948981));
#3266 = VECTOR('',#3267,1.);
#3267 = DIRECTION('',(0.,0.,1.));
#3268 = PLANE('',#3269);
#3269 = AXIS2_PLACEMENT_3D('',#3270,#3271,#3272);
#3270 = CARTESIAN_POINT('',(-9.,-90.65,-24.25));
#3271 = DIRECTION('',(0.,-1.,0.));
#3272 = DIRECTION('',(-1.,0.,0.));
#3273 = ADVANCED_FACE('',(#3274),#3285,.T.);
#3274 = FACE_BOUND('',#3275,.F.);
#3275 = EDGE_LOOP('',(#3276,#3277,#3278,#3279));
#3276 = ORIENTED_EDGE('',*,*,#2971,.T.);
#3277 = ORIENTED_EDGE('',*,*,#3263,.T.);
#3278 = ORIENTED_EDGE('',*,*,#2668,.F.);
#3279 = ORIENTED_EDGE('',*,*,#3280,.F.);
#3280 = EDGE_CURVE('',#2963,#2661,#3281,.T.);
#3281 = LINE('',#3282,#3283);
#3282 = CARTESIAN_POINT('',(-10.,-91.05,-19.30777948981));
#3283 = VECTOR('',#3284,1.);
#3284 = DIRECTION('',(0.,0.,1.));
#3285 = CYLINDRICAL_SURFACE('',#3286,0.4);
#3286 = AXIS2_PLACEMENT_3D('',#3287,#3288,#3289);
#3287 = CARTESIAN_POINT('',(-9.6,-91.05,-19.30777948981));
#3288 = DIRECTION('',(0.,0.,1.));
#3289 = DIRECTION('',(-1.,0.,0.));
#3290 = ADVANCED_FACE('',(#3291),#3297,.F.);
#3291 = FACE_BOUND('',#3292,.F.);
#3292 = EDGE_LOOP('',(#3293,#3294,#3295,#3296));
#3293 = ORIENTED_EDGE('',*,*,#2962,.T.);
#3294 = ORIENTED_EDGE('',*,*,#3280,.T.);
#3295 = ORIENTED_EDGE('',*,*,#2660,.T.);
#3296 = ORIENTED_EDGE('',*,*,#3159,.F.);
#3297 = PLANE('',#3298);
#3298 = AXIS2_PLACEMENT_3D('',#3299,#3300,#3301);
#3299 = CARTESIAN_POINT('',(-10.,-97.45,-18.07973887748));
#3300 = DIRECTION('',(1.,0.,0.));
#3301 = DIRECTION('',(0.,0.,1.));
#3302 = ADVANCED_FACE('',(#3303),#3314,.F.);
#3303 = FACE_BOUND('',#3304,.F.);
#3304 = EDGE_LOOP('',(#3305,#3306,#3312,#3313));
#3305 = ORIENTED_EDGE('',*,*,#2775,.T.);
#3306 = ORIENTED_EDGE('',*,*,#3307,.T.);
#3307 = EDGE_CURVE('',#2776,#2553,#3308,.T.);
#3308 = LINE('',#3309,#3310);
#3309 = CARTESIAN_POINT('',(-9.,-105.65,-24.25));
#3310 = VECTOR('',#3311,1.);
#3311 = DIRECTION('',(0.,0.,1.));
#3312 = ORIENTED_EDGE('',*,*,#2552,.T.);
#3313 = ORIENTED_EDGE('',*,*,#2876,.F.);
#3314 = PLANE('',#3315);
#3315 = AXIS2_PLACEMENT_3D('',#3316,#3317,#3318);
#3316 = CARTESIAN_POINT('',(-9.,-105.65,-24.25));
#3317 = DIRECTION('',(1.,0.,0.));
#3318 = DIRECTION('',(0.,-1.,0.));
#3319 = ADVANCED_FACE('',(#3320),#3331,.F.);
#3320 = FACE_BOUND('',#3321,.F.);
#3321 = EDGE_LOOP('',(#3322,#3323,#3329,#3330));
#3322 = ORIENTED_EDGE('',*,*,#2784,.T.);
#3323 = ORIENTED_EDGE('',*,*,#3324,.T.);
#3324 = EDGE_CURVE('',#2785,#2561,#3325,.T.);
#3325 = LINE('',#3326,#3327);
#3326 = CARTESIAN_POINT('',(-9.6,-105.65,-19.12519231907));
#3327 = VECTOR('',#3328,1.);
#3328 = DIRECTION('',(0.,0.,1.));
#3329 = ORIENTED_EDGE('',*,*,#2560,.T.);
#3330 = ORIENTED_EDGE('',*,*,#3307,.F.);
#3331 = PLANE('',#3332);
#3332 = AXIS2_PLACEMENT_3D('',#3333,#3334,#3335);
#3333 = CARTESIAN_POINT('',(-10.,-105.65,-24.25));
#3334 = DIRECTION('',(0.,1.,0.));
#3335 = DIRECTION('',(1.,0.,0.));
#3336 = ADVANCED_FACE('',(#3337),#3348,.T.);
#3337 = FACE_BOUND('',#3338,.T.);
#3338 = EDGE_LOOP('',(#3339,#3340,#3341,#3342));
#3339 = ORIENTED_EDGE('',*,*,#2792,.T.);
#3340 = ORIENTED_EDGE('',*,*,#3324,.T.);
#3341 = ORIENTED_EDGE('',*,*,#2568,.F.);
#3342 = ORIENTED_EDGE('',*,*,#3343,.F.);
#3343 = EDGE_CURVE('',#2793,#2569,#3344,.T.);
#3344 = LINE('',#3345,#3346);
#3345 = CARTESIAN_POINT('',(-10.,-105.25,-19.12519231907));
#3346 = VECTOR('',#3347,1.);
#3347 = DIRECTION('',(0.,0.,1.));
#3348 = CYLINDRICAL_SURFACE('',#3349,0.4);
#3349 = AXIS2_PLACEMENT_3D('',#3350,#3351,#3352);
#3350 = CARTESIAN_POINT('',(-9.6,-105.25,-19.12519231907));
#3351 = DIRECTION('',(0.,0.,1.));
#3352 = DIRECTION('',(-1.,0.,0.));
#3353 = ADVANCED_FACE('',(#3354),#3365,.F.);
#3354 = FACE_BOUND('',#3355,.F.);
#3355 = EDGE_LOOP('',(#3356,#3357,#3363,#3364));
#3356 = ORIENTED_EDGE('',*,*,#2811,.T.);
#3357 = ORIENTED_EDGE('',*,*,#3358,.T.);
#3358 = EDGE_CURVE('',#2812,#2578,#3359,.T.);
#3359 = LINE('',#3360,#3361);
#3360 = CARTESIAN_POINT('',(-10.,-105.05,-19.12519231907));
#3361 = VECTOR('',#3362,1.);
#3362 = DIRECTION('',(0.,0.,1.));
#3363 = ORIENTED_EDGE('',*,*,#2577,.T.);
#3364 = ORIENTED_EDGE('',*,*,#3343,.F.);
#3365 = PLANE('',#3366);
#3366 = AXIS2_PLACEMENT_3D('',#3367,#3368,#3369);
#3367 = CARTESIAN_POINT('',(-10.,-97.45,-18.07973887748));
#3368 = DIRECTION('',(1.,0.,0.));
#3369 = DIRECTION('',(0.,0.,1.));
#3370 = ADVANCED_FACE('',(#3371),#3382,.T.);
#3371 = FACE_BOUND('',#3372,.T.);
#3372 = EDGE_LOOP('',(#3373,#3374,#3375,#3376));
#3373 = ORIENTED_EDGE('',*,*,#2820,.T.);
#3374 = ORIENTED_EDGE('',*,*,#3358,.T.);
#3375 = ORIENTED_EDGE('',*,*,#2585,.F.);
#3376 = ORIENTED_EDGE('',*,*,#3377,.F.);
#3377 = EDGE_CURVE('',#2821,#2586,#3378,.T.);
#3378 = LINE('',#3379,#3380);
#3379 = CARTESIAN_POINT('',(-9.6,-104.65,-19.12519231907));
#3380 = VECTOR('',#3381,1.);
#3381 = DIRECTION('',(0.,0.,1.));
#3382 = CYLINDRICAL_SURFACE('',#3383,0.4);
#3383 = AXIS2_PLACEMENT_3D('',#3384,#3385,#3386);
#3384 = CARTESIAN_POINT('',(-9.6,-105.05,-19.12519231907));
#3385 = DIRECTION('',(0.,0.,1.));
#3386 = DIRECTION('',(0.,1.,0.));
#3387 = ADVANCED_FACE('',(#3388),#3399,.F.);
#3388 = FACE_BOUND('',#3389,.F.);
#3389 = EDGE_LOOP('',(#3390,#3391,#3397,#3398));
#3390 = ORIENTED_EDGE('',*,*,#2839,.F.);
#3391 = ORIENTED_EDGE('',*,*,#3392,.T.);
#3392 = EDGE_CURVE('',#2840,#2595,#3393,.T.);
#3393 = LINE('',#3394,#3395);
#3394 = CARTESIAN_POINT('',(-9.,-104.65,-24.25));
#3395 = VECTOR('',#3396,1.);
#3396 = DIRECTION('',(0.,0.,1.));
#3397 = ORIENTED_EDGE('',*,*,#2594,.T.);
#3398 = ORIENTED_EDGE('',*,*,#3377,.F.);
#3399 = PLANE('',#3400);
#3400 = AXIS2_PLACEMENT_3D('',#3401,#3402,#3403);
#3401 = CARTESIAN_POINT('',(-9.,-104.65,-24.25));
#3402 = DIRECTION('',(0.,-1.,0.));
#3403 = DIRECTION('',(-1.,0.,0.));
#3404 = ADVANCED_FACE('',(#3405),#3411,.F.);
#3405 = FACE_BOUND('',#3406,.F.);
#3406 = EDGE_LOOP('',(#3407,#3408,#3409,#3410));
#3407 = ORIENTED_EDGE('',*,*,#2847,.T.);
#3408 = ORIENTED_EDGE('',*,*,#3104,.T.);
#3409 = ORIENTED_EDGE('',*,*,#2602,.T.);
#3410 = ORIENTED_EDGE('',*,*,#3392,.F.);
#3411 = PLANE('',#3412);
#3412 = AXIS2_PLACEMENT_3D('',#3413,#3414,#3415);
#3413 = CARTESIAN_POINT('',(-9.,-103.65,-24.25));
#3414 = DIRECTION('',(1.,0.,0.));
#3415 = DIRECTION('',(0.,-1.,0.));
#3416 = ( GEOMETRIC_REPRESENTATION_CONTEXT(3) 
GLOBAL_UNCERTAINTY_ASSIGNED_CONTEXT((#3420)) 
GLOBAL_UNIT_ASSIGNED_CONTEXT((#3417,#3418,#3419)) REPRESENTATION_CONTEXT
('Context #1','3D Context with UNIT and UNCERTAINTY') );
#3417 = ( LENGTH_UNIT() NAMED_UNIT(*) SI_UNIT(.MILLI.,.METRE.) );
#3418 = ( NAMED_UNIT(*) PLANE_ANGLE_UNIT() SI_UNIT($,.RADIAN.) );
#3419 = ( NAMED_UNIT(*) SI_UNIT($,.STERADIAN.) SOLID_ANGLE_UNIT() );
#3420 = UNCERTAINTY_MEASURE_WITH_UNIT(LENGTH_MEASURE(1.E-05),#3417,
  'distance_accuracy_value','confusion accuracy');
#3421 = PRODUCT_RELATED_PRODUCT_CATEGORY('part',$,(#7));
#3422 = MECHANICAL_DESIGN_GEOMETRIC_PRESENTATION_REPRESENTATION('',(
    #3423),#3416);
#3423 = STYLED_ITEM('color',(#3424),#15);
#3424 = PRESENTATION_STYLE_ASSIGNMENT((#3425,#3431));
#3425 = SURFACE_STYLE_USAGE(.BOTH.,#3426);
#3426 = SURFACE_SIDE_STYLE('',(#3427));
#3427 = SURFACE_STYLE_FILL_AREA(#3428);
#3428 = FILL_AREA_STYLE('',(#3429));
#3429 = FILL_AREA_STYLE_COLOUR('',#3430);
#3430 = COLOUR_RGB('',0.447058818107,0.474509808674,0.501960817233);
#3431 = CURVE_STYLE('',#3432,POSITIVE_LENGTH_MEASURE(0.1),#3433);
#3432 = DRAUGHTING_PRE_DEFINED_CURVE_FONT('continuous');
#3433 = COLOUR_RGB('',9.803921802644E-02,9.803921802644E-02,
  9.803921802644E-02);
ENDSEC;
END-ISO-10303-21;
